{
    "organizationCountry": "MX",
    "organizationName": "FEMSA Comercio",
    "businessName": "OXXO",
    "departmentId": "12NEO",
    "storeId": "52DUG",
    "numberOfRecords": "10",
    "searchId": "000000000000000000000000",
    "searchDate": "2024-10-31 02:18:07",
    "promotions": [
        {
            "lineNumber": "1",
            "folio": "  19705371",
            "itemCategory": " 1",
            "type": "03",
            "startDate": "20241101",
            "endDate": "20241202",
            "itemSku": "   7501064194214",
            "category": "",
            "providerType": "0",
            "requiredQuantity": "001.000",
            "discount": "00200.000",
            "discountType": " ",
            "optative": " ",
            "description": "Corona Light 12 Pack 355ml $200         ",
            "itemSubcategory": "",
            "itemSegment": "",
            "itemSubsegment": "",
            "durationCode": "1000023591111111",
            "grouper": "000.000",
            "percent": "000.00",
            "optativeOne": " ",
            "sent": " ",
            "action": "A",
            "binCode": "",
            "messagePsg": ""
        },
        {
            "lineNumber": "2",
            "folio": "  19705373",
            "itemCategory": " 1",
            "type": "00",
            "startDate": "20241101",
            "endDate": "20241202",
            "itemSku": "   7501064101205",
            "category": "",
            "providerType": "0",
            "requiredQuantity": "002.000",
            "discount": "00087.000",
            "discountType": "F",
            "optative": "1",
            "description": "Corona Extra o Victoria 1.2L 2x$87      ",
            "itemSubcategory": "    ",
            "itemSegment": "    ",
            "itemSubsegment": "    ",
            "durationCode": "1000023591111111",
            "grouper": "001.000",
            "percent": "000.00",
            "optativeOne": " ",
            "sent": " ",
            "action": "A",
            "binCode": "",
            "messagePsg": ""
        },
        {
            "lineNumber": "3",
            "folio": "  19705373",
            "itemCategory": " 1",
            "type": "00",
            "startDate": "20241101",
            "endDate": "20241202",
            "itemSku": "   7501064191909",
            "category": "",
            "providerType": "0",
            "requiredQuantity": "002.000",
            "discount": "00087.000",
            "discountType": "F",
            "optative": "1",
            "description": "Corona Extra o Victoria 1.2L 2x$87      ",
            "itemSubcategory": "    ",
            "itemSegment": "    ",
            "itemSubsegment": "    ",
            "durationCode": "1000023591111111",
            "grouper": "001.000",
            "percent": "000.00",
            "optativeOne": " ",
            "sent": " ",
            "action": "A",
            "binCode": "",
            "messagePsg": ""
        },
        {
            "lineNumber": "4",
            "folio": "  19705374",
            "itemCategory": " 1",
            "type": "00",
            "startDate": "20241101",
            "endDate": "20241202",
            "itemSku": "   7501064194962",
            "category": "",
            "providerType": "0",
            "requiredQuantity": "004.000",
            "discount": "00094.000",
            "discountType": "F",
            "optative": "1",
            "description": "Cor Extra Light o Vic 473 ml 4x$94      ",
            "itemSubcategory": "    ",
            "itemSegment": "    ",
            "itemSubsegment": "    ",
            "durationCode": "1000023591111111",
            "grouper": "001.000",
            "percent": "000.00",
            "optativeOne": " ",
            "sent": " ",
            "action": "A",
            "binCode": "",
            "messagePsg": ""
        },
        {
            "lineNumber": "5",
            "folio": "  19705374",
            "itemCategory": " 1",
            "type": "00",
            "startDate": "20241101",
            "endDate": "20241202",
            "itemSku": "   7501064193859",
            "category": "",
            "providerType": "0",
            "requiredQuantity": "004.000",
            "discount": "00094.000",
            "discountType": "F",
            "optative": "1",
            "description": "Cor Extra Light o Vic 473 ml 4x$94      ",
            "itemSubcategory": "    ",
            "itemSegment": "    ",
            "itemSubsegment": "    ",
            "durationCode": "1000023591111111",
            "grouper": "001.000",
            "percent": "000.00",
            "optativeOne": " ",
            "sent": " ",
            "action": "A",
            "binCode": "",
            "messagePsg": ""
        },
        {
            "lineNumber": "6",
            "folio": "  19705374",
            "itemCategory": " 1",
            "type": "00",
            "startDate": "20241101",
            "endDate": "20241202",
            "itemSku": "   7501064194139",
            "category": "",
            "providerType": "0",
            "requiredQuantity": "004.000",
            "discount": "00094.000",
            "discountType": "F",
            "optative": "1",
            "description": "Cor Extra Light o Vic 473 ml 4x$94      ",
            "itemSubcategory": "    ",
            "itemSegment": "    ",
            "itemSubsegment": "    ",
            "durationCode": "1000023591111111",
            "grouper": "001.000",
            "percent": "000.00",
            "optativeOne": " ",
            "sent": " ",
            "action": "A",
            "binCode": "",
            "messagePsg": ""
        },
        {
            "lineNumber": "7",
            "folio": "  19705375",
            "itemCategory": " 1",
            "type": "00",
            "startDate": "20241101",
            "endDate": "20241202",
            "itemSku": "   7501064191886",
            "category": "",
            "providerType": "0",
            "requiredQuantity": "004.000",
            "discount": "00100.000",
            "discountType": "F",
            "optative": "1",
            "description": "Cerveza Model Esp Laton 473ml 4X$100    ",
            "itemSubcategory": "    ",
            "itemSegment": "    ",
            "itemSubsegment": "    ",
            "durationCode": "1000023591111111",
            "grouper": "001.000",
            "percent": "000.00",
            "optativeOne": " ",
            "sent": " ",
            "action": "A",
            "binCode": "",
            "messagePsg": ""
        },
        {
            "lineNumber": "8",
            "folio": "  19705376",
            "itemCategory": " 1",
            "type": "00",
            "startDate": "20241101",
            "endDate": "20241202",
            "itemSku": "   7501064107153",
            "category": "",
            "providerType": "0",
            "requiredQuantity": "006.000",
            "discount": "00100.000",
            "discountType": "F",
            "optative": "1",
            "description": "Cerveza Corona Light Lata 355ml 6x$100  ",
            "itemSubcategory": "    ",
            "itemSegment": "    ",
            "itemSubsegment": "    ",
            "durationCode": "1000023591111111",
            "grouper": "001.000",
            "percent": "000.00",
            "optativeOne": " ",
            "sent": " ",
            "action": "A",
            "binCode": "",
            "messagePsg": ""
        },
        {
            "lineNumber": "9",
            "folio": "  19705378",
            "itemCategory": " 1",
            "type": "00",
            "startDate": "20241101",
            "endDate": "20241202",
            "itemSku": "   7501064198168",
            "category": "",
            "providerType": "0",
            "requiredQuantity": "006.000",
            "discount": "00115.000",
            "discountType": "F",
            "optative": "1",
            "description": "Cerveza Michelob UB 355 ml 6x$115       ",
            "itemSubcategory": "    ",
            "itemSegment": "    ",
            "itemSubsegment": "    ",
            "durationCode": "1000023591111111",
            "grouper": "001.000",
            "percent": "000.00",
            "optativeOne": " ",
            "sent": " ",
            "action": "A",
            "binCode": "",
            "messagePsg": ""
        },
        {
            "lineNumber": "10",
            "folio": "  19705379",
            "itemCategory": " 1",
            "type": "00",
            "startDate": "20241101",
            "endDate": "20241202",
            "itemSku": "        75027278",
            "category": "",
            "providerType": "0",
            "requiredQuantity": "006.000",
            "discount": "00135.000",
            "discountType": "F",
            "optative": "1",
            "description": "Cerveza Modelo EB 355 ml 6x$135         ",
            "itemSubcategory": "    ",
            "itemSegment": "    ",
            "itemSubsegment": "    ",
            "durationCode": "1000023591111111",
            "grouper": "001.000",
            "percent": "000.00",
            "optativeOne": " ",
            "sent": " ",
            "action": "A",
            "binCode": "",
            "messagePsg": ""
        }
    ]
}