{
    "organizationCountry": "MX",
    "organizationName": "FEMSA Comercio",
    "businessName": "OXXO",
    "departmentId": "12NEO",
    "storeId": "52DUG",
    "numberOfRecords": "12",
    "searchId": "000000000000000000000000",
    "searchDate": "2025-01-07 20:50:20",
    "promotions": [
        {
            "lineNumber": "1",
            "folio": "  19708488",
            "itemCategory": " 1",
            "type": "00",
            "startDate": "20250108",
            "endDate": "20250204",
            "itemSku": "   7500810011126",
            "category": "",
            "providerType": "0",
            "requiredQuantity": "002.000",
            "discount": "00035.000",
            "discountType": "F",
            "optative": "1",
            "description": "Principe Chocolate 126g 2x$35           ",
            "itemSubcategory": "    ",
            "itemSegment": "    ",
            "itemSubsegment": "    ",
            "durationCode": "1000023591111111",
            "grouper": "001.000",
            "percent": "000.00",
            "optativeOne": " ",
            "sent": " ",
            "action": "A",
            "binCode": "",
            "messagePsg": ""
        },
        {
            "lineNumber": "2",
            "folio": "  19708489",
            "itemCategory": " 1",
            "type": "00",
            "startDate": "20250108",
            "endDate": "20250204",
            "itemSku": "   7501027573919",
            "category": "",
            "providerType": "0",
            "requiredQuantity": "002.000",
            "discount": "00035.000",
            "discountType": "F",
            "optative": "1",
            "description": "Toal Humedas KBB y/o bib EVEN8oz 2x$35. ",
            "itemSubcategory": "    ",
            "itemSegment": "    ",
            "itemSubsegment": "    ",
            "durationCode": "1000023591111111",
            "grouper": "001.000",
            "percent": "000.00",
            "optativeOne": " ",
            "sent": " ",
            "action": "A",
            "binCode": "",
            "messagePsg": ""
        },
        {
            "lineNumber": "3",
            "folio": "  19708489",
            "itemCategory": " 1",
            "type": "00",
            "startDate": "20250108",
            "endDate": "20250204",
            "itemSku": "   7501943471900",
            "category": "",
            "providerType": "0",
            "requiredQuantity": "002.000",
            "discount": "00035.000",
            "discountType": "F",
            "optative": "1",
            "description": "Toal Humedas KBB y/o bib EVEN8oz 2x$35. ",
            "itemSubcategory": "    ",
            "itemSegment": "    ",
            "itemSubsegment": "    ",
            "durationCode": "1000023591111111",
            "grouper": "001.000",
            "percent": "000.00",
            "optativeOne": " ",
            "sent": " ",
            "action": "A",
            "binCode": "",
            "messagePsg": ""
        },
        {
            "lineNumber": "4",
            "folio": "  19708494",
            "itemCategory": " 1",
            "type": "03",
            "startDate": "20250108",
            "endDate": "20250204",
            "itemSku": "   7501052421254",
            "category": "",
            "providerType": "0",
            "requiredQuantity": "001.000",
            "discount": "00015.000",
            "discountType": " ",
            "optative": " ",
            "description": "PSP SIMPLES NACIONAL B01                ",
            "itemSubcategory": "",
            "itemSegment": "",
            "itemSubsegment": "",
            "durationCode": "1000023591111111",
            "grouper": "000.000",
            "percent": "000.00",
            "optativeOne": " ",
            "sent": " ",
            "action": "A",
            "binCode": "",
            "messagePsg": ""
        },
        {
            "lineNumber": "5",
            "folio": "  19708494",
            "itemCategory": " 1",
            "type": "03",
            "startDate": "20250108",
            "endDate": "20250204",
            "itemSku": "   7501052420431",
            "category": "",
            "providerType": "0",
            "requiredQuantity": "001.000",
            "discount": "00016.000",
            "discountType": " ",
            "optative": " ",
            "description": "PSP SIMPLES NACIONAL B01                ",
            "itemSubcategory": "",
            "itemSegment": "",
            "itemSubsegment": "",
            "durationCode": "1000023591111111",
            "grouper": "000.000",
            "percent": "000.00",
            "optativeOne": " ",
            "sent": " ",
            "action": "A",
            "binCode": "",
            "messagePsg": ""
        },
        {
            "lineNumber": "6",
            "folio": "  19708494",
            "itemCategory": " 1",
            "type": "03",
            "startDate": "20250108",
            "endDate": "20250204",
            "itemSku": "   7501052420172",
            "category": "",
            "providerType": "0",
            "requiredQuantity": "001.000",
            "discount": "00015.000",
            "discountType": " ",
            "optative": " ",
            "description": "PSP SIMPLES NACIONAL B01                ",
            "itemSubcategory": "",
            "itemSegment": "",
            "itemSubsegment": "",
            "durationCode": "1000023591111111",
            "grouper": "000.000",
            "percent": "000.00",
            "optativeOne": " ",
            "sent": " ",
            "action": "A",
            "binCode": "",
            "messagePsg": ""
        },
        {
            "lineNumber": "7",
            "folio": "  19708494",
            "itemCategory": " 1",
            "type": "03",
            "startDate": "20250108",
            "endDate": "20250204",
            "itemSku": "   7501052472102",
            "category": "",
            "providerType": "0",
            "requiredQuantity": "001.000",
            "discount": "00015.000",
            "discountType": " ",
            "optative": " ",
            "description": "PSP SIMPLES NACIONAL B01                ",
            "itemSubcategory": "",
            "itemSegment": "",
            "itemSubsegment": "",
            "durationCode": "1000023591111111",
            "grouper": "000.000",
            "percent": "000.00",
            "optativeOne": " ",
            "sent": " ",
            "action": "A",
            "binCode": "",
            "messagePsg": ""
        },
        {
            "lineNumber": "8",
            "folio": "  19708494",
            "itemCategory": " 1",
            "type": "03",
            "startDate": "20250108",
            "endDate": "20250204",
            "itemSku": "   7501052474076",
            "category": "",
            "providerType": "0",
            "requiredQuantity": "001.000",
            "discount": "00038.000",
            "discountType": " ",
            "optative": " ",
            "description": "PSP SIMPLES NACIONAL B01                ",
            "itemSubcategory": "",
            "itemSegment": "",
            "itemSubsegment": "",
            "durationCode": "1000023591111111",
            "grouper": "000.000",
            "percent": "000.00",
            "optativeOne": " ",
            "sent": " ",
            "action": "A",
            "binCode": "",
            "messagePsg": ""
        },
        {
            "lineNumber": "9",
            "folio": "  19708494",
            "itemCategory": " 1",
            "type": "03",
            "startDate": "20250108",
            "endDate": "20250204",
            "itemSku": "   7502294223088",
            "category": "",
            "providerType": "0",
            "requiredQuantity": "001.000",
            "discount": "00020.000",
            "discountType": " ",
            "optative": " ",
            "description": "PSP SIMPLES NACIONAL B01                ",
            "itemSubcategory": "",
            "itemSegment": "",
            "itemSubsegment": "",
            "durationCode": "1000023591111111",
            "grouper": "000.000",
            "percent": "000.00",
            "optativeOne": " ",
            "sent": " ",
            "action": "A",
            "binCode": "",
            "messagePsg": ""
        },
        {
            "lineNumber": "10",
            "folio": "  19708494",
            "itemCategory": " 1",
            "type": "03",
            "startDate": "20250108",
            "endDate": "20250204",
            "itemSku": "   7501052421513",
            "category": "",
            "providerType": "0",
            "requiredQuantity": "001.000",
            "discount": "00019.000",
            "discountType": " ",
            "optative": " ",
            "description": "PSP SIMPLES NACIONAL B01                ",
            "itemSubcategory": "",
            "itemSegment": "",
            "itemSubsegment": "",
            "durationCode": "1000023591111111",
            "grouper": "000.000",
            "percent": "000.00",
            "optativeOne": " ",
            "sent": " ",
            "action": "A",
            "binCode": "",
            "messagePsg": ""
        },
        {
            "lineNumber": "11",
            "folio": "  19708513",
            "itemCategory": " 1",
            "type": "03",
            "startDate": "20250108",
            "endDate": "20250204",
            "itemSku": "   7506205807640",
            "category": "",
            "providerType": "0",
            "requiredQuantity": "001.000",
            "discount": "00044.000",
            "discountType": " ",
            "optative": " ",
            "description": "PSP SIMPLES NACIONAL B01                ",
            "itemSubcategory": "",
            "itemSegment": "",
            "itemSubsegment": "",
            "durationCode": "1000023591111111",
            "grouper": "000.000",
            "percent": "000.00",
            "optativeOne": " ",
            "sent": " ",
            "action": "A",
            "binCode": "",
            "messagePsg": ""
        },
        {
            "lineNumber": "12",
            "folio": "  19708513",
            "itemCategory": " 1",
            "type": "03",
            "startDate": "20250108",
            "endDate": "20250204",
            "itemSku": "   7506205807596",
            "category": "",
            "providerType": "0",
            "requiredQuantity": "001.000",
            "discount": "00044.000",
            "discountType": " ",
            "optative": " ",
            "description": "PSP SIMPLES NACIONAL B01                ",
            "itemSubcategory": "",
            "itemSegment": "",
            "itemSubsegment": "",
            "durationCode": "1000023591111111",
            "grouper": "000.000",
            "percent": "000.00",
            "optativeOne": " ",
            "sent": " ",
            "action": "A",
            "binCode": "",
            "messagePsg": ""
        }
    ]
}