{
    "organizationCountry": "MX",
    "organizationName": "FEMSA Comercio",
    "businessName": "OXXO",
    "departmentId": "12NEO",
    "storeId": "52DUG",
    "numberOfRecords": "101",
    "searchId": "000000000000000000000000",
    "searchDate": "2024-11-15 13:50:14",
    "promotions": [
        {
            "lineNumber": "1",
            "folio": "  19705264",
            "itemCategory": " 1",
            "type": "03",
            "startDate": "19900101",
            "endDate": "20241114",
            "itemSku": "   7500383180533",
            "category": "",
            "providerType": "0",
            "requiredQuantity": "001.000",
            "discount": "00020.000",
            "discountType": " ",
            "optative": " ",
            "description": "RYC B11 $5.00 2024                      ",
            "itemSubcategory": "",
            "itemSegment": "",
            "itemSubsegment": "",
            "durationCode": "1000023591111111",
            "grouper": "000.000",
            "percent": "000.00",
            "optativeOne": " ",
            "sent": " ",
            "action": "F",
            "binCode": "",
            "messagePsg": ""
        },
        {
            "lineNumber": "2",
            "folio": "  19705264",
            "itemCategory": " 1",
            "type": "03",
            "startDate": "19900101",
            "endDate": "20241114",
            "itemSku": "   7500383065649",
            "category": "",
            "providerType": "0",
            "requiredQuantity": "001.000",
            "discount": "00020.000",
            "discountType": " ",
            "optative": " ",
            "description": "RYC B11 $5.00 2024                      ",
            "itemSubcategory": "",
            "itemSegment": "",
            "itemSubsegment": "",
            "durationCode": "1000023591111111",
            "grouper": "000.000",
            "percent": "000.00",
            "optativeOne": " ",
            "sent": " ",
            "action": "F",
            "binCode": "",
            "messagePsg": ""
        },
        {
            "lineNumber": "3",
            "folio": "  19705264",
            "itemCategory": " 1",
            "type": "03",
            "startDate": "19900101",
            "endDate": "20241114",
            "itemSku": "   7501055343447",
            "category": "",
            "providerType": "0",
            "requiredQuantity": "001.000",
            "discount": "00009.000",
            "discountType": " ",
            "optative": " ",
            "description": "RYC B11 $5.00 2024                      ",
            "itemSubcategory": "",
            "itemSegment": "",
            "itemSubsegment": "",
            "durationCode": "1000023591111111",
            "grouper": "000.000",
            "percent": "000.00",
            "optativeOne": " ",
            "sent": " ",
            "action": "F",
            "binCode": "",
            "messagePsg": ""
        },
        {
            "lineNumber": "4",
            "folio": "  19705264",
            "itemCategory": " 1",
            "type": "03",
            "startDate": "19900101",
            "endDate": "20241114",
            "itemSku": "   7501017005345",
            "category": "",
            "providerType": "0",
            "requiredQuantity": "001.000",
            "discount": "00010.500",
            "discountType": " ",
            "optative": " ",
            "description": "RYC B11 $5.00 2024                      ",
            "itemSubcategory": "",
            "itemSegment": "",
            "itemSubsegment": "",
            "durationCode": "1000023591111111",
            "grouper": "000.000",
            "percent": "000.00",
            "optativeOne": " ",
            "sent": " ",
            "action": "F",
            "binCode": "",
            "messagePsg": ""
        },
        {
            "lineNumber": "5",
            "folio": "  19705264",
            "itemCategory": " 1",
            "type": "03",
            "startDate": "19900101",
            "endDate": "20241114",
            "itemSku": "   7500810020524",
            "category": "",
            "providerType": "0",
            "requiredQuantity": "001.000",
            "discount": "00010.000",
            "discountType": " ",
            "optative": " ",
            "description": "RYC B11 $5.00 2024                      ",
            "itemSubcategory": "",
            "itemSegment": "",
            "itemSubsegment": "",
            "durationCode": "1000023591111111",
            "grouper": "000.000",
            "percent": "000.00",
            "optativeOne": " ",
            "sent": " ",
            "action": "F",
            "binCode": "",
            "messagePsg": ""
        },
        {
            "lineNumber": "6",
            "folio": "  19705264",
            "itemCategory": " 1",
            "type": "03",
            "startDate": "19900101",
            "endDate": "20241114",
            "itemSku": "   7500383180557",
            "category": "",
            "providerType": "0",
            "requiredQuantity": "001.000",
            "discount": "00020.000",
            "discountType": " ",
            "optative": " ",
            "description": "RYC B11 $5.00 2024                      ",
            "itemSubcategory": "",
            "itemSegment": "",
            "itemSubsegment": "",
            "durationCode": "1000023591111111",
            "grouper": "000.000",
            "percent": "000.00",
            "optativeOne": " ",
            "sent": " ",
            "action": "F",
            "binCode": "",
            "messagePsg": ""
        },
        {
            "lineNumber": "7",
            "folio": "  19705264",
            "itemCategory": " 1",
            "type": "03",
            "startDate": "19900101",
            "endDate": "20241114",
            "itemSku": "   7500383180540",
            "category": "",
            "providerType": "0",
            "requiredQuantity": "001.000",
            "discount": "00020.000",
            "discountType": " ",
            "optative": " ",
            "description": "RYC B11 $5.00 2024                      ",
            "itemSubcategory": "",
            "itemSegment": "",
            "itemSubsegment": "",
            "durationCode": "1000023591111111",
            "grouper": "000.000",
            "percent": "000.00",
            "optativeOne": " ",
            "sent": " ",
            "action": "F",
            "binCode": "",
            "messagePsg": ""
        },
        {
            "lineNumber": "8",
            "folio": "  19705266",
            "itemCategory": " 1",
            "type": "03",
            "startDate": "19900101",
            "endDate": "20241114",
            "itemSku": "   7500478013678",
            "category": "",
            "providerType": "0",
            "requiredQuantity": "001.000",
            "discount": "00015.000",
            "discountType": " ",
            "optative": " ",
            "description": "RYC B11 $7.00 2024                      ",
            "itemSubcategory": "",
            "itemSegment": "",
            "itemSubsegment": "",
            "durationCode": "1000023591111111",
            "grouper": "000.000",
            "percent": "000.00",
            "optativeOne": " ",
            "sent": " ",
            "action": "F",
            "binCode": "",
            "messagePsg": ""
        },
        {
            "lineNumber": "9",
            "folio": "  19705266",
            "itemCategory": " 1",
            "type": "03",
            "startDate": "19900101",
            "endDate": "20241114",
            "itemSku": "   7501006733907",
            "category": "",
            "providerType": "0",
            "requiredQuantity": "001.000",
            "discount": "00026.000",
            "discountType": " ",
            "optative": " ",
            "description": "RYC B11 $7.00 2024                      ",
            "itemSubcategory": "",
            "itemSegment": "",
            "itemSubsegment": "",
            "durationCode": "1000023591111111",
            "grouper": "000.000",
            "percent": "000.00",
            "optativeOne": " ",
            "sent": " ",
            "action": "F",
            "binCode": "",
            "messagePsg": ""
        },
        {
            "lineNumber": "10",
            "folio": "  19705266",
            "itemCategory": " 1",
            "type": "03",
            "startDate": "19900101",
            "endDate": "20241114",
            "itemSku": "   7501017004362",
            "category": "",
            "providerType": "0",
            "requiredQuantity": "001.000",
            "discount": "00014.500",
            "discountType": " ",
            "optative": " ",
            "description": "RYC B11 $7.00 2024                      ",
            "itemSubcategory": "",
            "itemSegment": "",
            "itemSubsegment": "",
            "durationCode": "1000023591111111",
            "grouper": "000.000",
            "percent": "000.00",
            "optativeOne": " ",
            "sent": " ",
            "action": "F",
            "binCode": "",
            "messagePsg": ""
        },
        {
            "lineNumber": "11",
            "folio": "  19705266",
            "itemCategory": " 1",
            "type": "03",
            "startDate": "19900101",
            "endDate": "20241114",
            "itemSku": "   7501039400937",
            "category": "",
            "providerType": "0",
            "requiredQuantity": "001.000",
            "discount": "00009.500",
            "discountType": " ",
            "optative": " ",
            "description": "RYC B11 $7.00 2024                      ",
            "itemSubcategory": "",
            "itemSegment": "",
            "itemSubsegment": "",
            "durationCode": "1000023591111111",
            "grouper": "000.000",
            "percent": "000.00",
            "optativeOne": " ",
            "sent": " ",
            "action": "F",
            "binCode": "",
            "messagePsg": ""
        },
        {
            "lineNumber": "12",
            "folio": "  19705266",
            "itemCategory": " 1",
            "type": "03",
            "startDate": "19900101",
            "endDate": "20241114",
            "itemSku": "   7501039400951",
            "category": "",
            "providerType": "0",
            "requiredQuantity": "001.000",
            "discount": "00009.500",
            "discountType": " ",
            "optative": " ",
            "description": "RYC B11 $7.00 2024                      ",
            "itemSubcategory": "",
            "itemSegment": "",
            "itemSubsegment": "",
            "durationCode": "1000023591111111",
            "grouper": "000.000",
            "percent": "000.00",
            "optativeOne": " ",
            "sent": " ",
            "action": "F",
            "binCode": "",
            "messagePsg": ""
        },
        {
            "lineNumber": "13",
            "folio": "  19705266",
            "itemCategory": " 1",
            "type": "03",
            "startDate": "19900101",
            "endDate": "20241114",
            "itemSku": "   7501052420165",
            "category": "",
            "providerType": "0",
            "requiredQuantity": "001.000",
            "discount": "00016.500",
            "discountType": " ",
            "optative": " ",
            "description": "RYC B11 $7.00 2024                      ",
            "itemSubcategory": "",
            "itemSegment": "",
            "itemSubsegment": "",
            "durationCode": "1000023591111111",
            "grouper": "000.000",
            "percent": "000.00",
            "optativeOne": " ",
            "sent": " ",
            "action": "F",
            "binCode": "",
            "messagePsg": ""
        },
        {
            "lineNumber": "14",
            "folio": "  19705266",
            "itemCategory": " 1",
            "type": "03",
            "startDate": "19900101",
            "endDate": "20241114",
            "itemSku": "   7501125104343",
            "category": "",
            "providerType": "0",
            "requiredQuantity": "001.000",
            "discount": "00024.000",
            "discountType": " ",
            "optative": " ",
            "description": "RYC B11 $7.00 2024                      ",
            "itemSubcategory": "",
            "itemSegment": "",
            "itemSubsegment": "",
            "durationCode": "1000023591111111",
            "grouper": "000.000",
            "percent": "000.00",
            "optativeOne": " ",
            "sent": " ",
            "action": "F",
            "binCode": "",
            "messagePsg": ""
        },
        {
            "lineNumber": "15",
            "folio": "  19705266",
            "itemCategory": " 1",
            "type": "03",
            "startDate": "19900101",
            "endDate": "20241114",
            "itemSku": "   7501125149221",
            "category": "",
            "providerType": "0",
            "requiredQuantity": "001.000",
            "discount": "00024.000",
            "discountType": " ",
            "optative": " ",
            "description": "RYC B11 $7.00 2024                      ",
            "itemSubcategory": "",
            "itemSegment": "",
            "itemSubsegment": "",
            "durationCode": "1000023591111111",
            "grouper": "000.000",
            "percent": "000.00",
            "optativeOne": " ",
            "sent": " ",
            "action": "F",
            "binCode": "",
            "messagePsg": ""
        },
        {
            "lineNumber": "16",
            "folio": "  19705266",
            "itemCategory": " 1",
            "type": "03",
            "startDate": "19900101",
            "endDate": "20241114",
            "itemSku": "   7501206901168",
            "category": "",
            "providerType": "0",
            "requiredQuantity": "001.000",
            "discount": "00017.000",
            "discountType": " ",
            "optative": " ",
            "description": "RYC B11 $7.00 2024                      ",
            "itemSubcategory": "",
            "itemSegment": "",
            "itemSubsegment": "",
            "durationCode": "1000023591111111",
            "grouper": "000.000",
            "percent": "000.00",
            "optativeOne": " ",
            "sent": " ",
            "action": "F",
            "binCode": "",
            "messagePsg": ""
        },
        {
            "lineNumber": "17",
            "folio": "  19705266",
            "itemCategory": " 1",
            "type": "03",
            "startDate": "19900101",
            "endDate": "20241114",
            "itemSku": "   7500478013654",
            "category": "",
            "providerType": "0",
            "requiredQuantity": "001.000",
            "discount": "00015.000",
            "discountType": " ",
            "optative": " ",
            "description": "RYC B11 $7.00 2024                      ",
            "itemSubcategory": "",
            "itemSegment": "",
            "itemSubsegment": "",
            "durationCode": "1000023591111111",
            "grouper": "000.000",
            "percent": "000.00",
            "optativeOne": " ",
            "sent": " ",
            "action": "F",
            "binCode": "",
            "messagePsg": ""
        },
        {
            "lineNumber": "18",
            "folio": "  19705266",
            "itemCategory": " 1",
            "type": "03",
            "startDate": "19900101",
            "endDate": "20241114",
            "itemSku": "   7500478008926",
            "category": "",
            "providerType": "0",
            "requiredQuantity": "001.000",
            "discount": "00012.500",
            "discountType": " ",
            "optative": " ",
            "description": "RYC B11 $7.00 2024                      ",
            "itemSubcategory": "",
            "itemSegment": "",
            "itemSubsegment": "",
            "durationCode": "1000023591111111",
            "grouper": "000.000",
            "percent": "000.00",
            "optativeOne": " ",
            "sent": " ",
            "action": "F",
            "binCode": "",
            "messagePsg": ""
        },
        {
            "lineNumber": "19",
            "folio": "  19705266",
            "itemCategory": " 1",
            "type": "03",
            "startDate": "19900101",
            "endDate": "20241114",
            "itemSku": "   7500435230520",
            "category": "",
            "providerType": "0",
            "requiredQuantity": "001.000",
            "discount": "00030.500",
            "discountType": " ",
            "optative": " ",
            "description": "RYC B11 $7.00 2024                      ",
            "itemSubcategory": "",
            "itemSegment": "",
            "itemSubsegment": "",
            "durationCode": "1000023591111111",
            "grouper": "000.000",
            "percent": "000.00",
            "optativeOne": " ",
            "sent": " ",
            "action": "F",
            "binCode": "",
            "messagePsg": ""
        },
        {
            "lineNumber": "20",
            "folio": "  19705266",
            "itemCategory": " 1",
            "type": "03",
            "startDate": "19900101",
            "endDate": "20241114",
            "itemSku": "   7500383092645",
            "category": "",
            "providerType": "0",
            "requiredQuantity": "001.000",
            "discount": "00025.000",
            "discountType": " ",
            "optative": " ",
            "description": "RYC B11 $7.00 2024                      ",
            "itemSubcategory": "",
            "itemSegment": "",
            "itemSubsegment": "",
            "durationCode": "1000023591111111",
            "grouper": "000.000",
            "percent": "000.00",
            "optativeOne": " ",
            "sent": " ",
            "action": "F",
            "binCode": "",
            "messagePsg": ""
        },
        {
            "lineNumber": "21",
            "folio": "  19705266",
            "itemCategory": " 1",
            "type": "03",
            "startDate": "19900101",
            "endDate": "20241114",
            "itemSku": "   7500383050034",
            "category": "",
            "providerType": "0",
            "requiredQuantity": "001.000",
            "discount": "00025.000",
            "discountType": " ",
            "optative": " ",
            "description": "RYC B11 $7.00 2024                      ",
            "itemSubcategory": "",
            "itemSegment": "",
            "itemSubsegment": "",
            "durationCode": "1000023591111111",
            "grouper": "000.000",
            "percent": "000.00",
            "optativeOne": " ",
            "sent": " ",
            "action": "F",
            "binCode": "",
            "messagePsg": ""
        },
        {
            "lineNumber": "22",
            "folio": "  19705266",
            "itemCategory": " 1",
            "type": "03",
            "startDate": "19900101",
            "endDate": "20241114",
            "itemSku": "    078917219044",
            "category": "",
            "providerType": "0",
            "requiredQuantity": "001.000",
            "discount": "00010.000",
            "discountType": " ",
            "optative": " ",
            "description": "RYC B11 $7.00 2024                      ",
            "itemSubcategory": "",
            "itemSegment": "",
            "itemSubsegment": "",
            "durationCode": "1000023591111111",
            "grouper": "000.000",
            "percent": "000.00",
            "optativeOne": " ",
            "sent": " ",
            "action": "F",
            "binCode": "",
            "messagePsg": ""
        },
        {
            "lineNumber": "23",
            "folio": "  19705266",
            "itemCategory": " 1",
            "type": "03",
            "startDate": "19900101",
            "endDate": "20241114",
            "itemSku": "    078917162098",
            "category": "",
            "providerType": "0",
            "requiredQuantity": "001.000",
            "discount": "00010.000",
            "discountType": " ",
            "optative": " ",
            "description": "RYC B11 $7.00 2024                      ",
            "itemSubcategory": "",
            "itemSegment": "",
            "itemSubsegment": "",
            "durationCode": "1000023591111111",
            "grouper": "000.000",
            "percent": "000.00",
            "optativeOne": " ",
            "sent": " ",
            "action": "F",
            "binCode": "",
            "messagePsg": ""
        },
        {
            "lineNumber": "24",
            "folio": "  19705266",
            "itemCategory": " 1",
            "type": "03",
            "startDate": "19900101",
            "endDate": "20241114",
            "itemSku": "   7503046131224",
            "category": "",
            "providerType": "0",
            "requiredQuantity": "001.000",
            "discount": "00024.000",
            "discountType": " ",
            "optative": " ",
            "description": "RYC B11 $7.00 2024                      ",
            "itemSubcategory": "",
            "itemSegment": "",
            "itemSubsegment": "",
            "durationCode": "1000023591111111",
            "grouper": "000.000",
            "percent": "000.00",
            "optativeOne": " ",
            "sent": " ",
            "action": "F",
            "binCode": "",
            "messagePsg": ""
        },
        {
            "lineNumber": "25",
            "folio": "  19705266",
            "itemCategory": " 1",
            "type": "03",
            "startDate": "19900101",
            "endDate": "20241114",
            "itemSku": "   7506267915666",
            "category": "",
            "providerType": "0",
            "requiredQuantity": "001.000",
            "discount": "00028.000",
            "discountType": " ",
            "optative": " ",
            "description": "RYC B11 $7.00 2024                      ",
            "itemSubcategory": "",
            "itemSegment": "",
            "itemSubsegment": "",
            "durationCode": "1000023591111111",
            "grouper": "000.000",
            "percent": "000.00",
            "optativeOne": " ",
            "sent": " ",
            "action": "F",
            "binCode": "",
            "messagePsg": ""
        },
        {
            "lineNumber": "26",
            "folio": "  19705266",
            "itemCategory": " 1",
            "type": "03",
            "startDate": "19900101",
            "endDate": "20241114",
            "itemSku": "   7506174502652",
            "category": "",
            "providerType": "0",
            "requiredQuantity": "001.000",
            "discount": "00013.000",
            "discountType": " ",
            "optative": " ",
            "description": "RYC B11 $7.00 2024                      ",
            "itemSubcategory": "",
            "itemSegment": "",
            "itemSubsegment": "",
            "durationCode": "1000023591111111",
            "grouper": "000.000",
            "percent": "000.00",
            "optativeOne": " ",
            "sent": " ",
            "action": "F",
            "binCode": "",
            "messagePsg": ""
        },
        {
            "lineNumber": "27",
            "folio": "  19705266",
            "itemCategory": " 1",
            "type": "03",
            "startDate": "19900101",
            "endDate": "20241114",
            "itemSku": "   7506174502645",
            "category": "",
            "providerType": "0",
            "requiredQuantity": "001.000",
            "discount": "00013.000",
            "discountType": " ",
            "optative": " ",
            "description": "RYC B11 $7.00 2024                      ",
            "itemSubcategory": "",
            "itemSegment": "",
            "itemSubsegment": "",
            "durationCode": "1000023591111111",
            "grouper": "000.000",
            "percent": "000.00",
            "optativeOne": " ",
            "sent": " ",
            "action": "F",
            "binCode": "",
            "messagePsg": ""
        },
        {
            "lineNumber": "28",
            "folio": "  19705269",
            "itemCategory": " 1",
            "type": "03",
            "startDate": "19900101",
            "endDate": "20241114",
            "itemSku": "    735257013007",
            "category": "",
            "providerType": "0",
            "requiredQuantity": "001.000",
            "discount": "00020.000",
            "discountType": " ",
            "optative": " ",
            "description": "RYC B11 $10.00 2024                     ",
            "itemSubcategory": "",
            "itemSegment": "",
            "itemSubsegment": "",
            "durationCode": "1000023591111111",
            "grouper": "000.000",
            "percent": "000.00",
            "optativeOne": " ",
            "sent": " ",
            "action": "F",
            "binCode": "",
            "messagePsg": ""
        },
        {
            "lineNumber": "29",
            "folio": "  19705269",
            "itemCategory": " 1",
            "type": "03",
            "startDate": "19900101",
            "endDate": "20241114",
            "itemSku": "   7506205807589",
            "category": "",
            "providerType": "0",
            "requiredQuantity": "001.000",
            "discount": "00026.700",
            "discountType": " ",
            "optative": " ",
            "description": "RYC B11 $10.00 2024                     ",
            "itemSubcategory": "",
            "itemSegment": "",
            "itemSubsegment": "",
            "durationCode": "1000023591111111",
            "grouper": "000.000",
            "percent": "000.00",
            "optativeOne": " ",
            "sent": " ",
            "action": "F",
            "binCode": "",
            "messagePsg": ""
        },
        {
            "lineNumber": "30",
            "folio": "  19705269",
            "itemCategory": " 1",
            "type": "03",
            "startDate": "19900101",
            "endDate": "20241114",
            "itemSku": "   7500383180564",
            "category": "",
            "providerType": "0",
            "requiredQuantity": "001.000",
            "discount": "00040.000",
            "discountType": " ",
            "optative": " ",
            "description": "RYC B11 $10.00 2024                     ",
            "itemSubcategory": "",
            "itemSegment": "",
            "itemSubsegment": "",
            "durationCode": "1000023591111111",
            "grouper": "000.000",
            "percent": "000.00",
            "optativeOne": " ",
            "sent": " ",
            "action": "F",
            "binCode": "",
            "messagePsg": ""
        },
        {
            "lineNumber": "31",
            "folio": "  19705269",
            "itemCategory": " 1",
            "type": "03",
            "startDate": "19900101",
            "endDate": "20241114",
            "itemSku": "   7501000140855",
            "category": "",
            "providerType": "0",
            "requiredQuantity": "001.000",
            "discount": "00022.000",
            "discountType": " ",
            "optative": " ",
            "description": "RYC B11 $10.00 2024                     ",
            "itemSubcategory": "",
            "itemSegment": "",
            "itemSubsegment": "",
            "durationCode": "1000023591111111",
            "grouper": "000.000",
            "percent": "000.00",
            "optativeOne": " ",
            "sent": " ",
            "action": "F",
            "binCode": "",
            "messagePsg": ""
        },
        {
            "lineNumber": "32",
            "folio": "  19705269",
            "itemCategory": " 1",
            "type": "03",
            "startDate": "19900101",
            "endDate": "20241114",
            "itemSku": "   7501005110723",
            "category": "",
            "providerType": "0",
            "requiredQuantity": "001.000",
            "discount": "00018.500",
            "discountType": " ",
            "optative": " ",
            "description": "RYC B11 $10.00 2024                     ",
            "itemSubcategory": "",
            "itemSegment": "",
            "itemSubsegment": "",
            "durationCode": "1000023591111111",
            "grouper": "000.000",
            "percent": "000.00",
            "optativeOne": " ",
            "sent": " ",
            "action": "F",
            "binCode": "",
            "messagePsg": ""
        },
        {
            "lineNumber": "33",
            "folio": "  19705269",
            "itemCategory": " 1",
            "type": "03",
            "startDate": "19900101",
            "endDate": "20241114",
            "itemSku": "   7501008004647",
            "category": "",
            "providerType": "0",
            "requiredQuantity": "001.000",
            "discount": "00018.000",
            "discountType": " ",
            "optative": " ",
            "description": "RYC B11 $10.00 2024                     ",
            "itemSubcategory": "",
            "itemSegment": "",
            "itemSubsegment": "",
            "durationCode": "1000023591111111",
            "grouper": "000.000",
            "percent": "000.00",
            "optativeOne": " ",
            "sent": " ",
            "action": "F",
            "binCode": "",
            "messagePsg": ""
        },
        {
            "lineNumber": "34",
            "folio": "  19705269",
            "itemCategory": " 1",
            "type": "03",
            "startDate": "19900101",
            "endDate": "20241114",
            "itemSku": "   7501008004661",
            "category": "",
            "providerType": "0",
            "requiredQuantity": "001.000",
            "discount": "00018.000",
            "discountType": " ",
            "optative": " ",
            "description": "RYC B11 $10.00 2024                     ",
            "itemSubcategory": "",
            "itemSegment": "",
            "itemSubsegment": "",
            "durationCode": "1000023591111111",
            "grouper": "000.000",
            "percent": "000.00",
            "optativeOne": " ",
            "sent": " ",
            "action": "F",
            "binCode": "",
            "messagePsg": ""
        },
        {
            "lineNumber": "35",
            "folio": "  19705269",
            "itemCategory": " 1",
            "type": "03",
            "startDate": "19900101",
            "endDate": "20241114",
            "itemSku": "   7501008006788",
            "category": "",
            "providerType": "0",
            "requiredQuantity": "001.000",
            "discount": "00018.000",
            "discountType": " ",
            "optative": " ",
            "description": "RYC B11 $10.00 2024                     ",
            "itemSubcategory": "",
            "itemSegment": "",
            "itemSubsegment": "",
            "durationCode": "1000023591111111",
            "grouper": "000.000",
            "percent": "000.00",
            "optativeOne": " ",
            "sent": " ",
            "action": "F",
            "binCode": "",
            "messagePsg": ""
        },
        {
            "lineNumber": "36",
            "folio": "  19705269",
            "itemCategory": " 1",
            "type": "03",
            "startDate": "19900101",
            "endDate": "20241114",
            "itemSku": "   7501024513314",
            "category": "",
            "providerType": "0",
            "requiredQuantity": "001.000",
            "discount": "00020.000",
            "discountType": " ",
            "optative": " ",
            "description": "RYC B11 $10.00 2024                     ",
            "itemSubcategory": "",
            "itemSegment": "",
            "itemSubsegment": "",
            "durationCode": "1000023591111111",
            "grouper": "000.000",
            "percent": "000.00",
            "optativeOne": " ",
            "sent": " ",
            "action": "F",
            "binCode": "",
            "messagePsg": ""
        },
        {
            "lineNumber": "37",
            "folio": "  19705269",
            "itemCategory": " 1",
            "type": "03",
            "startDate": "19900101",
            "endDate": "20241114",
            "itemSku": "   7501045402826",
            "category": "",
            "providerType": "0",
            "requiredQuantity": "001.000",
            "discount": "00023.500",
            "discountType": " ",
            "optative": " ",
            "description": "RYC B11 $10.00 2024                     ",
            "itemSubcategory": "",
            "itemSegment": "",
            "itemSubsegment": "",
            "durationCode": "1000023591111111",
            "grouper": "000.000",
            "percent": "000.00",
            "optativeOne": " ",
            "sent": " ",
            "action": "F",
            "binCode": "",
            "messagePsg": ""
        },
        {
            "lineNumber": "38",
            "folio": "  19705269",
            "itemCategory": " 1",
            "type": "03",
            "startDate": "19900101",
            "endDate": "20241114",
            "itemSku": "   7501052421391",
            "category": "",
            "providerType": "0",
            "requiredQuantity": "001.000",
            "discount": "00022.000",
            "discountType": " ",
            "optative": " ",
            "description": "RYC B11 $10.00 2024                     ",
            "itemSubcategory": "",
            "itemSegment": "",
            "itemSubsegment": "",
            "durationCode": "1000023591111111",
            "grouper": "000.000",
            "percent": "000.00",
            "optativeOne": " ",
            "sent": " ",
            "action": "F",
            "binCode": "",
            "messagePsg": ""
        },
        {
            "lineNumber": "39",
            "folio": "  19705269",
            "itemCategory": " 1",
            "type": "03",
            "startDate": "19900101",
            "endDate": "20241114",
            "itemSku": "   7501206900697",
            "category": "",
            "providerType": "0",
            "requiredQuantity": "001.000",
            "discount": "00017.000",
            "discountType": " ",
            "optative": " ",
            "description": "RYC B11 $10.00 2024                     ",
            "itemSubcategory": "",
            "itemSegment": "",
            "itemSubsegment": "",
            "durationCode": "1000023591111111",
            "grouper": "000.000",
            "percent": "000.00",
            "optativeOne": " ",
            "sent": " ",
            "action": "F",
            "binCode": "",
            "messagePsg": ""
        },
        {
            "lineNumber": "40",
            "folio": "  19705269",
            "itemCategory": " 1",
            "type": "03",
            "startDate": "19900101",
            "endDate": "20241114",
            "itemSku": "   7501954901922",
            "category": "",
            "providerType": "0",
            "requiredQuantity": "001.000",
            "discount": "00017.000",
            "discountType": " ",
            "optative": " ",
            "description": "RYC B11 $10.00 2024                     ",
            "itemSubcategory": "",
            "itemSegment": "",
            "itemSubsegment": "",
            "durationCode": "1000023591111111",
            "grouper": "000.000",
            "percent": "000.00",
            "optativeOne": " ",
            "sent": " ",
            "action": "F",
            "binCode": "",
            "messagePsg": ""
        },
        {
            "lineNumber": "41",
            "folio": "  19705269",
            "itemCategory": " 1",
            "type": "03",
            "startDate": "19900101",
            "endDate": "20241114",
            "itemSku": "   7502265072011",
            "category": "",
            "providerType": "0",
            "requiredQuantity": "001.000",
            "discount": "00018.500",
            "discountType": " ",
            "optative": " ",
            "description": "RYC B11 $10.00 2024                     ",
            "itemSubcategory": "",
            "itemSegment": "",
            "itemSubsegment": "",
            "durationCode": "1000023591111111",
            "grouper": "000.000",
            "percent": "000.00",
            "optativeOne": " ",
            "sent": " ",
            "action": "F",
            "binCode": "",
            "messagePsg": ""
        },
        {
            "lineNumber": "42",
            "folio": "  19705269",
            "itemCategory": " 1",
            "type": "03",
            "startDate": "19900101",
            "endDate": "20241114",
            "itemSku": "   7502271158150",
            "category": "",
            "providerType": "0",
            "requiredQuantity": "001.000",
            "discount": "00025.000",
            "discountType": " ",
            "optative": " ",
            "description": "RYC B11 $10.00 2024                     ",
            "itemSubcategory": "",
            "itemSegment": "",
            "itemSubsegment": "",
            "durationCode": "1000023591111111",
            "grouper": "000.000",
            "percent": "000.00",
            "optativeOne": " ",
            "sent": " ",
            "action": "F",
            "binCode": "",
            "messagePsg": ""
        },
        {
            "lineNumber": "43",
            "folio": "  19705269",
            "itemCategory": " 1",
            "type": "03",
            "startDate": "19900101",
            "endDate": "20241114",
            "itemSku": "   7502271158464",
            "category": "",
            "providerType": "0",
            "requiredQuantity": "001.000",
            "discount": "00023.000",
            "discountType": " ",
            "optative": " ",
            "description": "RYC B11 $10.00 2024                     ",
            "itemSubcategory": "",
            "itemSegment": "",
            "itemSubsegment": "",
            "durationCode": "1000023591111111",
            "grouper": "000.000",
            "percent": "000.00",
            "optativeOne": " ",
            "sent": " ",
            "action": "F",
            "binCode": "",
            "messagePsg": ""
        },
        {
            "lineNumber": "44",
            "folio": "  19705269",
            "itemCategory": " 1",
            "type": "03",
            "startDate": "19900101",
            "endDate": "20241114",
            "itemSku": "   7506174512200",
            "category": "",
            "providerType": "0",
            "requiredQuantity": "001.000",
            "discount": "00022.000",
            "discountType": " ",
            "optative": " ",
            "description": "RYC B11 $10.00 2024                     ",
            "itemSubcategory": "",
            "itemSegment": "",
            "itemSubsegment": "",
            "durationCode": "1000023591111111",
            "grouper": "000.000",
            "percent": "000.00",
            "optativeOne": " ",
            "sent": " ",
            "action": "F",
            "binCode": "",
            "messagePsg": ""
        },
        {
            "lineNumber": "45",
            "folio": "  19705269",
            "itemCategory": " 1",
            "type": "03",
            "startDate": "19900101",
            "endDate": "20241114",
            "itemSku": "   7502271159591",
            "category": "",
            "providerType": "0",
            "requiredQuantity": "001.000",
            "discount": "00022.000",
            "discountType": " ",
            "optative": " ",
            "description": "RYC B11 $10.00 2024                     ",
            "itemSubcategory": "",
            "itemSegment": "",
            "itemSubsegment": "",
            "durationCode": "1000023591111111",
            "grouper": "000.000",
            "percent": "000.00",
            "optativeOne": " ",
            "sent": " ",
            "action": "F",
            "binCode": "",
            "messagePsg": ""
        },
        {
            "lineNumber": "46",
            "folio": "  19705269",
            "itemCategory": " 1",
            "type": "03",
            "startDate": "19900101",
            "endDate": "20241114",
            "itemSku": "   7502271158471",
            "category": "",
            "providerType": "0",
            "requiredQuantity": "001.000",
            "discount": "00023.000",
            "discountType": " ",
            "optative": " ",
            "description": "RYC B11 $10.00 2024                     ",
            "itemSubcategory": "",
            "itemSegment": "",
            "itemSubsegment": "",
            "durationCode": "1000023591111111",
            "grouper": "000.000",
            "percent": "000.00",
            "optativeOne": " ",
            "sent": " ",
            "action": "F",
            "binCode": "",
            "messagePsg": ""
        },
        {
            "lineNumber": "47",
            "folio": "  19705269",
            "itemCategory": " 1",
            "type": "03",
            "startDate": "19900101",
            "endDate": "20241114",
            "itemSku": "   7500383100661",
            "category": "",
            "providerType": "0",
            "requiredQuantity": "001.000",
            "discount": "00020.000",
            "discountType": " ",
            "optative": " ",
            "description": "RYC B11 $10.00 2024                     ",
            "itemSubcategory": "",
            "itemSegment": "",
            "itemSubsegment": "",
            "durationCode": "1000023591111111",
            "grouper": "000.000",
            "percent": "000.00",
            "optativeOne": " ",
            "sent": " ",
            "action": "F",
            "binCode": "",
            "messagePsg": ""
        },
        {
            "lineNumber": "48",
            "folio": "  19705271",
            "itemCategory": " 1",
            "type": "03",
            "startDate": "19900101",
            "endDate": "20241114",
            "itemSku": "    078918009637",
            "category": "",
            "providerType": "0",
            "requiredQuantity": "001.000",
            "discount": "00025.000",
            "discountType": " ",
            "optative": " ",
            "description": "RYC B11 $15.00 2024                     ",
            "itemSubcategory": "",
            "itemSegment": "",
            "itemSubsegment": "",
            "durationCode": "1000023591111111",
            "grouper": "000.000",
            "percent": "000.00",
            "optativeOne": " ",
            "sent": " ",
            "action": "F",
            "binCode": "",
            "messagePsg": ""
        },
        {
            "lineNumber": "49",
            "folio": "  19705271",
            "itemCategory": " 1",
            "type": "03",
            "startDate": "19900101",
            "endDate": "20241114",
            "itemSku": "   7500383168791",
            "category": "",
            "providerType": "0",
            "requiredQuantity": "001.000",
            "discount": "00020.000",
            "discountType": " ",
            "optative": " ",
            "description": "RYC B11 $15.00 2024                     ",
            "itemSubcategory": "",
            "itemSegment": "",
            "itemSubsegment": "",
            "durationCode": "1000023591111111",
            "grouper": "000.000",
            "percent": "000.00",
            "optativeOne": " ",
            "sent": " ",
            "action": "F",
            "binCode": "",
            "messagePsg": ""
        },
        {
            "lineNumber": "50",
            "folio": "  19705271",
            "itemCategory": " 1",
            "type": "03",
            "startDate": "19900101",
            "endDate": "20241114",
            "itemSku": "   7501096200457",
            "category": "",
            "providerType": "0",
            "requiredQuantity": "001.000",
            "discount": "00021.000",
            "discountType": " ",
            "optative": " ",
            "description": "RYC B11 $15.00 2024                     ",
            "itemSubcategory": "",
            "itemSegment": "",
            "itemSubsegment": "",
            "durationCode": "1000023591111111",
            "grouper": "000.000",
            "percent": "000.00",
            "optativeOne": " ",
            "sent": " ",
            "action": "F",
            "binCode": "",
            "messagePsg": ""
        },
        {
            "lineNumber": "51",
            "folio": "  19705271",
            "itemCategory": " 1",
            "type": "03",
            "startDate": "19900101",
            "endDate": "20241114",
            "itemSku": "   7501125104275",
            "category": "",
            "providerType": "0",
            "requiredQuantity": "001.000",
            "discount": "00030.000",
            "discountType": " ",
            "optative": " ",
            "description": "RYC B11 $15.00 2024                     ",
            "itemSubcategory": "",
            "itemSegment": "",
            "itemSubsegment": "",
            "durationCode": "1000023591111111",
            "grouper": "000.000",
            "percent": "000.00",
            "optativeOne": " ",
            "sent": " ",
            "action": "F",
            "binCode": "",
            "messagePsg": ""
        },
        {
            "lineNumber": "52",
            "folio": "  19705271",
            "itemCategory": " 1",
            "type": "03",
            "startDate": "19900101",
            "endDate": "20241114",
            "itemSku": "   7502233118741",
            "category": "",
            "providerType": "0",
            "requiredQuantity": "001.000",
            "discount": "00033.000",
            "discountType": " ",
            "optative": " ",
            "description": "RYC B11 $15.00 2024                     ",
            "itemSubcategory": "",
            "itemSegment": "",
            "itemSubsegment": "",
            "durationCode": "1000023591111111",
            "grouper": "000.000",
            "percent": "000.00",
            "optativeOne": " ",
            "sent": " ",
            "action": "F",
            "binCode": "",
            "messagePsg": ""
        },
        {
            "lineNumber": "53",
            "folio": "  19705271",
            "itemCategory": " 1",
            "type": "03",
            "startDate": "19900101",
            "endDate": "20241114",
            "itemSku": "   7502265070956",
            "category": "",
            "providerType": "0",
            "requiredQuantity": "001.000",
            "discount": "00030.000",
            "discountType": " ",
            "optative": " ",
            "description": "RYC B11 $15.00 2024                     ",
            "itemSubcategory": "",
            "itemSegment": "",
            "itemSubsegment": "",
            "durationCode": "1000023591111111",
            "grouper": "000.000",
            "percent": "000.00",
            "optativeOne": " ",
            "sent": " ",
            "action": "F",
            "binCode": "",
            "messagePsg": ""
        },
        {
            "lineNumber": "54",
            "folio": "  19705271",
            "itemCategory": " 1",
            "type": "03",
            "startDate": "19900101",
            "endDate": "20241114",
            "itemSku": "   7503000437300",
            "category": "",
            "providerType": "0",
            "requiredQuantity": "001.000",
            "discount": "00034.230",
            "discountType": " ",
            "optative": " ",
            "description": "RYC B11 $15.00 2024                     ",
            "itemSubcategory": "",
            "itemSegment": "",
            "itemSubsegment": "",
            "durationCode": "1000023591111111",
            "grouper": "000.000",
            "percent": "000.00",
            "optativeOne": " ",
            "sent": " ",
            "action": "F",
            "binCode": "",
            "messagePsg": ""
        },
        {
            "lineNumber": "55",
            "folio": "  19705271",
            "itemCategory": " 1",
            "type": "03",
            "startDate": "19900101",
            "endDate": "20241114",
            "itemSku": "   7503030196239",
            "category": "",
            "providerType": "0",
            "requiredQuantity": "001.000",
            "discount": "00020.000",
            "discountType": " ",
            "optative": " ",
            "description": "RYC B11 $15.00 2024                     ",
            "itemSubcategory": "",
            "itemSegment": "",
            "itemSubsegment": "",
            "durationCode": "1000023591111111",
            "grouper": "000.000",
            "percent": "000.00",
            "optativeOne": " ",
            "sent": " ",
            "action": "F",
            "binCode": "",
            "messagePsg": ""
        },
        {
            "lineNumber": "56",
            "folio": "  19705271",
            "itemCategory": " 1",
            "type": "03",
            "startDate": "19900101",
            "endDate": "20241114",
            "itemSku": "   7503030196246",
            "category": "",
            "providerType": "0",
            "requiredQuantity": "001.000",
            "discount": "00020.000",
            "discountType": " ",
            "optative": " ",
            "description": "RYC B11 $15.00 2024                     ",
            "itemSubcategory": "",
            "itemSegment": "",
            "itemSubsegment": "",
            "durationCode": "1000023591111111",
            "grouper": "000.000",
            "percent": "000.00",
            "optativeOne": " ",
            "sent": " ",
            "action": "F",
            "binCode": "",
            "messagePsg": ""
        },
        {
            "lineNumber": "57",
            "folio": "  19705271",
            "itemCategory": " 1",
            "type": "03",
            "startDate": "19900101",
            "endDate": "20241114",
            "itemSku": "   7503030196253",
            "category": "",
            "providerType": "0",
            "requiredQuantity": "001.000",
            "discount": "00020.000",
            "discountType": " ",
            "optative": " ",
            "description": "RYC B11 $15.00 2024                     ",
            "itemSubcategory": "",
            "itemSegment": "",
            "itemSubsegment": "",
            "durationCode": "1000023591111111",
            "grouper": "000.000",
            "percent": "000.00",
            "optativeOne": " ",
            "sent": " ",
            "action": "F",
            "binCode": "",
            "messagePsg": ""
        },
        {
            "lineNumber": "58",
            "folio": "  19705271",
            "itemCategory": " 1",
            "type": "03",
            "startDate": "19900101",
            "endDate": "20241114",
            "itemSku": "   7503035393459",
            "category": "",
            "providerType": "0",
            "requiredQuantity": "001.000",
            "discount": "00070.000",
            "discountType": " ",
            "optative": " ",
            "description": "RYC B11 $15.00 2024                     ",
            "itemSubcategory": "",
            "itemSegment": "",
            "itemSubsegment": "",
            "durationCode": "1000023591111111",
            "grouper": "000.000",
            "percent": "000.00",
            "optativeOne": " ",
            "sent": " ",
            "action": "F",
            "binCode": "",
            "messagePsg": ""
        },
        {
            "lineNumber": "59",
            "folio": "  19705271",
            "itemCategory": " 1",
            "type": "03",
            "startDate": "19900101",
            "endDate": "20241114",
            "itemSku": "   7506205807633",
            "category": "",
            "providerType": "0",
            "requiredQuantity": "001.000",
            "discount": "00029.000",
            "discountType": " ",
            "optative": " ",
            "description": "RYC B11 $15.00 2024                     ",
            "itemSubcategory": "",
            "itemSegment": "",
            "itemSubsegment": "",
            "durationCode": "1000023591111111",
            "grouper": "000.000",
            "percent": "000.00",
            "optativeOne": " ",
            "sent": " ",
            "action": "F",
            "binCode": "",
            "messagePsg": ""
        },
        {
            "lineNumber": "60",
            "folio": "  19705271",
            "itemCategory": " 1",
            "type": "03",
            "startDate": "19900101",
            "endDate": "20241114",
            "itemSku": "   7506205815942",
            "category": "",
            "providerType": "0",
            "requiredQuantity": "001.000",
            "discount": "00032.500",
            "discountType": " ",
            "optative": " ",
            "description": "RYC B11 $15.00 2024                     ",
            "itemSubcategory": "",
            "itemSegment": "",
            "itemSubsegment": "",
            "durationCode": "1000023591111111",
            "grouper": "000.000",
            "percent": "000.00",
            "optativeOne": " ",
            "sent": " ",
            "action": "F",
            "binCode": "",
            "messagePsg": ""
        },
        {
            "lineNumber": "61",
            "folio": "  19705272",
            "itemCategory": " 1",
            "type": "03",
            "startDate": "19900101",
            "endDate": "20241114",
            "itemSku": "   7506306415973",
            "category": "",
            "providerType": "0",
            "requiredQuantity": "001.000",
            "discount": "00039.000",
            "discountType": " ",
            "optative": " ",
            "description": "RYC B11 $20.00 2024                     ",
            "itemSubcategory": "",
            "itemSegment": "",
            "itemSubsegment": "",
            "durationCode": "1000023591111111",
            "grouper": "000.000",
            "percent": "000.00",
            "optativeOne": " ",
            "sent": " ",
            "action": "F",
            "binCode": "",
            "messagePsg": ""
        },
        {
            "lineNumber": "62",
            "folio": "  19705272",
            "itemCategory": " 1",
            "type": "03",
            "startDate": "19900101",
            "endDate": "20241114",
            "itemSku": "   7501736804700",
            "category": "",
            "providerType": "0",
            "requiredQuantity": "001.000",
            "discount": "00045.000",
            "discountType": " ",
            "optative": " ",
            "description": "RYC B11 $20.00 2024                     ",
            "itemSubcategory": "",
            "itemSegment": "",
            "itemSubsegment": "",
            "durationCode": "1000023591111111",
            "grouper": "000.000",
            "percent": "000.00",
            "optativeOne": " ",
            "sent": " ",
            "action": "F",
            "binCode": "",
            "messagePsg": ""
        },
        {
            "lineNumber": "63",
            "folio": "  19705272",
            "itemCategory": " 1",
            "type": "03",
            "startDate": "19900101",
            "endDate": "20241114",
            "itemSku": "   7501518492460",
            "category": "",
            "providerType": "0",
            "requiredQuantity": "001.000",
            "discount": "00032.000",
            "discountType": " ",
            "optative": " ",
            "description": "RYC B11 $20.00 2024                     ",
            "itemSubcategory": "",
            "itemSegment": "",
            "itemSubsegment": "",
            "durationCode": "1000023591111111",
            "grouper": "000.000",
            "percent": "000.00",
            "optativeOne": " ",
            "sent": " ",
            "action": "F",
            "binCode": "",
            "messagePsg": ""
        },
        {
            "lineNumber": "64",
            "folio": "  19705272",
            "itemCategory": " 1",
            "type": "03",
            "startDate": "19900101",
            "endDate": "20241114",
            "itemSku": "   7501055303885",
            "category": "",
            "providerType": "0",
            "requiredQuantity": "001.000",
            "discount": "00029.000",
            "discountType": " ",
            "optative": " ",
            "description": "RYC B11 $20.00 2024                     ",
            "itemSubcategory": "",
            "itemSegment": "",
            "itemSubsegment": "",
            "durationCode": "1000023591111111",
            "grouper": "000.000",
            "percent": "000.00",
            "optativeOne": " ",
            "sent": " ",
            "action": "F",
            "binCode": "",
            "messagePsg": ""
        },
        {
            "lineNumber": "65",
            "folio": "  19705272",
            "itemCategory": " 1",
            "type": "03",
            "startDate": "19900101",
            "endDate": "20241114",
            "itemSku": "   7501020562163",
            "category": "",
            "providerType": "0",
            "requiredQuantity": "001.000",
            "discount": "00047.410",
            "discountType": " ",
            "optative": " ",
            "description": "RYC B11 $20.00 2024                     ",
            "itemSubcategory": "",
            "itemSegment": "",
            "itemSubsegment": "",
            "durationCode": "1000023591111111",
            "grouper": "000.000",
            "percent": "000.00",
            "optativeOne": " ",
            "sent": " ",
            "action": "F",
            "binCode": "",
            "messagePsg": ""
        },
        {
            "lineNumber": "66",
            "folio": "  19705272",
            "itemCategory": " 1",
            "type": "03",
            "startDate": "19900101",
            "endDate": "20241114",
            "itemSku": "   8710449948529",
            "category": "",
            "providerType": "0",
            "requiredQuantity": "001.000",
            "discount": "00040.000",
            "discountType": " ",
            "optative": " ",
            "description": "RYC B11 $20.00 2024                     ",
            "itemSubcategory": "",
            "itemSegment": "",
            "itemSubsegment": "",
            "durationCode": "1000023591111111",
            "grouper": "000.000",
            "percent": "000.00",
            "optativeOne": " ",
            "sent": " ",
            "action": "F",
            "binCode": "",
            "messagePsg": ""
        },
        {
            "lineNumber": "67",
            "folio": "  19705272",
            "itemCategory": " 1",
            "type": "03",
            "startDate": "19900101",
            "endDate": "20241114",
            "itemSku": "   7501008018125",
            "category": "",
            "providerType": "0",
            "requiredQuantity": "001.000",
            "discount": "00039.000",
            "discountType": " ",
            "optative": " ",
            "description": "RYC B11 $20.00 2024                     ",
            "itemSubcategory": "",
            "itemSegment": "",
            "itemSubsegment": "",
            "durationCode": "1000023591111111",
            "grouper": "000.000",
            "percent": "000.00",
            "optativeOne": " ",
            "sent": " ",
            "action": "F",
            "binCode": "",
            "messagePsg": ""
        },
        {
            "lineNumber": "68",
            "folio": "  19705272",
            "itemCategory": " 1",
            "type": "03",
            "startDate": "19900101",
            "endDate": "20241114",
            "itemSku": "   7501008015339",
            "category": "",
            "providerType": "0",
            "requiredQuantity": "001.000",
            "discount": "00039.000",
            "discountType": " ",
            "optative": " ",
            "description": "RYC B11 $20.00 2024                     ",
            "itemSubcategory": "",
            "itemSegment": "",
            "itemSubsegment": "",
            "durationCode": "1000023591111111",
            "grouper": "000.000",
            "percent": "000.00",
            "optativeOne": " ",
            "sent": " ",
            "action": "F",
            "binCode": "",
            "messagePsg": ""
        },
        {
            "lineNumber": "69",
            "folio": "  19705272",
            "itemCategory": " 1",
            "type": "03",
            "startDate": "19900101",
            "endDate": "20241114",
            "itemSku": "    744607696012",
            "category": "",
            "providerType": "0",
            "requiredQuantity": "001.000",
            "discount": "00031.000",
            "discountType": " ",
            "optative": " ",
            "description": "RYC B11 $20.00 2024                     ",
            "itemSubcategory": "",
            "itemSegment": "",
            "itemSubsegment": "",
            "durationCode": "1000023591111111",
            "grouper": "000.000",
            "percent": "000.00",
            "optativeOne": " ",
            "sent": " ",
            "action": "F",
            "binCode": "",
            "messagePsg": ""
        },
        {
            "lineNumber": "70",
            "folio": "  19705272",
            "itemCategory": " 1",
            "type": "03",
            "startDate": "19900101",
            "endDate": "20241114",
            "itemSku": "   7509546682839",
            "category": "",
            "providerType": "0",
            "requiredQuantity": "001.000",
            "discount": "00040.000",
            "discountType": " ",
            "optative": " ",
            "description": "RYC B11 $20.00 2024                     ",
            "itemSubcategory": "",
            "itemSegment": "",
            "itemSubsegment": "",
            "durationCode": "1000023591111111",
            "grouper": "000.000",
            "percent": "000.00",
            "optativeOne": " ",
            "sent": " ",
            "action": "F",
            "binCode": "",
            "messagePsg": ""
        },
        {
            "lineNumber": "71",
            "folio": "  19705272",
            "itemCategory": " 1",
            "type": "03",
            "startDate": "19900101",
            "endDate": "20241114",
            "itemSku": "   7501008057476",
            "category": "",
            "providerType": "0",
            "requiredQuantity": "001.000",
            "discount": "00039.000",
            "discountType": " ",
            "optative": " ",
            "description": "RYC B11 $20.00 2024                     ",
            "itemSubcategory": "",
            "itemSegment": "",
            "itemSubsegment": "",
            "durationCode": "1000023591111111",
            "grouper": "000.000",
            "percent": "000.00",
            "optativeOne": " ",
            "sent": " ",
            "action": "F",
            "binCode": "",
            "messagePsg": ""
        },
        {
            "lineNumber": "72",
            "folio": "  19705273",
            "itemCategory": " 1",
            "type": "03",
            "startDate": "19900101",
            "endDate": "20241114",
            "itemSku": "   7508304660621",
            "category": "",
            "providerType": "0",
            "requiredQuantity": "001.000",
            "discount": "00050.000",
            "discountType": " ",
            "optative": " ",
            "description": "RYC B11 $25.00 2024                     ",
            "itemSubcategory": "",
            "itemSegment": "",
            "itemSubsegment": "",
            "durationCode": "1000023591111111",
            "grouper": "000.000",
            "percent": "000.00",
            "optativeOne": " ",
            "sent": " ",
            "action": "F",
            "binCode": "",
            "messagePsg": ""
        },
        {
            "lineNumber": "73",
            "folio": "  19705273",
            "itemCategory": " 1",
            "type": "03",
            "startDate": "19900101",
            "endDate": "20241114",
            "itemSku": "   7506475110662",
            "category": "",
            "providerType": "0",
            "requiredQuantity": "001.000",
            "discount": "00100.000",
            "discountType": " ",
            "optative": " ",
            "description": "RYC B11 $25.00 2024                     ",
            "itemSubcategory": "",
            "itemSegment": "",
            "itemSubsegment": "",
            "durationCode": "1000023591111111",
            "grouper": "000.000",
            "percent": "000.00",
            "optativeOne": " ",
            "sent": " ",
            "action": "F",
            "binCode": "",
            "messagePsg": ""
        },
        {
            "lineNumber": "74",
            "folio": "  19705273",
            "itemCategory": " 1",
            "type": "03",
            "startDate": "19900101",
            "endDate": "20241114",
            "itemSku": "   7502271914404",
            "category": "",
            "providerType": "0",
            "requiredQuantity": "001.000",
            "discount": "00054.000",
            "discountType": " ",
            "optative": " ",
            "description": "RYC B11 $25.00 2024                     ",
            "itemSubcategory": "",
            "itemSegment": "",
            "itemSubsegment": "",
            "durationCode": "1000023591111111",
            "grouper": "000.000",
            "percent": "000.00",
            "optativeOne": " ",
            "sent": " ",
            "action": "F",
            "binCode": "",
            "messagePsg": ""
        },
        {
            "lineNumber": "75",
            "folio": "  19705273",
            "itemCategory": " 1",
            "type": "03",
            "startDate": "19900101",
            "endDate": "20241114",
            "itemSku": "   7501058623348",
            "category": "",
            "providerType": "0",
            "requiredQuantity": "001.000",
            "discount": "00050.000",
            "discountType": " ",
            "optative": " ",
            "description": "RYC B11 $25.00 2024                     ",
            "itemSubcategory": "",
            "itemSegment": "",
            "itemSubsegment": "",
            "durationCode": "1000023591111111",
            "grouper": "000.000",
            "percent": "000.00",
            "optativeOne": " ",
            "sent": " ",
            "action": "F",
            "binCode": "",
            "messagePsg": ""
        },
        {
            "lineNumber": "76",
            "folio": "  19705273",
            "itemCategory": " 1",
            "type": "03",
            "startDate": "19900101",
            "endDate": "20241114",
            "itemSku": "   7501008071113",
            "category": "",
            "providerType": "0",
            "requiredQuantity": "001.000",
            "discount": "00038.000",
            "discountType": " ",
            "optative": " ",
            "description": "RYC B11 $25.00 2024                     ",
            "itemSubcategory": "",
            "itemSegment": "",
            "itemSubsegment": "",
            "durationCode": "1000023591111111",
            "grouper": "000.000",
            "percent": "000.00",
            "optativeOne": " ",
            "sent": " ",
            "action": "F",
            "binCode": "",
            "messagePsg": ""
        },
        {
            "lineNumber": "77",
            "folio": "  19705273",
            "itemCategory": " 1",
            "type": "03",
            "startDate": "19900101",
            "endDate": "20241114",
            "itemSku": "   7501008070789",
            "category": "",
            "providerType": "0",
            "requiredQuantity": "001.000",
            "discount": "00038.000",
            "discountType": " ",
            "optative": " ",
            "description": "RYC B11 $25.00 2024                     ",
            "itemSubcategory": "",
            "itemSegment": "",
            "itemSubsegment": "",
            "durationCode": "1000023591111111",
            "grouper": "000.000",
            "percent": "000.00",
            "optativeOne": " ",
            "sent": " ",
            "action": "F",
            "binCode": "",
            "messagePsg": ""
        },
        {
            "lineNumber": "78",
            "folio": "  19705273",
            "itemCategory": " 1",
            "type": "03",
            "startDate": "19900101",
            "endDate": "20241114",
            "itemSku": "   7501000111206",
            "category": "",
            "providerType": "0",
            "requiredQuantity": "001.000",
            "discount": "00049.000",
            "discountType": " ",
            "optative": " ",
            "description": "RYC B11 $25.00 2024                     ",
            "itemSubcategory": "",
            "itemSegment": "",
            "itemSubsegment": "",
            "durationCode": "1000023591111111",
            "grouper": "000.000",
            "percent": "000.00",
            "optativeOne": " ",
            "sent": " ",
            "action": "F",
            "binCode": "",
            "messagePsg": ""
        },
        {
            "lineNumber": "79",
            "folio": "  19705273",
            "itemCategory": " 1",
            "type": "03",
            "startDate": "19900101",
            "endDate": "20241114",
            "itemSku": "   7500326927928",
            "category": "",
            "providerType": "0",
            "requiredQuantity": "001.000",
            "discount": "00037.500",
            "discountType": " ",
            "optative": " ",
            "description": "RYC B11 $25.00 2024                     ",
            "itemSubcategory": "",
            "itemSegment": "",
            "itemSubsegment": "",
            "durationCode": "1000023591111111",
            "grouper": "000.000",
            "percent": "000.00",
            "optativeOne": " ",
            "sent": " ",
            "action": "F",
            "binCode": "",
            "messagePsg": ""
        },
        {
            "lineNumber": "80",
            "folio": "  19705273",
            "itemCategory": " 1",
            "type": "03",
            "startDate": "19900101",
            "endDate": "20241114",
            "itemSku": "   7500326927911",
            "category": "",
            "providerType": "0",
            "requiredQuantity": "001.000",
            "discount": "00037.500",
            "discountType": " ",
            "optative": " ",
            "description": "RYC B11 $25.00 2024                     ",
            "itemSubcategory": "",
            "itemSegment": "",
            "itemSubsegment": "",
            "durationCode": "1000023591111111",
            "grouper": "000.000",
            "percent": "000.00",
            "optativeOne": " ",
            "sent": " ",
            "action": "F",
            "binCode": "",
            "messagePsg": ""
        },
        {
            "lineNumber": "81",
            "folio": "  19705273",
            "itemCategory": " 1",
            "type": "03",
            "startDate": "19900101",
            "endDate": "20241114",
            "itemSku": "   7508304660638",
            "category": "",
            "providerType": "0",
            "requiredQuantity": "001.000",
            "discount": "00055.000",
            "discountType": " ",
            "optative": " ",
            "description": "RYC B11 $25.00 2024                     ",
            "itemSubcategory": "",
            "itemSegment": "",
            "itemSubsegment": "",
            "durationCode": "1000023591111111",
            "grouper": "000.000",
            "percent": "000.00",
            "optativeOne": " ",
            "sent": " ",
            "action": "F",
            "binCode": "",
            "messagePsg": ""
        },
        {
            "lineNumber": "82",
            "folio": "  19705274",
            "itemCategory": " 1",
            "type": "03",
            "startDate": "19900101",
            "endDate": "20241114",
            "itemSku": "   7501110400054",
            "category": "",
            "providerType": "0",
            "requiredQuantity": "001.000",
            "discount": "00060.000",
            "discountType": " ",
            "optative": " ",
            "description": "RYC B11 $30.00 2024                     ",
            "itemSubcategory": "",
            "itemSegment": "",
            "itemSubsegment": "",
            "durationCode": "1000023591111111",
            "grouper": "000.000",
            "percent": "000.00",
            "optativeOne": " ",
            "sent": " ",
            "action": "F",
            "binCode": "",
            "messagePsg": ""
        },
        {
            "lineNumber": "83",
            "folio": "  19705274",
            "itemCategory": " 1",
            "type": "03",
            "startDate": "19900101",
            "endDate": "20241114",
            "itemSku": "   7508304660645",
            "category": "",
            "providerType": "0",
            "requiredQuantity": "001.000",
            "discount": "00075.000",
            "discountType": " ",
            "optative": " ",
            "description": "RYC B11 $30.00 2024                     ",
            "itemSubcategory": "",
            "itemSegment": "",
            "itemSubsegment": "",
            "durationCode": "1000023591111111",
            "grouper": "000.000",
            "percent": "000.00",
            "optativeOne": " ",
            "sent": " ",
            "action": "F",
            "binCode": "",
            "messagePsg": ""
        },
        {
            "lineNumber": "84",
            "folio": "  19705274",
            "itemCategory": " 1",
            "type": "03",
            "startDate": "19900101",
            "endDate": "20241114",
            "itemSku": "   7503035393824",
            "category": "",
            "providerType": "0",
            "requiredQuantity": "001.000",
            "discount": "00060.000",
            "discountType": " ",
            "optative": " ",
            "description": "RYC B11 $30.00 2024                     ",
            "itemSubcategory": "",
            "itemSegment": "",
            "itemSubsegment": "",
            "durationCode": "1000023591111111",
            "grouper": "000.000",
            "percent": "000.00",
            "optativeOne": " ",
            "sent": " ",
            "action": "F",
            "binCode": "",
            "messagePsg": ""
        },
        {
            "lineNumber": "85",
            "folio": "  19705274",
            "itemCategory": " 1",
            "type": "03",
            "startDate": "19900101",
            "endDate": "20241114",
            "itemSku": "   7501518466195",
            "category": "",
            "providerType": "0",
            "requiredQuantity": "001.000",
            "discount": "00051.450",
            "discountType": " ",
            "optative": " ",
            "description": "RYC B11 $30.00 2024                     ",
            "itemSubcategory": "",
            "itemSegment": "",
            "itemSubsegment": "",
            "durationCode": "1000023591111111",
            "grouper": "000.000",
            "percent": "000.00",
            "optativeOne": " ",
            "sent": " ",
            "action": "F",
            "binCode": "",
            "messagePsg": ""
        },
        {
            "lineNumber": "86",
            "folio": "  19705275",
            "itemCategory": " 1",
            "type": "03",
            "startDate": "19900101",
            "endDate": "20241114",
            "itemSku": "   7702045554052",
            "category": "",
            "providerType": "0",
            "requiredQuantity": "001.000",
            "discount": "00055.110",
            "discountType": " ",
            "optative": " ",
            "description": "RYC B11 $35.00 2024                     ",
            "itemSubcategory": "",
            "itemSegment": "",
            "itemSubsegment": "",
            "durationCode": "1000023591111111",
            "grouper": "000.000",
            "percent": "000.00",
            "optativeOne": " ",
            "sent": " ",
            "action": "F",
            "binCode": "",
            "messagePsg": ""
        },
        {
            "lineNumber": "87",
            "folio": "  19705275",
            "itemCategory": " 1",
            "type": "03",
            "startDate": "19900101",
            "endDate": "20241114",
            "itemSku": "   7702045554014",
            "category": "",
            "providerType": "0",
            "requiredQuantity": "001.000",
            "discount": "00049.000",
            "discountType": " ",
            "optative": " ",
            "description": "RYC B11 $35.00 2024                     ",
            "itemSubcategory": "",
            "itemSegment": "",
            "itemSubsegment": "",
            "durationCode": "1000023591111111",
            "grouper": "000.000",
            "percent": "000.00",
            "optativeOne": " ",
            "sent": " ",
            "action": "F",
            "binCode": "",
            "messagePsg": ""
        },
        {
            "lineNumber": "88",
            "folio": "  19705275",
            "itemCategory": " 1",
            "type": "03",
            "startDate": "19900101",
            "endDate": "20241114",
            "itemSku": "    757528003975",
            "category": "",
            "providerType": "0",
            "requiredQuantity": "001.000",
            "discount": "00068.000",
            "discountType": " ",
            "optative": " ",
            "description": "RYC B11 $35.00 2024                     ",
            "itemSubcategory": "",
            "itemSegment": "",
            "itemSubsegment": "",
            "durationCode": "1000023591111111",
            "grouper": "000.000",
            "percent": "000.00",
            "optativeOne": " ",
            "sent": " ",
            "action": "F",
            "binCode": "",
            "messagePsg": ""
        },
        {
            "lineNumber": "89",
            "folio": "  19705275",
            "itemCategory": " 1",
            "type": "03",
            "startDate": "19900101",
            "endDate": "20241114",
            "itemSku": "   7503023807296",
            "category": "",
            "providerType": "0",
            "requiredQuantity": "001.000",
            "discount": "00068.000",
            "discountType": " ",
            "optative": " ",
            "description": "RYC B11 $35.00 2024                     ",
            "itemSubcategory": "",
            "itemSegment": "",
            "itemSubsegment": "",
            "durationCode": "1000023591111111",
            "grouper": "000.000",
            "percent": "000.00",
            "optativeOne": " ",
            "sent": " ",
            "action": "F",
            "binCode": "",
            "messagePsg": ""
        },
        {
            "lineNumber": "90",
            "folio": "  19705275",
            "itemCategory": " 1",
            "type": "03",
            "startDate": "19900101",
            "endDate": "20241114",
            "itemSku": "   7501110400122",
            "category": "",
            "providerType": "0",
            "requiredQuantity": "001.000",
            "discount": "00070.000",
            "discountType": " ",
            "optative": " ",
            "description": "RYC B11 $35.00 2024                     ",
            "itemSubcategory": "",
            "itemSegment": "",
            "itemSubsegment": "",
            "durationCode": "1000023591111111",
            "grouper": "000.000",
            "percent": "000.00",
            "optativeOne": " ",
            "sent": " ",
            "action": "F",
            "binCode": "",
            "messagePsg": ""
        },
        {
            "lineNumber": "91",
            "folio": "  19705275",
            "itemCategory": " 1",
            "type": "03",
            "startDate": "19900101",
            "endDate": "20241114",
            "itemSku": "   7702045554090",
            "category": "",
            "providerType": "0",
            "requiredQuantity": "001.000",
            "discount": "00055.110",
            "discountType": " ",
            "optative": " ",
            "description": "RYC B11 $35.00 2024                     ",
            "itemSubcategory": "",
            "itemSegment": "",
            "itemSubsegment": "",
            "durationCode": "1000023591111111",
            "grouper": "000.000",
            "percent": "000.00",
            "optativeOne": " ",
            "sent": " ",
            "action": "F",
            "binCode": "",
            "messagePsg": ""
        },
        {
            "lineNumber": "92",
            "folio": "  19705276",
            "itemCategory": " 1",
            "type": "03",
            "startDate": "19900101",
            "endDate": "20241114",
            "itemSku": "   7500383174181",
            "category": "",
            "providerType": "0",
            "requiredQuantity": "001.000",
            "discount": "00015.000",
            "discountType": " ",
            "optative": " ",
            "description": "RYC B11 2024                            ",
            "itemSubcategory": "",
            "itemSegment": "",
            "itemSubsegment": "",
            "durationCode": "1000023591111111",
            "grouper": "000.000",
            "percent": "000.00",
            "optativeOne": " ",
            "sent": " ",
            "action": "F",
            "binCode": "",
            "messagePsg": ""
        },
        {
            "lineNumber": "93",
            "folio": "  19705276",
            "itemCategory": " 1",
            "type": "03",
            "startDate": "19900101",
            "endDate": "20241114",
            "itemSku": "   7501017372737",
            "category": "",
            "providerType": "0",
            "requiredQuantity": "001.000",
            "discount": "00158.000",
            "discountType": " ",
            "optative": " ",
            "description": "RYC B11 2024                            ",
            "itemSubcategory": "",
            "itemSegment": "",
            "itemSubsegment": "",
            "durationCode": "1000023591111111",
            "grouper": "000.000",
            "percent": "000.00",
            "optativeOne": " ",
            "sent": " ",
            "action": "F",
            "binCode": "",
            "messagePsg": ""
        },
        {
            "lineNumber": "94",
            "folio": "  19705276",
            "itemCategory": " 1",
            "type": "03",
            "startDate": "19900101",
            "endDate": "20241114",
            "itemSku": "   7501052417318",
            "category": "",
            "providerType": "0",
            "requiredQuantity": "001.000",
            "discount": "00159.000",
            "discountType": " ",
            "optative": " ",
            "description": "RYC B11 2024                            ",
            "itemSubcategory": "",
            "itemSegment": "",
            "itemSubsegment": "",
            "durationCode": "1000023591111111",
            "grouper": "000.000",
            "percent": "000.00",
            "optativeOne": " ",
            "sent": " ",
            "action": "F",
            "binCode": "",
            "messagePsg": ""
        },
        {
            "lineNumber": "95",
            "folio": "  19705276",
            "itemCategory": " 1",
            "type": "03",
            "startDate": "19900101",
            "endDate": "20241114",
            "itemSku": "   7501052474083",
            "category": "",
            "providerType": "0",
            "requiredQuantity": "001.000",
            "discount": "00072.000",
            "discountType": " ",
            "optative": " ",
            "description": "RYC B11 2024                            ",
            "itemSubcategory": "",
            "itemSegment": "",
            "itemSubsegment": "",
            "durationCode": "1000023591111111",
            "grouper": "000.000",
            "percent": "000.00",
            "optativeOne": " ",
            "sent": " ",
            "action": "F",
            "binCode": "",
            "messagePsg": ""
        },
        {
            "lineNumber": "96",
            "folio": "  19705276",
            "itemCategory": " 1",
            "type": "03",
            "startDate": "19900101",
            "endDate": "20241114",
            "itemSku": "   7509552845914",
            "category": "",
            "providerType": "0",
            "requiredQuantity": "001.000",
            "discount": "00072.000",
            "discountType": " ",
            "optative": " ",
            "description": "RYC B11 2024                            ",
            "itemSubcategory": "",
            "itemSegment": "",
            "itemSubsegment": "",
            "durationCode": "1000023591111111",
            "grouper": "000.000",
            "percent": "000.00",
            "optativeOne": " ",
            "sent": " ",
            "action": "F",
            "binCode": "",
            "messagePsg": ""
        },
        {
            "lineNumber": "97",
            "folio": "  19705276",
            "itemCategory": " 1",
            "type": "03",
            "startDate": "19900101",
            "endDate": "20241114",
            "itemSku": "   7502247545014",
            "category": "",
            "providerType": "0",
            "requiredQuantity": "001.000",
            "discount": "00009.000",
            "discountType": " ",
            "optative": " ",
            "description": "RYC B11 2024                            ",
            "itemSubcategory": "",
            "itemSegment": "",
            "itemSubsegment": "",
            "durationCode": "1000023591111111",
            "grouper": "000.000",
            "percent": "000.00",
            "optativeOne": " ",
            "sent": " ",
            "action": "F",
            "binCode": "",
            "messagePsg": ""
        },
        {
            "lineNumber": "98",
            "folio": "  19705276",
            "itemCategory": " 1",
            "type": "03",
            "startDate": "19900101",
            "endDate": "20241114",
            "itemSku": "   7503030196048",
            "category": "",
            "providerType": "0",
            "requiredQuantity": "001.000",
            "discount": "00080.000",
            "discountType": " ",
            "optative": " ",
            "description": "RYC B11 2024                            ",
            "itemSubcategory": "",
            "itemSegment": "",
            "itemSubsegment": "",
            "durationCode": "1000023591111111",
            "grouper": "000.000",
            "percent": "000.00",
            "optativeOne": " ",
            "sent": " ",
            "action": "F",
            "binCode": "",
            "messagePsg": ""
        },
        {
            "lineNumber": "99",
            "folio": "  19705276",
            "itemCategory": " 1",
            "type": "03",
            "startDate": "19900101",
            "endDate": "20241114",
            "itemSku": "   7508304660690",
            "category": "",
            "providerType": "0",
            "requiredQuantity": "001.000",
            "discount": "00109.000",
            "discountType": " ",
            "optative": " ",
            "description": "RYC B11 2024                            ",
            "itemSubcategory": "",
            "itemSegment": "",
            "itemSubsegment": "",
            "durationCode": "1000023591111111",
            "grouper": "000.000",
            "percent": "000.00",
            "optativeOne": " ",
            "sent": " ",
            "action": "F",
            "binCode": "",
            "messagePsg": ""
        },
        {
            "lineNumber": "100",
            "folio": "  19705276",
            "itemCategory": " 1",
            "type": "03",
            "startDate": "19900101",
            "endDate": "20241114",
            "itemSku": "   7509552845884",
            "category": "",
            "providerType": "0",
            "requiredQuantity": "001.000",
            "discount": "00072.000",
            "discountType": " ",
            "optative": " ",
            "description": "RYC B11 2024                            ",
            "itemSubcategory": "",
            "itemSegment": "",
            "itemSubsegment": "",
            "durationCode": "1000023591111111",
            "grouper": "000.000",
            "percent": "000.00",
            "optativeOne": " ",
            "sent": " ",
            "action": "F",
            "binCode": "",
            "messagePsg": ""
        },
        {
            "lineNumber": "101",
            "folio": "  19705276",
            "itemCategory": " 1",
            "type": "03",
            "startDate": "19900101",
            "endDate": "20241114",
            "itemSku": "   7501058624130",
            "category": "",
            "providerType": "0",
            "requiredQuantity": "001.000",
            "discount": "00112.000",
            "discountType": " ",
            "optative": " ",
            "description": "RYC B11 2024                            ",
            "itemSubcategory": "",
            "itemSegment": "",
            "itemSubsegment": "",
            "durationCode": "1000023591111111",
            "grouper": "000.000",
            "percent": "000.00",
            "optativeOne": " ",
            "sent": " ",
            "action": "F",
            "binCode": "",
            "messagePsg": ""
        }
    ]
}