{
    "organizationCountry": "MX",
    "organizationName": "FEMSA Comercio",
    "businessName": "OXXO",
    "departmentId": "12NEO",
    "storeId": "52DUG",
    "numberOfRecords": "7",
    "searchId": "000000000000000000000000",
    "searchDate": "2024-10-29 13:51:50",
    "promotions": [
        {
            "lineNumber": "1",
            "folio": "  19705290",
            "itemCategory": " 1",
            "type": "03",
            "startDate": "20241030",
            "endDate": "20241203",
            "itemSku": "   7502294221299",
            "category": "",
            "providerType": "0",
            "requiredQuantity": "001.000",
            "discount": "00016.500",
            "discountType": " ",
            "optative": " ",
            "description": "PSP SIMPLES NACIONAL B11                ",
            "itemSubcategory": "",
            "itemSegment": "",
            "itemSubsegment": "",
            "durationCode": "1000023591111111",
            "grouper": "000.000",
            "percent": "000.00",
            "optativeOne": " ",
            "sent": " ",
            "action": "A",
            "binCode": "",
            "messagePsg": ""
        },
        {
            "lineNumber": "2",
            "folio": "  19705290",
            "itemCategory": " 1",
            "type": "03",
            "startDate": "20241030",
            "endDate": "20241203",
            "itemSku": "   7501052474076",
            "category": "",
            "providerType": "0",
            "requiredQuantity": "001.000",
            "discount": "00036.000",
            "discountType": " ",
            "optative": " ",
            "description": "PSP SIMPLES NACIONAL B11                ",
            "itemSubcategory": "",
            "itemSegment": "",
            "itemSubsegment": "",
            "durationCode": "1000023591111111",
            "grouper": "000.000",
            "percent": "000.00",
            "optativeOne": " ",
            "sent": " ",
            "action": "A",
            "binCode": "",
            "messagePsg": ""
        },
        {
            "lineNumber": "3",
            "folio": "  19705290",
            "itemCategory": " 1",
            "type": "03",
            "startDate": "20241030",
            "endDate": "20241203",
            "itemSku": "   7501052470085",
            "category": "",
            "providerType": "0",
            "requiredQuantity": "001.000",
            "discount": "00029.000",
            "discountType": " ",
            "optative": " ",
            "description": "PSP SIMPLES NACIONAL B11                ",
            "itemSubcategory": "",
            "itemSegment": "",
            "itemSubsegment": "",
            "durationCode": "1000023591111111",
            "grouper": "000.000",
            "percent": "000.00",
            "optativeOne": " ",
            "sent": " ",
            "action": "A",
            "binCode": "",
            "messagePsg": ""
        },
        {
            "lineNumber": "4",
            "folio": "  19705290",
            "itemCategory": " 1",
            "type": "03",
            "startDate": "20241030",
            "endDate": "20241203",
            "itemSku": "   7501052420172",
            "category": "",
            "providerType": "0",
            "requiredQuantity": "001.000",
            "discount": "00014.000",
            "discountType": " ",
            "optative": " ",
            "description": "PSP SIMPLES NACIONAL B11                ",
            "itemSubcategory": "",
            "itemSegment": "",
            "itemSubsegment": "",
            "durationCode": "1000023591111111",
            "grouper": "000.000",
            "percent": "000.00",
            "optativeOne": " ",
            "sent": " ",
            "action": "A",
            "binCode": "",
            "messagePsg": ""
        },
        {
            "lineNumber": "5",
            "folio": "  19705290",
            "itemCategory": " 1",
            "type": "03",
            "startDate": "20241030",
            "endDate": "20241203",
            "itemSku": "   7501052421254",
            "category": "",
            "providerType": "0",
            "requiredQuantity": "001.000",
            "discount": "00014.000",
            "discountType": " ",
            "optative": " ",
            "description": "PSP SIMPLES NACIONAL B11                ",
            "itemSubcategory": "",
            "itemSegment": "",
            "itemSubsegment": "",
            "durationCode": "1000023591111111",
            "grouper": "000.000",
            "percent": "000.00",
            "optativeOne": " ",
            "sent": " ",
            "action": "A",
            "binCode": "",
            "messagePsg": ""
        },
        {
            "lineNumber": "6",
            "folio": "  19705290",
            "itemCategory": " 1",
            "type": "03",
            "startDate": "20241030",
            "endDate": "20241203",
            "itemSku": "   7501052420431",
            "category": "",
            "providerType": "0",
            "requiredQuantity": "001.000",
            "discount": "00015.000",
            "discountType": " ",
            "optative": " ",
            "description": "PSP SIMPLES NACIONAL B11                ",
            "itemSubcategory": "",
            "itemSegment": "",
            "itemSubsegment": "",
            "durationCode": "1000023591111111",
            "grouper": "000.000",
            "percent": "000.00",
            "optativeOne": " ",
            "sent": " ",
            "action": "A",
            "binCode": "",
            "messagePsg": ""
        },
        {
            "lineNumber": "7",
            "folio": "  19705290",
            "itemCategory": " 1",
            "type": "03",
            "startDate": "20241030",
            "endDate": "20241203",
            "itemSku": "   7501052421513",
            "category": "",
            "providerType": "0",
            "requiredQuantity": "001.000",
            "discount": "00017.500",
            "discountType": " ",
            "optative": " ",
            "description": "PSP SIMPLES NACIONAL B11                ",
            "itemSubcategory": "",
            "itemSegment": "",
            "itemSubsegment": "",
            "durationCode": "1000023591111111",
            "grouper": "000.000",
            "percent": "000.00",
            "optativeOne": " ",
            "sent": " ",
            "action": "A",
            "binCode": "",
            "messagePsg": ""
        }
    ]
}