{
    "organizationCountry": "MX",
    "organizationName": "FEMSA Comercio",
    "businessName": "OXXO",
    "departmentId": "12NEO",
    "storeId": "52DUG",
    "numberOfRecords": "2",
    "searchId": "000000000000000000000000",
    "searchDate": "2025-01-19 02:11:08",
    "promotions": [
        {
            "lineNumber": "1",
            "folio": "  19709252",
            "itemCategory": " 1",
            "type": "00",
            "startDate": "20250120",
            "endDate": "20250204",
            "itemSku": "    602499165637",
            "category": "",
            "providerType": "0",
            "requiredQuantity": "002.000",
            "discount": "00040.000",
            "discountType": "F",
            "optative": "1",
            "description": "Veladora d\u00eda de muertos 2x$40           ",
            "itemSubcategory": "    ",
            "itemSegment": "    ",
            "itemSubsegment": "    ",
            "durationCode": "1000023591111111",
            "grouper": "001.000",
            "percent": "000.00",
            "optativeOne": " ",
            "sent": " ",
            "action": "A",
            "binCode": "",
            "messagePsg": ""
        },
        {
            "lineNumber": "2",
            "folio": "  19709252",
            "itemCategory": " 1",
            "type": "00",
            "startDate": "20250120",
            "endDate": "20250204",
            "itemSku": "    602499165644",
            "category": "",
            "providerType": "0",
            "requiredQuantity": "002.000",
            "discount": "00040.000",
            "discountType": "F",
            "optative": "1",
            "description": "Veladora d\u00eda de muertos 2x$40           ",
            "itemSubcategory": "    ",
            "itemSegment": "    ",
            "itemSubsegment": "    ",
            "durationCode": "1000023591111111",
            "grouper": "001.000",
            "percent": "000.00",
            "optativeOne": " ",
            "sent": " ",
            "action": "A",
            "binCode": "",
            "messagePsg": ""
        }
    ]
}