{
    "organizationCountry": "MX",
    "organizationName": "FEMSA Comercio",
    "businessName": "OXXO",
    "departmentId": "12NEO",
    "storeId": "52DUG",
    "numberOfRecords": "1",
    "searchId": "000000000000000000000000",
    "searchDate": "2025-01-22 20:46:55",
    "promotions": [
        {
            "lineNumber": "1",
            "folio": "  19709574",
            "itemCategory": " 1",
            "type": "03",
            "startDate": "20250123",
            "endDate": "20250212",
            "itemSku": "   7501055356188",
            "category": "",
            "providerType": "0",
            "requiredQuantity": "001.000",
            "discount": "00125.000",
            "discountType": " ",
            "optative": " ",
            "description": "12 PACK COCA 355 ML NR $125             ",
            "itemSubcategory": "",
            "itemSegment": "",
            "itemSubsegment": "",
            "durationCode": "1000023591111111",
            "grouper": "000.000",
            "percent": "000.00",
            "optativeOne": " ",
            "sent": " ",
            "action": "A",
            "binCode": "",
            "messagePsg": ""
        }
    ]
}