{
    "organizationCountry": "MX",
    "organizationName": "FEMSA Comercio",
    "businessName": "OXXO",
    "departmentId": "12NEO",
    "storeId": "52DUG",
    "numberOfRecords": "3",
    "searchId": "000000000000000000000000",
    "searchDate": "2024-12-10 20:51:43",
    "promotions": [
        {
            "lineNumber": "1",
            "folio": "  19706881",
            "itemCategory": " 1",
            "type": "03",
            "startDate": "19900101",
            "endDate": "20241210",
            "itemSku": "   7508304660690",
            "category": "",
            "providerType": "0",
            "requiredQuantity": "001.000",
            "discount": "00109.000",
            "discountType": " ",
            "optative": " ",
            "description": "RYC B12 $30.00                          ",
            "itemSubcategory": "",
            "itemSegment": "",
            "itemSubsegment": "",
            "durationCode": "1000023591111111",
            "grouper": "000.000",
            "percent": "000.00",
            "optativeOne": " ",
            "sent": " ",
            "action": "F",
            "binCode": "",
            "messagePsg": ""
        },
        {
            "lineNumber": "2",
            "folio": "  19706881",
            "itemCategory": " 1",
            "type": "03",
            "startDate": "19900101",
            "endDate": "20241210",
            "itemSku": "   7501000612406",
            "category": "",
            "providerType": "0",
            "requiredQuantity": "001.000",
            "discount": "00043.170",
            "discountType": " ",
            "optative": " ",
            "description": "RYC B12 $30.00                          ",
            "itemSubcategory": "",
            "itemSegment": "",
            "itemSubsegment": "",
            "durationCode": "1000023591111111",
            "grouper": "000.000",
            "percent": "000.00",
            "optativeOne": " ",
            "sent": " ",
            "action": "F",
            "binCode": "",
            "messagePsg": ""
        },
        {
            "lineNumber": "3",
            "folio": "  19706881",
            "itemCategory": " 1",
            "type": "03",
            "startDate": "19900101",
            "endDate": "20241210",
            "itemSku": "   7501058624130",
            "category": "",
            "providerType": "0",
            "requiredQuantity": "001.000",
            "discount": "00112.000",
            "discountType": " ",
            "optative": " ",
            "description": "RYC B12 $30.00                          ",
            "itemSubcategory": "",
            "itemSegment": "",
            "itemSubsegment": "",
            "durationCode": "1000023591111111",
            "grouper": "000.000",
            "percent": "000.00",
            "optativeOne": " ",
            "sent": " ",
            "action": "F",
            "binCode": "",
            "messagePsg": ""
        }
    ]
}