{
    "organizationCountry": "MX",
    "organizationName": "FEMSA Comercio",
    "businessName": "OXXO",
    "departmentId": "12NEO",
    "storeId": "52DUG",
    "numberOfRecords": "10",
    "searchId": "000000000000000000000000",
    "searchDate": "2024-12-05 20:48:03",
    "promotions": [
        {
            "lineNumber": "1",
            "folio": "  19706994",
            "itemCategory": " 1",
            "type": "00",
            "startDate": "19900101",
            "endDate": "20241204",
            "itemSku": "    757528030339",
            "category": "",
            "providerType": "0",
            "requiredQuantity": "003.000",
            "discount": "00033.300",
            "discountType": "P",
            "optative": "1",
            "description": "Oblea coronado o duvalin 3x2            ",
            "itemSubcategory": "    ",
            "itemSegment": "    ",
            "itemSubsegment": "    ",
            "durationCode": "1000023591111111",
            "grouper": "000.000",
            "percent": "000.00",
            "optativeOne": " ",
            "sent": " ",
            "action": "F",
            "binCode": "",
            "messagePsg": ""
        },
        {
            "lineNumber": "2",
            "folio": "  19706994",
            "itemCategory": " 1",
            "type": "00",
            "startDate": "19900101",
            "endDate": "20241204",
            "itemSku": "    025046021697",
            "category": "",
            "providerType": "0",
            "requiredQuantity": "003.000",
            "discount": "00033.300",
            "discountType": "P",
            "optative": "1",
            "description": "Oblea coronado o duvalin 3x2            ",
            "itemSubcategory": "    ",
            "itemSegment": "    ",
            "itemSubsegment": "    ",
            "durationCode": "1000023591111111",
            "grouper": "000.000",
            "percent": "000.00",
            "optativeOne": " ",
            "sent": " ",
            "action": "F",
            "binCode": "",
            "messagePsg": ""
        },
        {
            "lineNumber": "3",
            "folio": "  19707173",
            "itemCategory": " 1",
            "type": "00",
            "startDate": "20241205",
            "endDate": "20250107",
            "itemSku": "    757528030339",
            "category": "",
            "providerType": "0",
            "requiredQuantity": "003.000",
            "discount": "00033.300",
            "discountType": "P",
            "optative": "1",
            "description": "Variedad dulces paquete 3X2             ",
            "itemSubcategory": "    ",
            "itemSegment": "    ",
            "itemSubsegment": "    ",
            "durationCode": "1000023591111111",
            "grouper": "001.000",
            "percent": "000.00",
            "optativeOne": " ",
            "sent": " ",
            "action": "A",
            "binCode": "",
            "messagePsg": ""
        },
        {
            "lineNumber": "4",
            "folio": "  19707173",
            "itemCategory": " 1",
            "type": "00",
            "startDate": "20241205",
            "endDate": "20250107",
            "itemSku": "    757528003975",
            "category": "",
            "providerType": "0",
            "requiredQuantity": "003.000",
            "discount": "00033.300",
            "discountType": "P",
            "optative": "1",
            "description": "Variedad dulces paquete 3X2             ",
            "itemSubcategory": "    ",
            "itemSegment": "    ",
            "itemSubsegment": "    ",
            "durationCode": "1000023591111111",
            "grouper": "001.000",
            "percent": "000.00",
            "optativeOne": " ",
            "sent": " ",
            "action": "A",
            "binCode": "",
            "messagePsg": ""
        },
        {
            "lineNumber": "5",
            "folio": "  19707173",
            "itemCategory": " 1",
            "type": "00",
            "startDate": "20241205",
            "endDate": "20250107",
            "itemSku": "   7503030374996",
            "category": "",
            "providerType": "0",
            "requiredQuantity": "003.000",
            "discount": "00033.300",
            "discountType": "P",
            "optative": "1",
            "description": "Variedad dulces paquete 3X2             ",
            "itemSubcategory": "    ",
            "itemSegment": "    ",
            "itemSubsegment": "    ",
            "durationCode": "1000023591111111",
            "grouper": "001.000",
            "percent": "000.00",
            "optativeOne": " ",
            "sent": " ",
            "action": "A",
            "binCode": "",
            "messagePsg": ""
        },
        {
            "lineNumber": "6",
            "folio": "  19707173",
            "itemCategory": " 1",
            "type": "00",
            "startDate": "20241205",
            "endDate": "20250107",
            "itemSku": "   7503029771218",
            "category": "",
            "providerType": "0",
            "requiredQuantity": "003.000",
            "discount": "00033.300",
            "discountType": "P",
            "optative": "1",
            "description": "Variedad dulces paquete 3X2             ",
            "itemSubcategory": "    ",
            "itemSegment": "    ",
            "itemSubsegment": "    ",
            "durationCode": "1000023591111111",
            "grouper": "001.000",
            "percent": "000.00",
            "optativeOne": " ",
            "sent": " ",
            "action": "A",
            "binCode": "",
            "messagePsg": ""
        },
        {
            "lineNumber": "7",
            "folio": "  19707173",
            "itemCategory": " 1",
            "type": "00",
            "startDate": "20241205",
            "endDate": "20250107",
            "itemSku": "    025046021697",
            "category": "",
            "providerType": "0",
            "requiredQuantity": "003.000",
            "discount": "00033.300",
            "discountType": "P",
            "optative": "1",
            "description": "Variedad dulces paquete 3X2             ",
            "itemSubcategory": "    ",
            "itemSegment": "    ",
            "itemSubsegment": "    ",
            "durationCode": "1000023591111111",
            "grouper": "001.000",
            "percent": "000.00",
            "optativeOne": " ",
            "sent": " ",
            "action": "A",
            "binCode": "",
            "messagePsg": ""
        },
        {
            "lineNumber": "8",
            "folio": "  19707173",
            "itemCategory": " 1",
            "type": "00",
            "startDate": "20241205",
            "endDate": "20250107",
            "itemSku": "    757528030346",
            "category": "",
            "providerType": "0",
            "requiredQuantity": "003.000",
            "discount": "00033.300",
            "discountType": "P",
            "optative": "1",
            "description": "Variedad dulces paquete 3X2             ",
            "itemSubcategory": "    ",
            "itemSegment": "    ",
            "itemSubsegment": "    ",
            "durationCode": "1000023591111111",
            "grouper": "001.000",
            "percent": "000.00",
            "optativeOne": " ",
            "sent": " ",
            "action": "A",
            "binCode": "",
            "messagePsg": ""
        },
        {
            "lineNumber": "9",
            "folio": "  19707173",
            "itemCategory": " 1",
            "type": "00",
            "startDate": "20241205",
            "endDate": "20250107",
            "itemSku": "    759686661127",
            "category": "",
            "providerType": "0",
            "requiredQuantity": "003.000",
            "discount": "00033.300",
            "discountType": "P",
            "optative": "1",
            "description": "Variedad dulces paquete 3X2             ",
            "itemSubcategory": "    ",
            "itemSegment": "    ",
            "itemSubsegment": "    ",
            "durationCode": "1000023591111111",
            "grouper": "001.000",
            "percent": "000.00",
            "optativeOne": " ",
            "sent": " ",
            "action": "A",
            "binCode": "",
            "messagePsg": ""
        },
        {
            "lineNumber": "10",
            "folio": "  19707173",
            "itemCategory": " 1",
            "type": "00",
            "startDate": "20241205",
            "endDate": "20250107",
            "itemSku": "   7503030572002",
            "category": "",
            "providerType": "0",
            "requiredQuantity": "003.000",
            "discount": "00033.300",
            "discountType": "P",
            "optative": "1",
            "description": "Variedad dulces paquete 3X2             ",
            "itemSubcategory": "    ",
            "itemSegment": "    ",
            "itemSubsegment": "    ",
            "durationCode": "1000023591111111",
            "grouper": "001.000",
            "percent": "000.00",
            "optativeOne": " ",
            "sent": " ",
            "action": "A",
            "binCode": "",
            "messagePsg": ""
        }
    ]
}