{
    "organizationCountry": "MX",
    "organizationName": "FEMSA Comercio",
    "businessName": "OXXO",
    "departmentId": "12NEO",
    "storeId": "52DUG",
    "numberOfRecords": "63",
    "searchId": "000000000000000000000000",
    "searchDate": "2024-11-13 02:28:19",
    "promotions": [
        {
            "lineNumber": "1",
            "folio": "  19704696",
            "itemCategory": " 1",
            "type": "00",
            "startDate": "19900101",
            "endDate": "20241113",
            "itemSku": "   7501792406030",
            "category": "",
            "providerType": "0",
            "requiredQuantity": "003.000",
            "discount": "00033.300",
            "discountType": "P",
            "optative": "1",
            "description": "Variedad pan de muerto 3x2              ",
            "itemSubcategory": "    ",
            "itemSegment": "    ",
            "itemSubsegment": "    ",
            "durationCode": "1000023591111111",
            "grouper": "000.000",
            "percent": "000.00",
            "optativeOne": " ",
            "sent": " ",
            "action": "F",
            "binCode": "",
            "messagePsg": ""
        },
        {
            "lineNumber": "2",
            "folio": "  19704696",
            "itemCategory": " 1",
            "type": "00",
            "startDate": "19900101",
            "endDate": "20241113",
            "itemSku": "   7501792406924",
            "category": "",
            "providerType": "0",
            "requiredQuantity": "003.000",
            "discount": "00033.300",
            "discountType": "P",
            "optative": "1",
            "description": "Variedad pan de muerto 3x2              ",
            "itemSubcategory": "    ",
            "itemSegment": "    ",
            "itemSubsegment": "    ",
            "durationCode": "1000023591111111",
            "grouper": "000.000",
            "percent": "000.00",
            "optativeOne": " ",
            "sent": " ",
            "action": "F",
            "binCode": "",
            "messagePsg": ""
        },
        {
            "lineNumber": "3",
            "folio": "  19705181",
            "itemCategory": " 1",
            "type": "03",
            "startDate": "19900101",
            "endDate": "20241113",
            "itemSku": "   7500435150736",
            "category": "",
            "providerType": "0",
            "requiredQuantity": "001.000",
            "discount": "00207.350",
            "discountType": " ",
            "optative": " ",
            "description": "PSP SIMPLES NACIONAL B11                ",
            "itemSubcategory": "",
            "itemSegment": "",
            "itemSubsegment": "",
            "durationCode": "1000023591111111",
            "grouper": "000.000",
            "percent": "000.00",
            "optativeOne": " ",
            "sent": " ",
            "action": "F",
            "binCode": "",
            "messagePsg": ""
        },
        {
            "lineNumber": "4",
            "folio": "  19705181",
            "itemCategory": " 1",
            "type": "03",
            "startDate": "19900101",
            "endDate": "20241113",
            "itemSku": "   7500435161275",
            "category": "",
            "providerType": "0",
            "requiredQuantity": "001.000",
            "discount": "00044.600",
            "discountType": " ",
            "optative": " ",
            "description": "PSP SIMPLES NACIONAL B11                ",
            "itemSubcategory": "",
            "itemSegment": "",
            "itemSubsegment": "",
            "durationCode": "1000023591111111",
            "grouper": "000.000",
            "percent": "000.00",
            "optativeOne": " ",
            "sent": " ",
            "action": "F",
            "binCode": "",
            "messagePsg": ""
        },
        {
            "lineNumber": "5",
            "folio": "  19705181",
            "itemCategory": " 1",
            "type": "03",
            "startDate": "19900101",
            "endDate": "20241113",
            "itemSku": "   7500459001571",
            "category": "",
            "providerType": "0",
            "requiredQuantity": "001.000",
            "discount": "00028.160",
            "discountType": " ",
            "optative": " ",
            "description": "PSP SIMPLES NACIONAL B11                ",
            "itemSubcategory": "",
            "itemSegment": "",
            "itemSubsegment": "",
            "durationCode": "1000023591111111",
            "grouper": "000.000",
            "percent": "000.00",
            "optativeOne": " ",
            "sent": " ",
            "action": "F",
            "binCode": "",
            "messagePsg": ""
        },
        {
            "lineNumber": "6",
            "folio": "  19705181",
            "itemCategory": " 1",
            "type": "03",
            "startDate": "19900101",
            "endDate": "20241113",
            "itemSku": "   7500459001595",
            "category": "",
            "providerType": "0",
            "requiredQuantity": "001.000",
            "discount": "00028.160",
            "discountType": " ",
            "optative": " ",
            "description": "PSP SIMPLES NACIONAL B11                ",
            "itemSubcategory": "",
            "itemSegment": "",
            "itemSubsegment": "",
            "durationCode": "1000023591111111",
            "grouper": "000.000",
            "percent": "000.00",
            "optativeOne": " ",
            "sent": " ",
            "action": "F",
            "binCode": "",
            "messagePsg": ""
        },
        {
            "lineNumber": "7",
            "folio": "  19705181",
            "itemCategory": " 1",
            "type": "03",
            "startDate": "19900101",
            "endDate": "20241113",
            "itemSku": "   7501000658404",
            "category": "",
            "providerType": "0",
            "requiredQuantity": "001.000",
            "discount": "00017.300",
            "discountType": " ",
            "optative": " ",
            "description": "PSP SIMPLES NACIONAL B11                ",
            "itemSubcategory": "",
            "itemSegment": "",
            "itemSubsegment": "",
            "durationCode": "1000023591111111",
            "grouper": "000.000",
            "percent": "000.00",
            "optativeOne": " ",
            "sent": " ",
            "action": "F",
            "binCode": "",
            "messagePsg": ""
        },
        {
            "lineNumber": "8",
            "folio": "  19705181",
            "itemCategory": " 1",
            "type": "03",
            "startDate": "19900101",
            "endDate": "20241113",
            "itemSku": "   7501003340122",
            "category": "",
            "providerType": "0",
            "requiredQuantity": "001.000",
            "discount": "00027.500",
            "discountType": " ",
            "optative": " ",
            "description": "PSP SIMPLES NACIONAL B11                ",
            "itemSubcategory": "",
            "itemSegment": "",
            "itemSubsegment": "",
            "durationCode": "1000023591111111",
            "grouper": "000.000",
            "percent": "000.00",
            "optativeOne": " ",
            "sent": " ",
            "action": "F",
            "binCode": "",
            "messagePsg": ""
        },
        {
            "lineNumber": "9",
            "folio": "  19705181",
            "itemCategory": " 1",
            "type": "03",
            "startDate": "19900101",
            "endDate": "20241113",
            "itemSku": "   7501008762097",
            "category": "",
            "providerType": "0",
            "requiredQuantity": "001.000",
            "discount": "00033.860",
            "discountType": " ",
            "optative": " ",
            "description": "PSP SIMPLES NACIONAL B11                ",
            "itemSubcategory": "",
            "itemSegment": "",
            "itemSubsegment": "",
            "durationCode": "1000023591111111",
            "grouper": "000.000",
            "percent": "000.00",
            "optativeOne": " ",
            "sent": " ",
            "action": "F",
            "binCode": "",
            "messagePsg": ""
        },
        {
            "lineNumber": "10",
            "folio": "  19705181",
            "itemCategory": " 1",
            "type": "03",
            "startDate": "19900101",
            "endDate": "20241113",
            "itemSku": "   7501008762899",
            "category": "",
            "providerType": "0",
            "requiredQuantity": "001.000",
            "discount": "00036.400",
            "discountType": " ",
            "optative": " ",
            "description": "PSP SIMPLES NACIONAL B11                ",
            "itemSubcategory": "",
            "itemSegment": "",
            "itemSubsegment": "",
            "durationCode": "1000023591111111",
            "grouper": "000.000",
            "percent": "000.00",
            "optativeOne": " ",
            "sent": " ",
            "action": "F",
            "binCode": "",
            "messagePsg": ""
        },
        {
            "lineNumber": "11",
            "folio": "  19705181",
            "itemCategory": " 1",
            "type": "03",
            "startDate": "19900101",
            "endDate": "20241113",
            "itemSku": "   7501018310943",
            "category": "",
            "providerType": "0",
            "requiredQuantity": "001.000",
            "discount": "00020.000",
            "discountType": " ",
            "optative": " ",
            "description": "PSP SIMPLES NACIONAL B11                ",
            "itemSubcategory": "",
            "itemSegment": "",
            "itemSubsegment": "",
            "durationCode": "1000023591111111",
            "grouper": "000.000",
            "percent": "000.00",
            "optativeOne": " ",
            "sent": " ",
            "action": "F",
            "binCode": "",
            "messagePsg": ""
        },
        {
            "lineNumber": "12",
            "folio": "  19705181",
            "itemCategory": " 1",
            "type": "03",
            "startDate": "19900101",
            "endDate": "20241113",
            "itemSku": "   7501020500080",
            "category": "",
            "providerType": "0",
            "requiredQuantity": "001.000",
            "discount": "00089.000",
            "discountType": " ",
            "optative": " ",
            "description": "PSP SIMPLES NACIONAL B11                ",
            "itemSubcategory": "",
            "itemSegment": "",
            "itemSubsegment": "",
            "durationCode": "1000023591111111",
            "grouper": "000.000",
            "percent": "000.00",
            "optativeOne": " ",
            "sent": " ",
            "action": "F",
            "binCode": "",
            "messagePsg": ""
        },
        {
            "lineNumber": "13",
            "folio": "  19705181",
            "itemCategory": " 1",
            "type": "03",
            "startDate": "19900101",
            "endDate": "20241113",
            "itemSku": "   7501020547047",
            "category": "",
            "providerType": "0",
            "requiredQuantity": "001.000",
            "discount": "00044.370",
            "discountType": " ",
            "optative": " ",
            "description": "PSP SIMPLES NACIONAL B11                ",
            "itemSubcategory": "",
            "itemSegment": "",
            "itemSubsegment": "",
            "durationCode": "1000023591111111",
            "grouper": "000.000",
            "percent": "000.00",
            "optativeOne": " ",
            "sent": " ",
            "action": "F",
            "binCode": "",
            "messagePsg": ""
        },
        {
            "lineNumber": "14",
            "folio": "  19705181",
            "itemCategory": " 1",
            "type": "03",
            "startDate": "19900101",
            "endDate": "20241113",
            "itemSku": "   7501020562040",
            "category": "",
            "providerType": "0",
            "requiredQuantity": "001.000",
            "discount": "00043.300",
            "discountType": " ",
            "optative": " ",
            "description": "PSP SIMPLES NACIONAL B11                ",
            "itemSubcategory": "",
            "itemSegment": "",
            "itemSubsegment": "",
            "durationCode": "1000023591111111",
            "grouper": "000.000",
            "percent": "000.00",
            "optativeOne": " ",
            "sent": " ",
            "action": "F",
            "binCode": "",
            "messagePsg": ""
        },
        {
            "lineNumber": "15",
            "folio": "  19705181",
            "itemCategory": " 1",
            "type": "03",
            "startDate": "19900101",
            "endDate": "20241113",
            "itemSku": "   7501020563733",
            "category": "",
            "providerType": "0",
            "requiredQuantity": "001.000",
            "discount": "00040.000",
            "discountType": " ",
            "optative": " ",
            "description": "PSP SIMPLES NACIONAL B11                ",
            "itemSubcategory": "",
            "itemSegment": "",
            "itemSubsegment": "",
            "durationCode": "1000023591111111",
            "grouper": "000.000",
            "percent": "000.00",
            "optativeOne": " ",
            "sent": " ",
            "action": "F",
            "binCode": "",
            "messagePsg": ""
        },
        {
            "lineNumber": "16",
            "folio": "  19705181",
            "itemCategory": " 1",
            "type": "03",
            "startDate": "19900101",
            "endDate": "20241113",
            "itemSku": "   7501035910034",
            "category": "",
            "providerType": "0",
            "requiredQuantity": "001.000",
            "discount": "00037.500",
            "discountType": " ",
            "optative": " ",
            "description": "PSP SIMPLES NACIONAL B11                ",
            "itemSubcategory": "",
            "itemSegment": "",
            "itemSubsegment": "",
            "durationCode": "1000023591111111",
            "grouper": "000.000",
            "percent": "000.00",
            "optativeOne": " ",
            "sent": " ",
            "action": "F",
            "binCode": "",
            "messagePsg": ""
        },
        {
            "lineNumber": "17",
            "folio": "  19705181",
            "itemCategory": " 1",
            "type": "03",
            "startDate": "19900101",
            "endDate": "20241113",
            "itemSku": "   7501035910041",
            "category": "",
            "providerType": "0",
            "requiredQuantity": "001.000",
            "discount": "00037.500",
            "discountType": " ",
            "optative": " ",
            "description": "PSP SIMPLES NACIONAL B11                ",
            "itemSubcategory": "",
            "itemSegment": "",
            "itemSubsegment": "",
            "durationCode": "1000023591111111",
            "grouper": "000.000",
            "percent": "000.00",
            "optativeOne": " ",
            "sent": " ",
            "action": "F",
            "binCode": "",
            "messagePsg": ""
        },
        {
            "lineNumber": "18",
            "folio": "  19705181",
            "itemCategory": " 1",
            "type": "03",
            "startDate": "19900101",
            "endDate": "20241113",
            "itemSku": "   7501039120149",
            "category": "",
            "providerType": "0",
            "requiredQuantity": "001.000",
            "discount": "00048.000",
            "discountType": " ",
            "optative": " ",
            "description": "PSP SIMPLES NACIONAL B11                ",
            "itemSubcategory": "",
            "itemSegment": "",
            "itemSubsegment": "",
            "durationCode": "1000023591111111",
            "grouper": "000.000",
            "percent": "000.00",
            "optativeOne": " ",
            "sent": " ",
            "action": "F",
            "binCode": "",
            "messagePsg": ""
        },
        {
            "lineNumber": "19",
            "folio": "  19705181",
            "itemCategory": " 1",
            "type": "03",
            "startDate": "19900101",
            "endDate": "20241113",
            "itemSku": "   7501039121993",
            "category": "",
            "providerType": "0",
            "requiredQuantity": "001.000",
            "discount": "00026.000",
            "discountType": " ",
            "optative": " ",
            "description": "PSP SIMPLES NACIONAL B11                ",
            "itemSubcategory": "",
            "itemSegment": "",
            "itemSubsegment": "",
            "durationCode": "1000023591111111",
            "grouper": "000.000",
            "percent": "000.00",
            "optativeOne": " ",
            "sent": " ",
            "action": "F",
            "binCode": "",
            "messagePsg": ""
        },
        {
            "lineNumber": "20",
            "folio": "  19705181",
            "itemCategory": " 1",
            "type": "03",
            "startDate": "19900101",
            "endDate": "20241113",
            "itemSku": "   7501039122099",
            "category": "",
            "providerType": "0",
            "requiredQuantity": "001.000",
            "discount": "00043.000",
            "discountType": " ",
            "optative": " ",
            "description": "PSP SIMPLES NACIONAL B11                ",
            "itemSubcategory": "",
            "itemSegment": "",
            "itemSubsegment": "",
            "durationCode": "1000023591111111",
            "grouper": "000.000",
            "percent": "000.00",
            "optativeOne": " ",
            "sent": " ",
            "action": "F",
            "binCode": "",
            "messagePsg": ""
        },
        {
            "lineNumber": "21",
            "folio": "  19705181",
            "itemCategory": " 1",
            "type": "03",
            "startDate": "19900101",
            "endDate": "20241113",
            "itemSku": "   7501045403007",
            "category": "",
            "providerType": "0",
            "requiredQuantity": "001.000",
            "discount": "00022.200",
            "discountType": " ",
            "optative": " ",
            "description": "PSP SIMPLES NACIONAL B11                ",
            "itemSubcategory": "",
            "itemSegment": "",
            "itemSubsegment": "",
            "durationCode": "1000023591111111",
            "grouper": "000.000",
            "percent": "000.00",
            "optativeOne": " ",
            "sent": " ",
            "action": "F",
            "binCode": "",
            "messagePsg": ""
        },
        {
            "lineNumber": "22",
            "folio": "  19705181",
            "itemCategory": " 1",
            "type": "03",
            "startDate": "19900101",
            "endDate": "20241113",
            "itemSku": "   7501045403014",
            "category": "",
            "providerType": "0",
            "requiredQuantity": "001.000",
            "discount": "00022.200",
            "discountType": " ",
            "optative": " ",
            "description": "PSP SIMPLES NACIONAL B11                ",
            "itemSubcategory": "",
            "itemSegment": "",
            "itemSubsegment": "",
            "durationCode": "1000023591111111",
            "grouper": "000.000",
            "percent": "000.00",
            "optativeOne": " ",
            "sent": " ",
            "action": "F",
            "binCode": "",
            "messagePsg": ""
        },
        {
            "lineNumber": "23",
            "folio": "  19705181",
            "itemCategory": " 1",
            "type": "03",
            "startDate": "19900101",
            "endDate": "20241113",
            "itemSku": "   7501045403281",
            "category": "",
            "providerType": "0",
            "requiredQuantity": "001.000",
            "discount": "00043.000",
            "discountType": " ",
            "optative": " ",
            "description": "PSP SIMPLES NACIONAL B11                ",
            "itemSubcategory": "",
            "itemSegment": "",
            "itemSubsegment": "",
            "durationCode": "1000023591111111",
            "grouper": "000.000",
            "percent": "000.00",
            "optativeOne": " ",
            "sent": " ",
            "action": "F",
            "binCode": "",
            "messagePsg": ""
        },
        {
            "lineNumber": "24",
            "folio": "  19705181",
            "itemCategory": " 1",
            "type": "03",
            "startDate": "19900101",
            "endDate": "20241113",
            "itemSku": "   7501048102501",
            "category": "",
            "providerType": "0",
            "requiredQuantity": "001.000",
            "discount": "00041.000",
            "discountType": " ",
            "optative": " ",
            "description": "PSP SIMPLES NACIONAL B11                ",
            "itemSubcategory": "",
            "itemSegment": "",
            "itemSubsegment": "",
            "durationCode": "1000023591111111",
            "grouper": "000.000",
            "percent": "000.00",
            "optativeOne": " ",
            "sent": " ",
            "action": "F",
            "binCode": "",
            "messagePsg": ""
        },
        {
            "lineNumber": "25",
            "folio": "  19705181",
            "itemCategory": " 1",
            "type": "03",
            "startDate": "19900101",
            "endDate": "20241113",
            "itemSku": "   7501058715364",
            "category": "",
            "providerType": "0",
            "requiredQuantity": "001.000",
            "discount": "00027.000",
            "discountType": " ",
            "optative": " ",
            "description": "PSP SIMPLES NACIONAL B11                ",
            "itemSubcategory": "",
            "itemSegment": "",
            "itemSubsegment": "",
            "durationCode": "1000023591111111",
            "grouper": "000.000",
            "percent": "000.00",
            "optativeOne": " ",
            "sent": " ",
            "action": "F",
            "binCode": "",
            "messagePsg": ""
        },
        {
            "lineNumber": "26",
            "folio": "  19705181",
            "itemCategory": " 1",
            "type": "03",
            "startDate": "19900101",
            "endDate": "20241113",
            "itemSku": "   7501058757463",
            "category": "",
            "providerType": "0",
            "requiredQuantity": "001.000",
            "discount": "00027.500",
            "discountType": " ",
            "optative": " ",
            "description": "PSP SIMPLES NACIONAL B11                ",
            "itemSubcategory": "",
            "itemSegment": "",
            "itemSubsegment": "",
            "durationCode": "1000023591111111",
            "grouper": "000.000",
            "percent": "000.00",
            "optativeOne": " ",
            "sent": " ",
            "action": "F",
            "binCode": "",
            "messagePsg": ""
        },
        {
            "lineNumber": "27",
            "folio": "  19705181",
            "itemCategory": " 1",
            "type": "03",
            "startDate": "19900101",
            "endDate": "20241113",
            "itemSku": "   7501059225350",
            "category": "",
            "providerType": "0",
            "requiredQuantity": "001.000",
            "discount": "00170.000",
            "discountType": " ",
            "optative": " ",
            "description": "PSP SIMPLES NACIONAL B11                ",
            "itemSubcategory": "",
            "itemSegment": "",
            "itemSubsegment": "",
            "durationCode": "1000023591111111",
            "grouper": "000.000",
            "percent": "000.00",
            "optativeOne": " ",
            "sent": " ",
            "action": "F",
            "binCode": "",
            "messagePsg": ""
        },
        {
            "lineNumber": "28",
            "folio": "  19705181",
            "itemCategory": " 1",
            "type": "03",
            "startDate": "19900101",
            "endDate": "20241113",
            "itemSku": "   7501071301087",
            "category": "",
            "providerType": "0",
            "requiredQuantity": "001.000",
            "discount": "00056.000",
            "discountType": " ",
            "optative": " ",
            "description": "PSP SIMPLES NACIONAL B11                ",
            "itemSubcategory": "",
            "itemSegment": "",
            "itemSubsegment": "",
            "durationCode": "1000023591111111",
            "grouper": "000.000",
            "percent": "000.00",
            "optativeOne": " ",
            "sent": " ",
            "action": "F",
            "binCode": "",
            "messagePsg": ""
        },
        {
            "lineNumber": "29",
            "folio": "  19705181",
            "itemCategory": " 1",
            "type": "03",
            "startDate": "19900101",
            "endDate": "20241113",
            "itemSku": "   7501071301148",
            "category": "",
            "providerType": "0",
            "requiredQuantity": "001.000",
            "discount": "00041.500",
            "discountType": " ",
            "optative": " ",
            "description": "PSP SIMPLES NACIONAL B11                ",
            "itemSubcategory": "",
            "itemSegment": "",
            "itemSubsegment": "",
            "durationCode": "1000023591111111",
            "grouper": "000.000",
            "percent": "000.00",
            "optativeOne": " ",
            "sent": " ",
            "action": "F",
            "binCode": "",
            "messagePsg": ""
        },
        {
            "lineNumber": "30",
            "folio": "  19705181",
            "itemCategory": " 1",
            "type": "03",
            "startDate": "19900101",
            "endDate": "20241113",
            "itemSku": "   7500435138772",
            "category": "",
            "providerType": "0",
            "requiredQuantity": "001.000",
            "discount": "00040.990",
            "discountType": " ",
            "optative": " ",
            "description": "PSP SIMPLES NACIONAL B11                ",
            "itemSubcategory": "",
            "itemSegment": "",
            "itemSubsegment": "",
            "durationCode": "1000023591111111",
            "grouper": "000.000",
            "percent": "000.00",
            "optativeOne": " ",
            "sent": " ",
            "action": "F",
            "binCode": "",
            "messagePsg": ""
        },
        {
            "lineNumber": "31",
            "folio": "  19705181",
            "itemCategory": " 1",
            "type": "03",
            "startDate": "19900101",
            "endDate": "20241113",
            "itemSku": "   7500435108256",
            "category": "",
            "providerType": "0",
            "requiredQuantity": "001.000",
            "discount": "00029.320",
            "discountType": " ",
            "optative": " ",
            "description": "PSP SIMPLES NACIONAL B11                ",
            "itemSubcategory": "",
            "itemSegment": "",
            "itemSubsegment": "",
            "durationCode": "1000023591111111",
            "grouper": "000.000",
            "percent": "000.00",
            "optativeOne": " ",
            "sent": " ",
            "action": "F",
            "binCode": "",
            "messagePsg": ""
        },
        {
            "lineNumber": "32",
            "folio": "  19705181",
            "itemCategory": " 1",
            "type": "03",
            "startDate": "19900101",
            "endDate": "20241113",
            "itemSku": "   7501071301698",
            "category": "",
            "providerType": "0",
            "requiredQuantity": "001.000",
            "discount": "00035.500",
            "discountType": " ",
            "optative": " ",
            "description": "PSP SIMPLES NACIONAL B11                ",
            "itemSubcategory": "",
            "itemSegment": "",
            "itemSubsegment": "",
            "durationCode": "1000023591111111",
            "grouper": "000.000",
            "percent": "000.00",
            "optativeOne": " ",
            "sent": " ",
            "action": "F",
            "binCode": "",
            "messagePsg": ""
        },
        {
            "lineNumber": "33",
            "folio": "  19705181",
            "itemCategory": " 1",
            "type": "03",
            "startDate": "19900101",
            "endDate": "20241113",
            "itemSku": "   7509546680293",
            "category": "",
            "providerType": "0",
            "requiredQuantity": "001.000",
            "discount": "00028.000",
            "discountType": " ",
            "optative": " ",
            "description": "PSP SIMPLES NACIONAL B11                ",
            "itemSubcategory": "",
            "itemSegment": "",
            "itemSubsegment": "",
            "durationCode": "1000023591111111",
            "grouper": "000.000",
            "percent": "000.00",
            "optativeOne": " ",
            "sent": " ",
            "action": "F",
            "binCode": "",
            "messagePsg": ""
        },
        {
            "lineNumber": "34",
            "folio": "  19705181",
            "itemCategory": " 1",
            "type": "03",
            "startDate": "19900101",
            "endDate": "20241113",
            "itemSku": "   7501199413280",
            "category": "",
            "providerType": "0",
            "requiredQuantity": "001.000",
            "discount": "00044.920",
            "discountType": " ",
            "optative": " ",
            "description": "PSP SIMPLES NACIONAL B11                ",
            "itemSubcategory": "",
            "itemSegment": "",
            "itemSubsegment": "",
            "durationCode": "1000023591111111",
            "grouper": "000.000",
            "percent": "000.00",
            "optativeOne": " ",
            "sent": " ",
            "action": "F",
            "binCode": "",
            "messagePsg": ""
        },
        {
            "lineNumber": "35",
            "folio": "  19705181",
            "itemCategory": " 1",
            "type": "03",
            "startDate": "19900101",
            "endDate": "20241113",
            "itemSku": "   7501199413297",
            "category": "",
            "providerType": "0",
            "requiredQuantity": "001.000",
            "discount": "00044.920",
            "discountType": " ",
            "optative": " ",
            "description": "PSP SIMPLES NACIONAL B11                ",
            "itemSubcategory": "",
            "itemSegment": "",
            "itemSubsegment": "",
            "durationCode": "1000023591111111",
            "grouper": "000.000",
            "percent": "000.00",
            "optativeOne": " ",
            "sent": " ",
            "action": "F",
            "binCode": "",
            "messagePsg": ""
        },
        {
            "lineNumber": "36",
            "folio": "  19705181",
            "itemCategory": " 1",
            "type": "03",
            "startDate": "19900101",
            "endDate": "20241113",
            "itemSku": "   7501199413327",
            "category": "",
            "providerType": "0",
            "requiredQuantity": "001.000",
            "discount": "00080.450",
            "discountType": " ",
            "optative": " ",
            "description": "PSP SIMPLES NACIONAL B11                ",
            "itemSubcategory": "",
            "itemSegment": "",
            "itemSubsegment": "",
            "durationCode": "1000023591111111",
            "grouper": "000.000",
            "percent": "000.00",
            "optativeOne": " ",
            "sent": " ",
            "action": "F",
            "binCode": "",
            "messagePsg": ""
        },
        {
            "lineNumber": "37",
            "folio": "  19705181",
            "itemCategory": " 1",
            "type": "03",
            "startDate": "19900101",
            "endDate": "20241113",
            "itemSku": "   7501761869149",
            "category": "",
            "providerType": "0",
            "requiredQuantity": "001.000",
            "discount": "00041.300",
            "discountType": " ",
            "optative": " ",
            "description": "PSP SIMPLES NACIONAL B11                ",
            "itemSubcategory": "",
            "itemSegment": "",
            "itemSubsegment": "",
            "durationCode": "1000023591111111",
            "grouper": "000.000",
            "percent": "000.00",
            "optativeOne": " ",
            "sent": " ",
            "action": "F",
            "binCode": "",
            "messagePsg": ""
        },
        {
            "lineNumber": "38",
            "folio": "  19705181",
            "itemCategory": " 1",
            "type": "03",
            "startDate": "19900101",
            "endDate": "20241113",
            "itemSku": "   7502271157740",
            "category": "",
            "providerType": "0",
            "requiredQuantity": "001.000",
            "discount": "00031.790",
            "discountType": " ",
            "optative": " ",
            "description": "PSP SIMPLES NACIONAL B11                ",
            "itemSubcategory": "",
            "itemSegment": "",
            "itemSubsegment": "",
            "durationCode": "1000023591111111",
            "grouper": "000.000",
            "percent": "000.00",
            "optativeOne": " ",
            "sent": " ",
            "action": "F",
            "binCode": "",
            "messagePsg": ""
        },
        {
            "lineNumber": "39",
            "folio": "  19705181",
            "itemCategory": " 1",
            "type": "03",
            "startDate": "19900101",
            "endDate": "20241113",
            "itemSku": "   7502271157801",
            "category": "",
            "providerType": "0",
            "requiredQuantity": "001.000",
            "discount": "00017.000",
            "discountType": " ",
            "optative": " ",
            "description": "PSP SIMPLES NACIONAL B11                ",
            "itemSubcategory": "",
            "itemSegment": "",
            "itemSubsegment": "",
            "durationCode": "1000023591111111",
            "grouper": "000.000",
            "percent": "000.00",
            "optativeOne": " ",
            "sent": " ",
            "action": "F",
            "binCode": "",
            "messagePsg": ""
        },
        {
            "lineNumber": "40",
            "folio": "  19705181",
            "itemCategory": " 1",
            "type": "03",
            "startDate": "19900101",
            "endDate": "20241113",
            "itemSku": "   7502271158624",
            "category": "",
            "providerType": "0",
            "requiredQuantity": "001.000",
            "discount": "00005.900",
            "discountType": " ",
            "optative": " ",
            "description": "PSP SIMPLES NACIONAL B11                ",
            "itemSubcategory": "",
            "itemSegment": "",
            "itemSubsegment": "",
            "durationCode": "1000023591111111",
            "grouper": "000.000",
            "percent": "000.00",
            "optativeOne": " ",
            "sent": " ",
            "action": "F",
            "binCode": "",
            "messagePsg": ""
        },
        {
            "lineNumber": "41",
            "folio": "  19705181",
            "itemCategory": " 1",
            "type": "03",
            "startDate": "19900101",
            "endDate": "20241113",
            "itemSku": "   7502271158655",
            "category": "",
            "providerType": "0",
            "requiredQuantity": "001.000",
            "discount": "00005.900",
            "discountType": " ",
            "optative": " ",
            "description": "PSP SIMPLES NACIONAL B11                ",
            "itemSubcategory": "",
            "itemSegment": "",
            "itemSubsegment": "",
            "durationCode": "1000023591111111",
            "grouper": "000.000",
            "percent": "000.00",
            "optativeOne": " ",
            "sent": " ",
            "action": "F",
            "binCode": "",
            "messagePsg": ""
        },
        {
            "lineNumber": "42",
            "folio": "  19705181",
            "itemCategory": " 1",
            "type": "03",
            "startDate": "19900101",
            "endDate": "20241113",
            "itemSku": "   7502271159096",
            "category": "",
            "providerType": "0",
            "requiredQuantity": "001.000",
            "discount": "00036.000",
            "discountType": " ",
            "optative": " ",
            "description": "PSP SIMPLES NACIONAL B11                ",
            "itemSubcategory": "",
            "itemSegment": "",
            "itemSubsegment": "",
            "durationCode": "1000023591111111",
            "grouper": "000.000",
            "percent": "000.00",
            "optativeOne": " ",
            "sent": " ",
            "action": "F",
            "binCode": "",
            "messagePsg": ""
        },
        {
            "lineNumber": "43",
            "folio": "  19705181",
            "itemCategory": " 1",
            "type": "03",
            "startDate": "19900101",
            "endDate": "20241113",
            "itemSku": "   7502271159812",
            "category": "",
            "providerType": "0",
            "requiredQuantity": "001.000",
            "discount": "00038.420",
            "discountType": " ",
            "optative": " ",
            "description": "PSP SIMPLES NACIONAL B11                ",
            "itemSubcategory": "",
            "itemSegment": "",
            "itemSubsegment": "",
            "durationCode": "1000023591111111",
            "grouper": "000.000",
            "percent": "000.00",
            "optativeOne": " ",
            "sent": " ",
            "action": "F",
            "binCode": "",
            "messagePsg": ""
        },
        {
            "lineNumber": "44",
            "folio": "  19705181",
            "itemCategory": " 1",
            "type": "03",
            "startDate": "19900101",
            "endDate": "20241113",
            "itemSku": "   7502294220414",
            "category": "",
            "providerType": "0",
            "requiredQuantity": "001.000",
            "discount": "00028.000",
            "discountType": " ",
            "optative": " ",
            "description": "PSP SIMPLES NACIONAL B11                ",
            "itemSubcategory": "",
            "itemSegment": "",
            "itemSubsegment": "",
            "durationCode": "1000023591111111",
            "grouper": "000.000",
            "percent": "000.00",
            "optativeOne": " ",
            "sent": " ",
            "action": "F",
            "binCode": "",
            "messagePsg": ""
        },
        {
            "lineNumber": "45",
            "folio": "  19705181",
            "itemCategory": " 1",
            "type": "03",
            "startDate": "19900101",
            "endDate": "20241113",
            "itemSku": "   7502294221190",
            "category": "",
            "providerType": "0",
            "requiredQuantity": "001.000",
            "discount": "00055.540",
            "discountType": " ",
            "optative": " ",
            "description": "PSP SIMPLES NACIONAL B11                ",
            "itemSubcategory": "",
            "itemSegment": "",
            "itemSubsegment": "",
            "durationCode": "1000023591111111",
            "grouper": "000.000",
            "percent": "000.00",
            "optativeOne": " ",
            "sent": " ",
            "action": "F",
            "binCode": "",
            "messagePsg": ""
        },
        {
            "lineNumber": "46",
            "folio": "  19705181",
            "itemCategory": " 1",
            "type": "03",
            "startDate": "19900101",
            "endDate": "20241113",
            "itemSku": "   7502294221206",
            "category": "",
            "providerType": "0",
            "requiredQuantity": "001.000",
            "discount": "00036.770",
            "discountType": " ",
            "optative": " ",
            "description": "PSP SIMPLES NACIONAL B11                ",
            "itemSubcategory": "",
            "itemSegment": "",
            "itemSubsegment": "",
            "durationCode": "1000023591111111",
            "grouper": "000.000",
            "percent": "000.00",
            "optativeOne": " ",
            "sent": " ",
            "action": "F",
            "binCode": "",
            "messagePsg": ""
        },
        {
            "lineNumber": "47",
            "folio": "  19705181",
            "itemCategory": " 1",
            "type": "03",
            "startDate": "19900101",
            "endDate": "20241113",
            "itemSku": "   7502294221213",
            "category": "",
            "providerType": "0",
            "requiredQuantity": "001.000",
            "discount": "00026.200",
            "discountType": " ",
            "optative": " ",
            "description": "PSP SIMPLES NACIONAL B11                ",
            "itemSubcategory": "",
            "itemSegment": "",
            "itemSubsegment": "",
            "durationCode": "1000023591111111",
            "grouper": "000.000",
            "percent": "000.00",
            "optativeOne": " ",
            "sent": " ",
            "action": "F",
            "binCode": "",
            "messagePsg": ""
        },
        {
            "lineNumber": "48",
            "folio": "  19705181",
            "itemCategory": " 1",
            "type": "03",
            "startDate": "19900101",
            "endDate": "20241113",
            "itemSku": "   7502294222685",
            "category": "",
            "providerType": "0",
            "requiredQuantity": "001.000",
            "discount": "00020.320",
            "discountType": " ",
            "optative": " ",
            "description": "PSP SIMPLES NACIONAL B11                ",
            "itemSubcategory": "",
            "itemSegment": "",
            "itemSubsegment": "",
            "durationCode": "1000023591111111",
            "grouper": "000.000",
            "percent": "000.00",
            "optativeOne": " ",
            "sent": " ",
            "action": "F",
            "binCode": "",
            "messagePsg": ""
        },
        {
            "lineNumber": "49",
            "folio": "  19705181",
            "itemCategory": " 1",
            "type": "03",
            "startDate": "19900101",
            "endDate": "20241113",
            "itemSku": "   7502294223170",
            "category": "",
            "providerType": "0",
            "requiredQuantity": "001.000",
            "discount": "00030.800",
            "discountType": " ",
            "optative": " ",
            "description": "PSP SIMPLES NACIONAL B11                ",
            "itemSubcategory": "",
            "itemSegment": "",
            "itemSubsegment": "",
            "durationCode": "1000023591111111",
            "grouper": "000.000",
            "percent": "000.00",
            "optativeOne": " ",
            "sent": " ",
            "action": "F",
            "binCode": "",
            "messagePsg": ""
        },
        {
            "lineNumber": "50",
            "folio": "  19705181",
            "itemCategory": " 1",
            "type": "03",
            "startDate": "19900101",
            "endDate": "20241113",
            "itemSku": "   7502294223255",
            "category": "",
            "providerType": "0",
            "requiredQuantity": "001.000",
            "discount": "00059.720",
            "discountType": " ",
            "optative": " ",
            "description": "PSP SIMPLES NACIONAL B11                ",
            "itemSubcategory": "",
            "itemSegment": "",
            "itemSubsegment": "",
            "durationCode": "1000023591111111",
            "grouper": "000.000",
            "percent": "000.00",
            "optativeOne": " ",
            "sent": " ",
            "action": "F",
            "binCode": "",
            "messagePsg": ""
        },
        {
            "lineNumber": "51",
            "folio": "  19705181",
            "itemCategory": " 1",
            "type": "03",
            "startDate": "19900101",
            "endDate": "20241113",
            "itemSku": "   7503000437652",
            "category": "",
            "providerType": "0",
            "requiredQuantity": "001.000",
            "discount": "00045.000",
            "discountType": " ",
            "optative": " ",
            "description": "PSP SIMPLES NACIONAL B11                ",
            "itemSubcategory": "",
            "itemSegment": "",
            "itemSubsegment": "",
            "durationCode": "1000023591111111",
            "grouper": "000.000",
            "percent": "000.00",
            "optativeOne": " ",
            "sent": " ",
            "action": "F",
            "binCode": "",
            "messagePsg": ""
        },
        {
            "lineNumber": "52",
            "folio": "  19705181",
            "itemCategory": " 1",
            "type": "03",
            "startDate": "19900101",
            "endDate": "20241113",
            "itemSku": "   7503000438321",
            "category": "",
            "providerType": "0",
            "requiredQuantity": "001.000",
            "discount": "00039.000",
            "discountType": " ",
            "optative": " ",
            "description": "PSP SIMPLES NACIONAL B11                ",
            "itemSubcategory": "",
            "itemSegment": "",
            "itemSubsegment": "",
            "durationCode": "1000023591111111",
            "grouper": "000.000",
            "percent": "000.00",
            "optativeOne": " ",
            "sent": " ",
            "action": "F",
            "binCode": "",
            "messagePsg": ""
        },
        {
            "lineNumber": "53",
            "folio": "  19705181",
            "itemCategory": " 1",
            "type": "03",
            "startDate": "19900101",
            "endDate": "20241113",
            "itemSku": "   7506205807596",
            "category": "",
            "providerType": "0",
            "requiredQuantity": "001.000",
            "discount": "00054.800",
            "discountType": " ",
            "optative": " ",
            "description": "PSP SIMPLES NACIONAL B11                ",
            "itemSubcategory": "",
            "itemSegment": "",
            "itemSubsegment": "",
            "durationCode": "1000023591111111",
            "grouper": "000.000",
            "percent": "000.00",
            "optativeOne": " ",
            "sent": " ",
            "action": "F",
            "binCode": "",
            "messagePsg": ""
        },
        {
            "lineNumber": "54",
            "folio": "  19705181",
            "itemCategory": " 1",
            "type": "03",
            "startDate": "19900101",
            "endDate": "20241113",
            "itemSku": "   7506205807640",
            "category": "",
            "providerType": "0",
            "requiredQuantity": "001.000",
            "discount": "00054.800",
            "discountType": " ",
            "optative": " ",
            "description": "PSP SIMPLES NACIONAL B11                ",
            "itemSubcategory": "",
            "itemSegment": "",
            "itemSubsegment": "",
            "durationCode": "1000023591111111",
            "grouper": "000.000",
            "percent": "000.00",
            "optativeOne": " ",
            "sent": " ",
            "action": "F",
            "binCode": "",
            "messagePsg": ""
        },
        {
            "lineNumber": "55",
            "folio": "  19705181",
            "itemCategory": " 1",
            "type": "03",
            "startDate": "19900101",
            "endDate": "20241113",
            "itemSku": "   7506425622016",
            "category": "",
            "providerType": "0",
            "requiredQuantity": "001.000",
            "discount": "00036.600",
            "discountType": " ",
            "optative": " ",
            "description": "PSP SIMPLES NACIONAL B11                ",
            "itemSubcategory": "",
            "itemSegment": "",
            "itemSubsegment": "",
            "durationCode": "1000023591111111",
            "grouper": "000.000",
            "percent": "000.00",
            "optativeOne": " ",
            "sent": " ",
            "action": "F",
            "binCode": "",
            "messagePsg": ""
        },
        {
            "lineNumber": "56",
            "folio": "  19705181",
            "itemCategory": " 1",
            "type": "03",
            "startDate": "19900101",
            "endDate": "20241113",
            "itemSku": "   7506425645466",
            "category": "",
            "providerType": "0",
            "requiredQuantity": "001.000",
            "discount": "00023.000",
            "discountType": " ",
            "optative": " ",
            "description": "PSP SIMPLES NACIONAL B11                ",
            "itemSubcategory": "",
            "itemSegment": "",
            "itemSubsegment": "",
            "durationCode": "1000023591111111",
            "grouper": "000.000",
            "percent": "000.00",
            "optativeOne": " ",
            "sent": " ",
            "action": "F",
            "binCode": "",
            "messagePsg": ""
        },
        {
            "lineNumber": "57",
            "folio": "  19705181",
            "itemCategory": " 1",
            "type": "03",
            "startDate": "19900101",
            "endDate": "20241113",
            "itemSku": "   7506425647873",
            "category": "",
            "providerType": "0",
            "requiredQuantity": "001.000",
            "discount": "00109.500",
            "discountType": " ",
            "optative": " ",
            "description": "PSP SIMPLES NACIONAL B11                ",
            "itemSubcategory": "",
            "itemSegment": "",
            "itemSubsegment": "",
            "durationCode": "1000023591111111",
            "grouper": "000.000",
            "percent": "000.00",
            "optativeOne": " ",
            "sent": " ",
            "action": "F",
            "binCode": "",
            "messagePsg": ""
        },
        {
            "lineNumber": "58",
            "folio": "  19705181",
            "itemCategory": " 1",
            "type": "03",
            "startDate": "19900101",
            "endDate": "20241113",
            "itemSku": "   7506475110983",
            "category": "",
            "providerType": "0",
            "requiredQuantity": "001.000",
            "discount": "00056.000",
            "discountType": " ",
            "optative": " ",
            "description": "PSP SIMPLES NACIONAL B11                ",
            "itemSubcategory": "",
            "itemSegment": "",
            "itemSubsegment": "",
            "durationCode": "1000023591111111",
            "grouper": "000.000",
            "percent": "000.00",
            "optativeOne": " ",
            "sent": " ",
            "action": "F",
            "binCode": "",
            "messagePsg": ""
        },
        {
            "lineNumber": "59",
            "folio": "  19705181",
            "itemCategory": " 1",
            "type": "03",
            "startDate": "19900101",
            "endDate": "20241113",
            "itemSku": "   7509546017389",
            "category": "",
            "providerType": "0",
            "requiredQuantity": "001.000",
            "discount": "00090.000",
            "discountType": " ",
            "optative": " ",
            "description": "PSP SIMPLES NACIONAL B11                ",
            "itemSubcategory": "",
            "itemSegment": "",
            "itemSubsegment": "",
            "durationCode": "1000023591111111",
            "grouper": "000.000",
            "percent": "000.00",
            "optativeOne": " ",
            "sent": " ",
            "action": "F",
            "binCode": "",
            "messagePsg": ""
        },
        {
            "lineNumber": "60",
            "folio": "  19705181",
            "itemCategory": " 1",
            "type": "03",
            "startDate": "19900101",
            "endDate": "20241113",
            "itemSku": "   7509546072760",
            "category": "",
            "providerType": "0",
            "requiredQuantity": "001.000",
            "discount": "00061.500",
            "discountType": " ",
            "optative": " ",
            "description": "PSP SIMPLES NACIONAL B11                ",
            "itemSubcategory": "",
            "itemSegment": "",
            "itemSubsegment": "",
            "durationCode": "1000023591111111",
            "grouper": "000.000",
            "percent": "000.00",
            "optativeOne": " ",
            "sent": " ",
            "action": "F",
            "binCode": "",
            "messagePsg": ""
        },
        {
            "lineNumber": "61",
            "folio": "  19705181",
            "itemCategory": " 1",
            "type": "03",
            "startDate": "19900101",
            "endDate": "20241113",
            "itemSku": "   7509546680262",
            "category": "",
            "providerType": "0",
            "requiredQuantity": "001.000",
            "discount": "00028.000",
            "discountType": " ",
            "optative": " ",
            "description": "PSP SIMPLES NACIONAL B11                ",
            "itemSubcategory": "",
            "itemSegment": "",
            "itemSubsegment": "",
            "durationCode": "1000023591111111",
            "grouper": "000.000",
            "percent": "000.00",
            "optativeOne": " ",
            "sent": " ",
            "action": "F",
            "binCode": "",
            "messagePsg": ""
        },
        {
            "lineNumber": "62",
            "folio": "  19705914",
            "itemCategory": " 1",
            "type": "00",
            "startDate": "20241114",
            "endDate": "20241203",
            "itemSku": "   7501792406030",
            "category": "",
            "providerType": "0",
            "requiredQuantity": "002.000",
            "discount": "00050.000",
            "discountType": "P",
            "optative": "1",
            "description": "Pan de muerto 2x1\t                      ",
            "itemSubcategory": "    ",
            "itemSegment": "    ",
            "itemSubsegment": "    ",
            "durationCode": "1000023591111111",
            "grouper": "001.000",
            "percent": "000.00",
            "optativeOne": " ",
            "sent": " ",
            "action": "A",
            "binCode": "",
            "messagePsg": ""
        },
        {
            "lineNumber": "63",
            "folio": "  19705914",
            "itemCategory": " 1",
            "type": "00",
            "startDate": "20241114",
            "endDate": "20241203",
            "itemSku": "   7501792406924",
            "category": "",
            "providerType": "0",
            "requiredQuantity": "002.000",
            "discount": "00050.000",
            "discountType": "P",
            "optative": "1",
            "description": "Pan de muerto 2x1\t                      ",
            "itemSubcategory": "    ",
            "itemSegment": "    ",
            "itemSubsegment": "    ",
            "durationCode": "1000023591111111",
            "grouper": "001.000",
            "percent": "000.00",
            "optativeOne": " ",
            "sent": " ",
            "action": "A",
            "binCode": "",
            "messagePsg": ""
        }
    ]
}