{
    "organizationCountry": "MX",
    "organizationName": "FEMSA Comercio",
    "businessName": "OXXO",
    "departmentId": "12NEO",
    "storeId": "52DUG",
    "numberOfRecords": "12",
    "searchId": "000000000000000000000000",
    "searchDate": "2025-02-05 20:45:48",
    "promotions": [
        {
            "lineNumber": "1",
            "folio": "  19710627",
            "itemCategory": " 1",
            "type": "03",
            "startDate": "20250206",
            "endDate": "20250304",
            "itemSku": "   7501055333851",
            "category": "",
            "providerType": "0",
            "requiredQuantity": "001.000",
            "discount": "00020.000",
            "discountType": " ",
            "optative": " ",
            "description": "VARIEDAD JUGOS DEL VALLE $20.00         ",
            "itemSubcategory": "",
            "itemSegment": "",
            "itemSubsegment": "",
            "durationCode": "1000023591111111",
            "grouper": "000.000",
            "percent": "000.00",
            "optativeOne": " ",
            "sent": " ",
            "action": "A",
            "binCode": "",
            "messagePsg": ""
        },
        {
            "lineNumber": "2",
            "folio": "  19710627",
            "itemCategory": " 1",
            "type": "03",
            "startDate": "20250206",
            "endDate": "20250304",
            "itemSku": "   7501055333868",
            "category": "",
            "providerType": "0",
            "requiredQuantity": "001.000",
            "discount": "00020.000",
            "discountType": " ",
            "optative": " ",
            "description": "VARIEDAD JUGOS DEL VALLE $20.00         ",
            "itemSubcategory": "",
            "itemSegment": "",
            "itemSubsegment": "",
            "durationCode": "1000023591111111",
            "grouper": "000.000",
            "percent": "000.00",
            "optativeOne": " ",
            "sent": " ",
            "action": "A",
            "binCode": "",
            "messagePsg": ""
        },
        {
            "lineNumber": "3",
            "folio": "  19710627",
            "itemCategory": " 1",
            "type": "03",
            "startDate": "20250206",
            "endDate": "20250304",
            "itemSku": "   7501055333844",
            "category": "",
            "providerType": "0",
            "requiredQuantity": "001.000",
            "discount": "00020.000",
            "discountType": " ",
            "optative": " ",
            "description": "VARIEDAD JUGOS DEL VALLE $20.00         ",
            "itemSubcategory": "",
            "itemSegment": "",
            "itemSubsegment": "",
            "durationCode": "1000023591111111",
            "grouper": "000.000",
            "percent": "000.00",
            "optativeOne": " ",
            "sent": " ",
            "action": "A",
            "binCode": "",
            "messagePsg": ""
        },
        {
            "lineNumber": "4",
            "folio": "  19710628",
            "itemCategory": " 1",
            "type": "00",
            "startDate": "20250206",
            "endDate": "20250304",
            "itemSku": "   7501055376827",
            "category": "",
            "providerType": "0",
            "requiredQuantity": "012.000",
            "discount": "00060.000",
            "discountType": "F",
            "optative": "1",
            "description": "Variedad CC sabores SA 355ml NR 12x$60  ",
            "itemSubcategory": "    ",
            "itemSegment": "    ",
            "itemSubsegment": "    ",
            "durationCode": "1000023591111111",
            "grouper": "001.000",
            "percent": "000.00",
            "optativeOne": " ",
            "sent": " ",
            "action": "A",
            "binCode": "",
            "messagePsg": ""
        },
        {
            "lineNumber": "5",
            "folio": "  19710628",
            "itemCategory": " 1",
            "type": "00",
            "startDate": "20250206",
            "endDate": "20250304",
            "itemSku": "   7501055373901",
            "category": "",
            "providerType": "0",
            "requiredQuantity": "012.000",
            "discount": "00060.000",
            "discountType": "F",
            "optative": "1",
            "description": "Variedad CC sabores SA 355ml NR 12x$60  ",
            "itemSubcategory": "    ",
            "itemSegment": "    ",
            "itemSubsegment": "    ",
            "durationCode": "1000023591111111",
            "grouper": "001.000",
            "percent": "000.00",
            "optativeOne": " ",
            "sent": " ",
            "action": "A",
            "binCode": "",
            "messagePsg": ""
        },
        {
            "lineNumber": "6",
            "folio": "  19710628",
            "itemCategory": " 1",
            "type": "00",
            "startDate": "20250206",
            "endDate": "20250304",
            "itemSku": "   7501055376803",
            "category": "",
            "providerType": "0",
            "requiredQuantity": "012.000",
            "discount": "00060.000",
            "discountType": "F",
            "optative": "1",
            "description": "Variedad CC sabores SA 355ml NR 12x$60  ",
            "itemSubcategory": "    ",
            "itemSegment": "    ",
            "itemSubsegment": "    ",
            "durationCode": "1000023591111111",
            "grouper": "001.000",
            "percent": "000.00",
            "optativeOne": " ",
            "sent": " ",
            "action": "A",
            "binCode": "",
            "messagePsg": ""
        },
        {
            "lineNumber": "7",
            "folio": "  19710628",
            "itemCategory": " 1",
            "type": "00",
            "startDate": "20250206",
            "endDate": "20250304",
            "itemSku": "   7501055376810",
            "category": "",
            "providerType": "0",
            "requiredQuantity": "012.000",
            "discount": "00060.000",
            "discountType": "F",
            "optative": "1",
            "description": "Variedad CC sabores SA 355ml NR 12x$60  ",
            "itemSubcategory": "    ",
            "itemSegment": "    ",
            "itemSubsegment": "    ",
            "durationCode": "1000023591111111",
            "grouper": "001.000",
            "percent": "000.00",
            "optativeOne": " ",
            "sent": " ",
            "action": "A",
            "binCode": "",
            "messagePsg": ""
        },
        {
            "lineNumber": "8",
            "folio": "  19710629",
            "itemCategory": " 1",
            "type": "00",
            "startDate": "20250206",
            "endDate": "20250304",
            "itemSku": "   7501055379491",
            "category": "",
            "providerType": "0",
            "requiredQuantity": "002.000",
            "discount": "00040.000",
            "discountType": "F",
            "optative": "1",
            "description": "Variedad Sabores 2L 2x$40               ",
            "itemSubcategory": "    ",
            "itemSegment": "    ",
            "itemSubsegment": "    ",
            "durationCode": "1000023591111111",
            "grouper": "001.000",
            "percent": "000.00",
            "optativeOne": " ",
            "sent": " ",
            "action": "A",
            "binCode": "",
            "messagePsg": ""
        },
        {
            "lineNumber": "9",
            "folio": "  19710629",
            "itemCategory": " 1",
            "type": "00",
            "startDate": "20250206",
            "endDate": "20250304",
            "itemSku": "   7501055379941",
            "category": "",
            "providerType": "0",
            "requiredQuantity": "002.000",
            "discount": "00040.000",
            "discountType": "F",
            "optative": "1",
            "description": "Variedad Sabores 2L 2x$40               ",
            "itemSubcategory": "    ",
            "itemSegment": "    ",
            "itemSubsegment": "    ",
            "durationCode": "1000023591111111",
            "grouper": "001.000",
            "percent": "000.00",
            "optativeOne": " ",
            "sent": " ",
            "action": "A",
            "binCode": "",
            "messagePsg": ""
        },
        {
            "lineNumber": "10",
            "folio": "  19710629",
            "itemCategory": " 1",
            "type": "00",
            "startDate": "20250206",
            "endDate": "20250304",
            "itemSku": "   7501055376681",
            "category": "",
            "providerType": "0",
            "requiredQuantity": "002.000",
            "discount": "00040.000",
            "discountType": "F",
            "optative": "1",
            "description": "Variedad Sabores 2L 2x$40               ",
            "itemSubcategory": "    ",
            "itemSegment": "    ",
            "itemSubsegment": "    ",
            "durationCode": "1000023591111111",
            "grouper": "001.000",
            "percent": "000.00",
            "optativeOne": " ",
            "sent": " ",
            "action": "A",
            "binCode": "",
            "messagePsg": ""
        },
        {
            "lineNumber": "11",
            "folio": "  19710629",
            "itemCategory": " 1",
            "type": "00",
            "startDate": "20250206",
            "endDate": "20250304",
            "itemSku": "   7501055364077",
            "category": "",
            "providerType": "0",
            "requiredQuantity": "002.000",
            "discount": "00040.000",
            "discountType": "F",
            "optative": "1",
            "description": "Variedad Sabores 2L 2x$40               ",
            "itemSubcategory": "    ",
            "itemSegment": "    ",
            "itemSubsegment": "    ",
            "durationCode": "1000023591111111",
            "grouper": "001.000",
            "percent": "000.00",
            "optativeOne": " ",
            "sent": " ",
            "action": "A",
            "binCode": "",
            "messagePsg": ""
        },
        {
            "lineNumber": "12",
            "folio": "  19710629",
            "itemCategory": " 1",
            "type": "00",
            "startDate": "20250206",
            "endDate": "20250304",
            "itemSku": "   7501055367412",
            "category": "",
            "providerType": "0",
            "requiredQuantity": "002.000",
            "discount": "00040.000",
            "discountType": "F",
            "optative": "1",
            "description": "Variedad Sabores 2L 2x$40               ",
            "itemSubcategory": "    ",
            "itemSegment": "    ",
            "itemSubsegment": "    ",
            "durationCode": "1000023591111111",
            "grouper": "001.000",
            "percent": "000.00",
            "optativeOne": " ",
            "sent": " ",
            "action": "A",
            "binCode": "",
            "messagePsg": ""
        }
    ]
}