{
    "organizationCountry": "MX",
    "organizationName": "FEMSA Comercio",
    "businessName": "OXXO",
    "departmentId": "12NEO",
    "storeId": "52DUG",
    "numberOfRecords": "4",
    "searchId": "000000000000000000000000",
    "searchDate": "2025-02-04 20:46:22",
    "promotions": [
        {
            "lineNumber": "1",
            "folio": "  19710619",
            "itemCategory": " 1",
            "type": "03",
            "startDate": "20250205",
            "endDate": "20250304",
            "itemSku": "   7506306418066",
            "category": "",
            "providerType": "0",
            "requiredQuantity": "001.000",
            "discount": "00046.000",
            "discountType": " ",
            "optative": " ",
            "description": "PB SIMPLES NACIONAL B02                 ",
            "itemSubcategory": "",
            "itemSegment": "",
            "itemSubsegment": "",
            "durationCode": "1000023591111111",
            "grouper": "000.000",
            "percent": "000.00",
            "optativeOne": " ",
            "sent": " ",
            "action": "A",
            "binCode": "",
            "messagePsg": ""
        },
        {
            "lineNumber": "2",
            "folio": "  19710619",
            "itemCategory": " 1",
            "type": "03",
            "startDate": "20250205",
            "endDate": "20250304",
            "itemSku": "   7506306416413",
            "category": "",
            "providerType": "0",
            "requiredQuantity": "001.000",
            "discount": "00040.000",
            "discountType": " ",
            "optative": " ",
            "description": "PB SIMPLES NACIONAL B02                 ",
            "itemSubcategory": "",
            "itemSegment": "",
            "itemSubsegment": "",
            "durationCode": "1000023591111111",
            "grouper": "000.000",
            "percent": "000.00",
            "optativeOne": " ",
            "sent": " ",
            "action": "A",
            "binCode": "",
            "messagePsg": ""
        },
        {
            "lineNumber": "3",
            "folio": "  19710621",
            "itemCategory": " 1",
            "type": "03",
            "startDate": "20250205",
            "endDate": "20250304",
            "itemSku": "   7501020567106",
            "category": "",
            "providerType": "0",
            "requiredQuantity": "001.000",
            "discount": "00077.000",
            "discountType": " ",
            "optative": " ",
            "description": "UHT Lala Entera 1 Lt 3pz $77 AGS GTO    ",
            "itemSubcategory": "",
            "itemSegment": "",
            "itemSubsegment": "",
            "durationCode": "1000023591111111",
            "grouper": "000.000",
            "percent": "000.00",
            "optativeOne": " ",
            "sent": " ",
            "action": "A",
            "binCode": "",
            "messagePsg": ""
        },
        {
            "lineNumber": "4",
            "folio": "  19710625",
            "itemCategory": " 1",
            "type": "03",
            "startDate": "20250205",
            "endDate": "20250304",
            "itemSku": "   7501020569339",
            "category": "",
            "providerType": "0",
            "requiredQuantity": "001.000",
            "discount": "00077.000",
            "discountType": " ",
            "optative": " ",
            "description": "UHT Lala Desl Semi 1Lt 3pz $77 NAC s/SLP",
            "itemSubcategory": "",
            "itemSegment": "",
            "itemSubsegment": "",
            "durationCode": "1000023591111111",
            "grouper": "000.000",
            "percent": "000.00",
            "optativeOne": " ",
            "sent": " ",
            "action": "A",
            "binCode": "",
            "messagePsg": ""
        }
    ]
}