{
    "organizationCountry": "MX",
    "organizationName": "FEMSA Comercio",
    "businessName": "OXXO",
    "departmentId": "12NEO",
    "storeId": "52DUG",
    "numberOfRecords": "19",
    "searchId": "000000000000000000000000",
    "searchDate": "2024-11-30 02:23:23",
    "promotions": [
        {
            "lineNumber": "1",
            "folio": "  19706653",
            "itemCategory": " 1",
            "type": "03",
            "startDate": "20241201",
            "endDate": "20250102",
            "itemSku": "   7501064114359",
            "category": "",
            "providerType": "0",
            "requiredQuantity": "001.000",
            "discount": "00072.000",
            "discountType": " ",
            "optative": " ",
            "description": "Barrilito lata 6 pack 355ml o 325ml $72 ",
            "itemSubcategory": "",
            "itemSegment": "",
            "itemSubsegment": "",
            "durationCode": "1000023591111111",
            "grouper": "000.000",
            "percent": "000.00",
            "optativeOne": " ",
            "sent": " ",
            "action": "A",
            "binCode": "",
            "messagePsg": ""
        },
        {
            "lineNumber": "2",
            "folio": "  19706653",
            "itemCategory": " 1",
            "type": "03",
            "startDate": "20241201",
            "endDate": "20250102",
            "itemSku": "   7501064196959",
            "category": "",
            "providerType": "0",
            "requiredQuantity": "001.000",
            "discount": "00072.000",
            "discountType": " ",
            "optative": " ",
            "description": "Barrilito lata 6 pack 355ml o 325ml $72 ",
            "itemSubcategory": "",
            "itemSegment": "",
            "itemSubsegment": "",
            "durationCode": "1000023591111111",
            "grouper": "000.000",
            "percent": "000.00",
            "optativeOne": " ",
            "sent": " ",
            "action": "A",
            "binCode": "",
            "messagePsg": ""
        },
        {
            "lineNumber": "3",
            "folio": "  19706655",
            "itemCategory": " 1",
            "type": "00",
            "startDate": "20241201",
            "endDate": "20250102",
            "itemSku": "   7501064101205",
            "category": "",
            "providerType": "0",
            "requiredQuantity": "002.000",
            "discount": "00093.000",
            "discountType": "F",
            "optative": "1",
            "description": "Corona Mega Ret 1.2L o  Victoria 2x$93  ",
            "itemSubcategory": "    ",
            "itemSegment": "    ",
            "itemSubsegment": "    ",
            "durationCode": "1000023591111111",
            "grouper": "001.000",
            "percent": "000.00",
            "optativeOne": " ",
            "sent": " ",
            "action": "A",
            "binCode": "",
            "messagePsg": ""
        },
        {
            "lineNumber": "4",
            "folio": "  19706655",
            "itemCategory": " 1",
            "type": "00",
            "startDate": "20241201",
            "endDate": "20250102",
            "itemSku": "   7501064191909",
            "category": "",
            "providerType": "0",
            "requiredQuantity": "002.000",
            "discount": "00093.000",
            "discountType": "F",
            "optative": "1",
            "description": "Corona Mega Ret 1.2L o  Victoria 2x$93  ",
            "itemSubcategory": "    ",
            "itemSegment": "    ",
            "itemSubsegment": "    ",
            "durationCode": "1000023591111111",
            "grouper": "001.000",
            "percent": "000.00",
            "optativeOne": " ",
            "sent": " ",
            "action": "A",
            "binCode": "",
            "messagePsg": ""
        },
        {
            "lineNumber": "5",
            "folio": "  19706657",
            "itemCategory": " 1",
            "type": "00",
            "startDate": "20241201",
            "endDate": "20250102",
            "itemSku": "   7501064194962",
            "category": "",
            "providerType": "0",
            "requiredQuantity": "004.000",
            "discount": "00096.000",
            "discountType": "F",
            "optative": "1",
            "description": "Corona Extra Light o Vic 473 ml 4x$96   ",
            "itemSubcategory": "    ",
            "itemSegment": "    ",
            "itemSubsegment": "    ",
            "durationCode": "1000023591111111",
            "grouper": "001.000",
            "percent": "000.00",
            "optativeOne": " ",
            "sent": " ",
            "action": "A",
            "binCode": "",
            "messagePsg": ""
        },
        {
            "lineNumber": "6",
            "folio": "  19706657",
            "itemCategory": " 1",
            "type": "00",
            "startDate": "20241201",
            "endDate": "20250102",
            "itemSku": "   7501064193859",
            "category": "",
            "providerType": "0",
            "requiredQuantity": "004.000",
            "discount": "00096.000",
            "discountType": "F",
            "optative": "1",
            "description": "Corona Extra Light o Vic 473 ml 4x$96   ",
            "itemSubcategory": "    ",
            "itemSegment": "    ",
            "itemSubsegment": "    ",
            "durationCode": "1000023591111111",
            "grouper": "001.000",
            "percent": "000.00",
            "optativeOne": " ",
            "sent": " ",
            "action": "A",
            "binCode": "",
            "messagePsg": ""
        },
        {
            "lineNumber": "7",
            "folio": "  19706657",
            "itemCategory": " 1",
            "type": "00",
            "startDate": "20241201",
            "endDate": "20250102",
            "itemSku": "   7501064194139",
            "category": "",
            "providerType": "0",
            "requiredQuantity": "004.000",
            "discount": "00096.000",
            "discountType": "F",
            "optative": "1",
            "description": "Corona Extra Light o Vic 473 ml 4x$96   ",
            "itemSubcategory": "    ",
            "itemSegment": "    ",
            "itemSubsegment": "    ",
            "durationCode": "1000023591111111",
            "grouper": "001.000",
            "percent": "000.00",
            "optativeOne": " ",
            "sent": " ",
            "action": "A",
            "binCode": "",
            "messagePsg": ""
        },
        {
            "lineNumber": "8",
            "folio": "  19706658",
            "itemCategory": " 1",
            "type": "00",
            "startDate": "20241201",
            "endDate": "20250102",
            "itemSku": "   7501064195310",
            "category": "",
            "providerType": "0",
            "requiredQuantity": "006.000",
            "discount": "00111.000",
            "discountType": "F",
            "optative": "1",
            "description": "Corona Ex o Victoria Lata 355ml 6x$111  ",
            "itemSubcategory": "    ",
            "itemSegment": "    ",
            "itemSubsegment": "    ",
            "durationCode": "1000023591111111",
            "grouper": "001.000",
            "percent": "000.00",
            "optativeOne": " ",
            "sent": " ",
            "action": "A",
            "binCode": "",
            "messagePsg": ""
        },
        {
            "lineNumber": "9",
            "folio": "  19706658",
            "itemCategory": " 1",
            "type": "00",
            "startDate": "20241201",
            "endDate": "20250102",
            "itemSku": "   7501064190711",
            "category": "",
            "providerType": "0",
            "requiredQuantity": "006.000",
            "discount": "00111.000",
            "discountType": "F",
            "optative": "1",
            "description": "Corona Ex o Victoria Lata 355ml 6x$111  ",
            "itemSubcategory": "    ",
            "itemSegment": "    ",
            "itemSubsegment": "    ",
            "durationCode": "1000023591111111",
            "grouper": "001.000",
            "percent": "000.00",
            "optativeOne": " ",
            "sent": " ",
            "action": "A",
            "binCode": "",
            "messagePsg": ""
        },
        {
            "lineNumber": "10",
            "folio": "  19706659",
            "itemCategory": " 1",
            "type": "03",
            "startDate": "20241201",
            "endDate": "20250102",
            "itemSku": "   7501064120268",
            "category": "",
            "providerType": "0",
            "requiredQuantity": "001.000",
            "discount": "00240.000",
            "discountType": " ",
            "optative": " ",
            "description": "Cerveza Mod Esp 12 Pack 355ml $240      ",
            "itemSubcategory": "",
            "itemSegment": "",
            "itemSubsegment": "",
            "durationCode": "1000023591111111",
            "grouper": "000.000",
            "percent": "000.00",
            "optativeOne": " ",
            "sent": " ",
            "action": "A",
            "binCode": "",
            "messagePsg": ""
        },
        {
            "lineNumber": "11",
            "folio": "  19706661",
            "itemCategory": " 1",
            "type": "03",
            "startDate": "20241201",
            "endDate": "20250102",
            "itemSku": "   7501064194214",
            "category": "",
            "providerType": "0",
            "requiredQuantity": "001.000",
            "discount": "00200.000",
            "discountType": " ",
            "optative": " ",
            "description": "Corona Light 12 Pack 355ml $200         ",
            "itemSubcategory": "",
            "itemSegment": "",
            "itemSubsegment": "",
            "durationCode": "1000023591111111",
            "grouper": "000.000",
            "percent": "000.00",
            "optativeOne": " ",
            "sent": " ",
            "action": "A",
            "binCode": "",
            "messagePsg": ""
        },
        {
            "lineNumber": "12",
            "folio": "  19706662",
            "itemCategory": " 1",
            "type": "00",
            "startDate": "20241201",
            "endDate": "20250102",
            "itemSku": "   7501064113024",
            "category": "",
            "providerType": "0",
            "requiredQuantity": "002.000",
            "discount": "00081.000",
            "discountType": "F",
            "optative": "1",
            "description": "Corona o Victoria Fam Ret 940ml 2x$81   ",
            "itemSubcategory": "    ",
            "itemSegment": "    ",
            "itemSubsegment": "    ",
            "durationCode": "1000023591111111",
            "grouper": "001.000",
            "percent": "000.00",
            "optativeOne": " ",
            "sent": " ",
            "action": "A",
            "binCode": "",
            "messagePsg": ""
        },
        {
            "lineNumber": "13",
            "folio": "  19706665",
            "itemCategory": " 1",
            "type": "00",
            "startDate": "20241201",
            "endDate": "20250102",
            "itemSku": "   7501064191886",
            "category": "",
            "providerType": "0",
            "requiredQuantity": "004.000",
            "discount": "00106.000",
            "discountType": "F",
            "optative": "1",
            "description": "Cerveza Modelo Esp Lat 473ml 4X$106     ",
            "itemSubcategory": "    ",
            "itemSegment": "    ",
            "itemSubsegment": "    ",
            "durationCode": "1000023591111111",
            "grouper": "001.000",
            "percent": "000.00",
            "optativeOne": " ",
            "sent": " ",
            "action": "A",
            "binCode": "",
            "messagePsg": ""
        },
        {
            "lineNumber": "14",
            "folio": "  19706666",
            "itemCategory": " 1",
            "type": "00",
            "startDate": "20241201",
            "endDate": "20250102",
            "itemSku": "   7501064107153",
            "category": "",
            "providerType": "0",
            "requiredQuantity": "006.000",
            "discount": "00106.000",
            "discountType": "F",
            "optative": "1",
            "description": "Cerveza Corona Light Lata 355ml 6x$106  ",
            "itemSubcategory": "    ",
            "itemSegment": "    ",
            "itemSubsegment": "    ",
            "durationCode": "1000023591111111",
            "grouper": "001.000",
            "percent": "000.00",
            "optativeOne": " ",
            "sent": " ",
            "action": "A",
            "binCode": "",
            "messagePsg": ""
        },
        {
            "lineNumber": "15",
            "folio": "  19706667",
            "itemCategory": " 1",
            "type": "00",
            "startDate": "20241201",
            "endDate": "20250102",
            "itemSku": "   7501064194504",
            "category": "",
            "providerType": "0",
            "requiredQuantity": "006.000",
            "discount": "00123.000",
            "discountType": "F",
            "optative": "1",
            "description": "Cerveza Michelob Ultra 355ml 6X$123     ",
            "itemSubcategory": "    ",
            "itemSegment": "    ",
            "itemSubsegment": "    ",
            "durationCode": "1000023591111111",
            "grouper": "001.000",
            "percent": "000.00",
            "optativeOne": " ",
            "sent": " ",
            "action": "A",
            "binCode": "",
            "messagePsg": ""
        },
        {
            "lineNumber": "16",
            "folio": "  19706668",
            "itemCategory": " 1",
            "type": "00",
            "startDate": "20241201",
            "endDate": "20250102",
            "itemSku": "   7501064198168",
            "category": "",
            "providerType": "0",
            "requiredQuantity": "006.000",
            "discount": "00124.000",
            "discountType": "F",
            "optative": "1",
            "description": "Cerveza Michelob Ultra NR 355ml 6X$124  ",
            "itemSubcategory": "    ",
            "itemSegment": "    ",
            "itemSubsegment": "    ",
            "durationCode": "1000023591111111",
            "grouper": "001.000",
            "percent": "000.00",
            "optativeOne": " ",
            "sent": " ",
            "action": "A",
            "binCode": "",
            "messagePsg": ""
        },
        {
            "lineNumber": "17",
            "folio": "  19706669",
            "itemCategory": " 1",
            "type": "00",
            "startDate": "20241201",
            "endDate": "20250102",
            "itemSku": "   7501064112546",
            "category": "",
            "providerType": "0",
            "requiredQuantity": "006.000",
            "discount": "00125.000",
            "discountType": "F",
            "optative": "1",
            "description": "Cerveza Modelo Esp Lata 355ml 6x$125    ",
            "itemSubcategory": "    ",
            "itemSegment": "    ",
            "itemSubsegment": "    ",
            "durationCode": "1000023591111111",
            "grouper": "001.000",
            "percent": "000.00",
            "optativeOne": " ",
            "sent": " ",
            "action": "A",
            "binCode": "",
            "messagePsg": ""
        },
        {
            "lineNumber": "18",
            "folio": "  19706670",
            "itemCategory": " 1",
            "type": "00",
            "startDate": "20241201",
            "endDate": "20250102",
            "itemSku": "        75027278",
            "category": "",
            "providerType": "0",
            "requiredQuantity": "006.000",
            "discount": "00144.000",
            "discountType": "F",
            "optative": "1",
            "description": "Cerveza Model Esp NR 355ml 6x$144       ",
            "itemSubcategory": "    ",
            "itemSegment": "    ",
            "itemSubsegment": "    ",
            "durationCode": "1000023591111111",
            "grouper": "001.000",
            "percent": "000.00",
            "optativeOne": " ",
            "sent": " ",
            "action": "A",
            "binCode": "",
            "messagePsg": ""
        },
        {
            "lineNumber": "19",
            "folio": "  19706671",
            "itemCategory": " 1",
            "type": "00",
            "startDate": "20241201",
            "endDate": "20250102",
            "itemSku": "   7501064196935",
            "category": "",
            "providerType": "0",
            "requiredQuantity": "006.000",
            "discount": "00130.000",
            "discountType": "F",
            "optative": "1",
            "description": "Negra Model Lata 355ml 6X$130           ",
            "itemSubcategory": "    ",
            "itemSegment": "    ",
            "itemSubsegment": "    ",
            "durationCode": "1000023591111111",
            "grouper": "001.000",
            "percent": "000.00",
            "optativeOne": " ",
            "sent": " ",
            "action": "A",
            "binCode": "",
            "messagePsg": ""
        }
    ]
}