{
    "organizationCountry": "MX",
    "organizationName": "FEMSA Comercio",
    "businessName": "OXXO",
    "departmentId": "12NEO",
    "storeId": "52DUG",
    "numberOfRecords": "7",
    "searchId": "000000000000000000000000",
    "searchDate": "2025-02-04 13:47:21",
    "promotions": [
        {
            "lineNumber": "1",
            "folio": "  19710573",
            "itemCategory": " 1",
            "type": "00",
            "startDate": "20250205",
            "endDate": "20250304",
            "itemSku": "   7501055373901",
            "category": "",
            "providerType": "0",
            "requiredQuantity": "012.000",
            "discount": "00065.000",
            "discountType": "F",
            "optative": "1",
            "description": "Variedad CC sabores SA 355ml NR 12x$65  ",
            "itemSubcategory": "    ",
            "itemSegment": "    ",
            "itemSubsegment": "    ",
            "durationCode": "1000023591111111",
            "grouper": "001.000",
            "percent": "000.00",
            "optativeOne": " ",
            "sent": " ",
            "action": "A",
            "binCode": "",
            "messagePsg": ""
        },
        {
            "lineNumber": "2",
            "folio": "  19710573",
            "itemCategory": " 1",
            "type": "00",
            "startDate": "20250205",
            "endDate": "20250304",
            "itemSku": "   7501055376810",
            "category": "",
            "providerType": "0",
            "requiredQuantity": "012.000",
            "discount": "00065.000",
            "discountType": "F",
            "optative": "1",
            "description": "Variedad CC sabores SA 355ml NR 12x$65  ",
            "itemSubcategory": "    ",
            "itemSegment": "    ",
            "itemSubsegment": "    ",
            "durationCode": "1000023591111111",
            "grouper": "001.000",
            "percent": "000.00",
            "optativeOne": " ",
            "sent": " ",
            "action": "A",
            "binCode": "",
            "messagePsg": ""
        },
        {
            "lineNumber": "3",
            "folio": "  19710573",
            "itemCategory": " 1",
            "type": "00",
            "startDate": "20250205",
            "endDate": "20250304",
            "itemSku": "   7501055376827",
            "category": "",
            "providerType": "0",
            "requiredQuantity": "012.000",
            "discount": "00065.000",
            "discountType": "F",
            "optative": "1",
            "description": "Variedad CC sabores SA 355ml NR 12x$65  ",
            "itemSubcategory": "    ",
            "itemSegment": "    ",
            "itemSubsegment": "    ",
            "durationCode": "1000023591111111",
            "grouper": "001.000",
            "percent": "000.00",
            "optativeOne": " ",
            "sent": " ",
            "action": "A",
            "binCode": "",
            "messagePsg": ""
        },
        {
            "lineNumber": "4",
            "folio": "  19710573",
            "itemCategory": " 1",
            "type": "00",
            "startDate": "20250205",
            "endDate": "20250304",
            "itemSku": "   7501055376803",
            "category": "",
            "providerType": "0",
            "requiredQuantity": "012.000",
            "discount": "00065.000",
            "discountType": "F",
            "optative": "1",
            "description": "Variedad CC sabores SA 355ml NR 12x$65  ",
            "itemSubcategory": "    ",
            "itemSegment": "    ",
            "itemSubsegment": "    ",
            "durationCode": "1000023591111111",
            "grouper": "001.000",
            "percent": "000.00",
            "optativeOne": " ",
            "sent": " ",
            "action": "A",
            "binCode": "",
            "messagePsg": ""
        },
        {
            "lineNumber": "5",
            "folio": "  19710575",
            "itemCategory": " 1",
            "type": "00",
            "startDate": "20250205",
            "endDate": "20250304",
            "itemSku": "        75007614",
            "category": "",
            "providerType": "0",
            "requiredQuantity": "003.000",
            "discount": "00055.000",
            "discountType": "F",
            "optative": "1",
            "description": "PB Variedad Coca Cola 600 ml 3x$55      ",
            "itemSubcategory": "    ",
            "itemSegment": "    ",
            "itemSubsegment": "    ",
            "durationCode": "1000023591111111",
            "grouper": "001.000",
            "percent": "000.00",
            "optativeOne": " ",
            "sent": " ",
            "action": "A",
            "binCode": "",
            "messagePsg": ""
        },
        {
            "lineNumber": "6",
            "folio": "  19710575",
            "itemCategory": " 1",
            "type": "00",
            "startDate": "20250205",
            "endDate": "20250304",
            "itemSku": "   7501055305339",
            "category": "",
            "providerType": "0",
            "requiredQuantity": "003.000",
            "discount": "00055.000",
            "discountType": "F",
            "optative": "1",
            "description": "PB Variedad Coca Cola 600 ml 3x$55      ",
            "itemSubcategory": "    ",
            "itemSegment": "    ",
            "itemSubsegment": "    ",
            "durationCode": "1000023591111111",
            "grouper": "001.000",
            "percent": "000.00",
            "optativeOne": " ",
            "sent": " ",
            "action": "A",
            "binCode": "",
            "messagePsg": ""
        },
        {
            "lineNumber": "7",
            "folio": "  19710575",
            "itemCategory": " 1",
            "type": "00",
            "startDate": "20250205",
            "endDate": "20250304",
            "itemSku": "   7501055320639",
            "category": "",
            "providerType": "0",
            "requiredQuantity": "003.000",
            "discount": "00055.000",
            "discountType": "F",
            "optative": "1",
            "description": "PB Variedad Coca Cola 600 ml 3x$55      ",
            "itemSubcategory": "    ",
            "itemSegment": "    ",
            "itemSubsegment": "    ",
            "durationCode": "1000023591111111",
            "grouper": "001.000",
            "percent": "000.00",
            "optativeOne": " ",
            "sent": " ",
            "action": "A",
            "binCode": "",
            "messagePsg": ""
        }
    ]
}