{
    "organizationCountry": "MX",
    "organizationName": "FEMSA Comercio",
    "businessName": "OXXO",
    "departmentId": "12NEO",
    "storeId": "52DUG",
    "numberOfRecords": "62",
    "searchId": "000000000000000000000000",
    "searchDate": "2025-01-21 20:52:52",
    "promotions": [
        {
            "lineNumber": "1",
            "folio": "  19709565",
            "itemCategory": " 1",
            "type": "03",
            "startDate": "20250122",
            "endDate": "20250204",
            "itemSku": "    013117000719",
            "category": "",
            "providerType": "0",
            "requiredQuantity": "001.000",
            "discount": "00180.000",
            "discountType": " ",
            "optative": " ",
            "description": "PSP SIMPLES NACIONAL B02                ",
            "itemSubcategory": "",
            "itemSegment": "",
            "itemSubsegment": "",
            "durationCode": "1000023591111111",
            "grouper": "000.000",
            "percent": "000.00",
            "optativeOne": " ",
            "sent": " ",
            "action": "A",
            "binCode": "",
            "messagePsg": ""
        },
        {
            "lineNumber": "2",
            "folio": "  19709565",
            "itemCategory": " 1",
            "type": "03",
            "startDate": "20250122",
            "endDate": "20250204",
            "itemSku": "   8445290925299",
            "category": "",
            "providerType": "0",
            "requiredQuantity": "001.000",
            "discount": "00010.000",
            "discountType": " ",
            "optative": " ",
            "description": "PSP SIMPLES NACIONAL B02                ",
            "itemSubcategory": "",
            "itemSegment": "",
            "itemSubsegment": "",
            "durationCode": "1000023591111111",
            "grouper": "000.000",
            "percent": "000.00",
            "optativeOne": " ",
            "sent": " ",
            "action": "A",
            "binCode": "",
            "messagePsg": ""
        },
        {
            "lineNumber": "3",
            "folio": "  19709565",
            "itemCategory": " 1",
            "type": "03",
            "startDate": "20250122",
            "endDate": "20250204",
            "itemSku": "   7500435144476",
            "category": "",
            "providerType": "0",
            "requiredQuantity": "001.000",
            "discount": "00025.000",
            "discountType": " ",
            "optative": " ",
            "description": "PSP SIMPLES NACIONAL B02                ",
            "itemSubcategory": "",
            "itemSegment": "",
            "itemSubsegment": "",
            "durationCode": "1000023591111111",
            "grouper": "000.000",
            "percent": "000.00",
            "optativeOne": " ",
            "sent": " ",
            "action": "A",
            "binCode": "",
            "messagePsg": ""
        },
        {
            "lineNumber": "4",
            "folio": "  19709565",
            "itemCategory": " 1",
            "type": "03",
            "startDate": "20250122",
            "endDate": "20250204",
            "itemSku": "   7500435198011",
            "category": "",
            "providerType": "0",
            "requiredQuantity": "001.000",
            "discount": "00028.500",
            "discountType": " ",
            "optative": " ",
            "description": "PSP SIMPLES NACIONAL B02                ",
            "itemSubcategory": "",
            "itemSegment": "",
            "itemSubsegment": "",
            "durationCode": "1000023591111111",
            "grouper": "000.000",
            "percent": "000.00",
            "optativeOne": " ",
            "sent": " ",
            "action": "A",
            "binCode": "",
            "messagePsg": ""
        },
        {
            "lineNumber": "5",
            "folio": "  19709565",
            "itemCategory": " 1",
            "type": "03",
            "startDate": "20250122",
            "endDate": "20250204",
            "itemSku": "   7501001163983",
            "category": "",
            "providerType": "0",
            "requiredQuantity": "001.000",
            "discount": "00055.000",
            "discountType": " ",
            "optative": " ",
            "description": "PSP SIMPLES NACIONAL B02                ",
            "itemSubcategory": "",
            "itemSegment": "",
            "itemSubsegment": "",
            "durationCode": "1000023591111111",
            "grouper": "000.000",
            "percent": "000.00",
            "optativeOne": " ",
            "sent": " ",
            "action": "A",
            "binCode": "",
            "messagePsg": ""
        },
        {
            "lineNumber": "6",
            "folio": "  19709565",
            "itemCategory": " 1",
            "type": "03",
            "startDate": "20250122",
            "endDate": "20250204",
            "itemSku": "   7501001604103",
            "category": "",
            "providerType": "0",
            "requiredQuantity": "001.000",
            "discount": "00039.500",
            "discountType": " ",
            "optative": " ",
            "description": "PSP SIMPLES NACIONAL B02                ",
            "itemSubcategory": "",
            "itemSegment": "",
            "itemSubsegment": "",
            "durationCode": "1000023591111111",
            "grouper": "000.000",
            "percent": "000.00",
            "optativeOne": " ",
            "sent": " ",
            "action": "A",
            "binCode": "",
            "messagePsg": ""
        },
        {
            "lineNumber": "7",
            "folio": "  19709565",
            "itemCategory": " 1",
            "type": "03",
            "startDate": "20250122",
            "endDate": "20250204",
            "itemSku": "   7501001604318",
            "category": "",
            "providerType": "0",
            "requiredQuantity": "001.000",
            "discount": "00039.500",
            "discountType": " ",
            "optative": " ",
            "description": "PSP SIMPLES NACIONAL B02                ",
            "itemSubcategory": "",
            "itemSegment": "",
            "itemSubsegment": "",
            "durationCode": "1000023591111111",
            "grouper": "000.000",
            "percent": "000.00",
            "optativeOne": " ",
            "sent": " ",
            "action": "A",
            "binCode": "",
            "messagePsg": ""
        },
        {
            "lineNumber": "8",
            "folio": "  19709565",
            "itemCategory": " 1",
            "type": "03",
            "startDate": "20250122",
            "endDate": "20250204",
            "itemSku": "   7501003100085",
            "category": "",
            "providerType": "0",
            "requiredQuantity": "001.000",
            "discount": "00022.000",
            "discountType": " ",
            "optative": " ",
            "description": "PSP SIMPLES NACIONAL B02                ",
            "itemSubcategory": "",
            "itemSegment": "",
            "itemSubsegment": "",
            "durationCode": "1000023591111111",
            "grouper": "000.000",
            "percent": "000.00",
            "optativeOne": " ",
            "sent": " ",
            "action": "A",
            "binCode": "",
            "messagePsg": ""
        },
        {
            "lineNumber": "9",
            "folio": "  19709565",
            "itemCategory": " 1",
            "type": "03",
            "startDate": "20250122",
            "endDate": "20250204",
            "itemSku": "   7501003150233",
            "category": "",
            "providerType": "0",
            "requiredQuantity": "001.000",
            "discount": "00043.000",
            "discountType": " ",
            "optative": " ",
            "description": "PSP SIMPLES NACIONAL B02                ",
            "itemSubcategory": "",
            "itemSegment": "",
            "itemSubsegment": "",
            "durationCode": "1000023591111111",
            "grouper": "000.000",
            "percent": "000.00",
            "optativeOne": " ",
            "sent": " ",
            "action": "A",
            "binCode": "",
            "messagePsg": ""
        },
        {
            "lineNumber": "10",
            "folio": "  19709565",
            "itemCategory": " 1",
            "type": "03",
            "startDate": "20250122",
            "endDate": "20250204",
            "itemSku": "   7501003314666",
            "category": "",
            "providerType": "0",
            "requiredQuantity": "001.000",
            "discount": "00057.000",
            "discountType": " ",
            "optative": " ",
            "description": "PSP SIMPLES NACIONAL B02                ",
            "itemSubcategory": "",
            "itemSegment": "",
            "itemSubsegment": "",
            "durationCode": "1000023591111111",
            "grouper": "000.000",
            "percent": "000.00",
            "optativeOne": " ",
            "sent": " ",
            "action": "A",
            "binCode": "",
            "messagePsg": ""
        },
        {
            "lineNumber": "11",
            "folio": "  19709565",
            "itemCategory": " 1",
            "type": "03",
            "startDate": "20250122",
            "endDate": "20250204",
            "itemSku": "   7501003335029",
            "category": "",
            "providerType": "0",
            "requiredQuantity": "001.000",
            "discount": "00016.500",
            "discountType": " ",
            "optative": " ",
            "description": "PSP SIMPLES NACIONAL B02                ",
            "itemSubcategory": "",
            "itemSegment": "",
            "itemSubsegment": "",
            "durationCode": "1000023591111111",
            "grouper": "000.000",
            "percent": "000.00",
            "optativeOne": " ",
            "sent": " ",
            "action": "A",
            "binCode": "",
            "messagePsg": ""
        },
        {
            "lineNumber": "12",
            "folio": "  19709565",
            "itemCategory": " 1",
            "type": "03",
            "startDate": "20250122",
            "endDate": "20250204",
            "itemSku": "   7501003340122",
            "category": "",
            "providerType": "0",
            "requiredQuantity": "001.000",
            "discount": "00026.000",
            "discountType": " ",
            "optative": " ",
            "description": "PSP SIMPLES NACIONAL B02                ",
            "itemSubcategory": "",
            "itemSegment": "",
            "itemSubsegment": "",
            "durationCode": "1000023591111111",
            "grouper": "000.000",
            "percent": "000.00",
            "optativeOne": " ",
            "sent": " ",
            "action": "A",
            "binCode": "",
            "messagePsg": ""
        },
        {
            "lineNumber": "13",
            "folio": "  19709565",
            "itemCategory": " 1",
            "type": "03",
            "startDate": "20250122",
            "endDate": "20250204",
            "itemSku": "   7501006719932",
            "category": "",
            "providerType": "0",
            "requiredQuantity": "001.000",
            "discount": "00027.000",
            "discountType": " ",
            "optative": " ",
            "description": "PSP SIMPLES NACIONAL B02                ",
            "itemSubcategory": "",
            "itemSegment": "",
            "itemSubsegment": "",
            "durationCode": "1000023591111111",
            "grouper": "000.000",
            "percent": "000.00",
            "optativeOne": " ",
            "sent": " ",
            "action": "A",
            "binCode": "",
            "messagePsg": ""
        },
        {
            "lineNumber": "14",
            "folio": "  19709565",
            "itemCategory": " 1",
            "type": "03",
            "startDate": "20250122",
            "endDate": "20250204",
            "itemSku": "   7501017372751",
            "category": "",
            "providerType": "0",
            "requiredQuantity": "001.000",
            "discount": "00125.000",
            "discountType": " ",
            "optative": " ",
            "description": "PSP SIMPLES NACIONAL B02                ",
            "itemSubcategory": "",
            "itemSegment": "",
            "itemSubsegment": "",
            "durationCode": "1000023591111111",
            "grouper": "000.000",
            "percent": "000.00",
            "optativeOne": " ",
            "sent": " ",
            "action": "A",
            "binCode": "",
            "messagePsg": ""
        },
        {
            "lineNumber": "15",
            "folio": "  19709565",
            "itemCategory": " 1",
            "type": "03",
            "startDate": "20250122",
            "endDate": "20250204",
            "itemSku": "   7501018203849",
            "category": "",
            "providerType": "0",
            "requiredQuantity": "001.000",
            "discount": "00025.500",
            "discountType": " ",
            "optative": " ",
            "description": "PSP SIMPLES NACIONAL B02                ",
            "itemSubcategory": "",
            "itemSegment": "",
            "itemSubsegment": "",
            "durationCode": "1000023591111111",
            "grouper": "000.000",
            "percent": "000.00",
            "optativeOne": " ",
            "sent": " ",
            "action": "A",
            "binCode": "",
            "messagePsg": ""
        },
        {
            "lineNumber": "16",
            "folio": "  19709565",
            "itemCategory": " 1",
            "type": "03",
            "startDate": "20250122",
            "endDate": "20250204",
            "itemSku": "   7501018310233",
            "category": "",
            "providerType": "0",
            "requiredQuantity": "001.000",
            "discount": "00009.000",
            "discountType": " ",
            "optative": " ",
            "description": "PSP SIMPLES NACIONAL B02                ",
            "itemSubcategory": "",
            "itemSegment": "",
            "itemSubsegment": "",
            "durationCode": "1000023591111111",
            "grouper": "000.000",
            "percent": "000.00",
            "optativeOne": " ",
            "sent": " ",
            "action": "A",
            "binCode": "",
            "messagePsg": ""
        },
        {
            "lineNumber": "17",
            "folio": "  19709565",
            "itemCategory": " 1",
            "type": "03",
            "startDate": "20250122",
            "endDate": "20250204",
            "itemSku": "   7501018310530",
            "category": "",
            "providerType": "0",
            "requiredQuantity": "001.000",
            "discount": "00009.000",
            "discountType": " ",
            "optative": " ",
            "description": "PSP SIMPLES NACIONAL B02                ",
            "itemSubcategory": "",
            "itemSegment": "",
            "itemSubsegment": "",
            "durationCode": "1000023591111111",
            "grouper": "000.000",
            "percent": "000.00",
            "optativeOne": " ",
            "sent": " ",
            "action": "A",
            "binCode": "",
            "messagePsg": ""
        },
        {
            "lineNumber": "18",
            "folio": "  19709565",
            "itemCategory": " 1",
            "type": "03",
            "startDate": "20250122",
            "endDate": "20250204",
            "itemSku": "   7501018310943",
            "category": "",
            "providerType": "0",
            "requiredQuantity": "001.000",
            "discount": "00019.000",
            "discountType": " ",
            "optative": " ",
            "description": "PSP SIMPLES NACIONAL B02                ",
            "itemSubcategory": "",
            "itemSegment": "",
            "itemSubsegment": "",
            "durationCode": "1000023591111111",
            "grouper": "000.000",
            "percent": "000.00",
            "optativeOne": " ",
            "sent": " ",
            "action": "A",
            "binCode": "",
            "messagePsg": ""
        },
        {
            "lineNumber": "19",
            "folio": "  19709565",
            "itemCategory": " 1",
            "type": "03",
            "startDate": "20250122",
            "endDate": "20250204",
            "itemSku": "   7501018310974",
            "category": "",
            "providerType": "0",
            "requiredQuantity": "001.000",
            "discount": "00019.000",
            "discountType": " ",
            "optative": " ",
            "description": "PSP SIMPLES NACIONAL B02                ",
            "itemSubcategory": "",
            "itemSegment": "",
            "itemSubsegment": "",
            "durationCode": "1000023591111111",
            "grouper": "000.000",
            "percent": "000.00",
            "optativeOne": " ",
            "sent": " ",
            "action": "A",
            "binCode": "",
            "messagePsg": ""
        },
        {
            "lineNumber": "20",
            "folio": "  19709565",
            "itemCategory": " 1",
            "type": "03",
            "startDate": "20250122",
            "endDate": "20250204",
            "itemSku": "   7501018310981",
            "category": "",
            "providerType": "0",
            "requiredQuantity": "001.000",
            "discount": "00019.000",
            "discountType": " ",
            "optative": " ",
            "description": "PSP SIMPLES NACIONAL B02                ",
            "itemSubcategory": "",
            "itemSegment": "",
            "itemSubsegment": "",
            "durationCode": "1000023591111111",
            "grouper": "000.000",
            "percent": "000.00",
            "optativeOne": " ",
            "sent": " ",
            "action": "A",
            "binCode": "",
            "messagePsg": ""
        },
        {
            "lineNumber": "21",
            "folio": "  19709565",
            "itemCategory": " 1",
            "type": "03",
            "startDate": "20250122",
            "endDate": "20250204",
            "itemSku": "   7501018311018",
            "category": "",
            "providerType": "0",
            "requiredQuantity": "001.000",
            "discount": "00019.000",
            "discountType": " ",
            "optative": " ",
            "description": "PSP SIMPLES NACIONAL B02                ",
            "itemSubcategory": "",
            "itemSegment": "",
            "itemSubsegment": "",
            "durationCode": "1000023591111111",
            "grouper": "000.000",
            "percent": "000.00",
            "optativeOne": " ",
            "sent": " ",
            "action": "A",
            "binCode": "",
            "messagePsg": ""
        },
        {
            "lineNumber": "22",
            "folio": "  19709565",
            "itemCategory": " 1",
            "type": "03",
            "startDate": "20250122",
            "endDate": "20250204",
            "itemSku": "   7501035907508",
            "category": "",
            "providerType": "0",
            "requiredQuantity": "001.000",
            "discount": "00050.000",
            "discountType": " ",
            "optative": " ",
            "description": "PSP SIMPLES NACIONAL B02                ",
            "itemSubcategory": "",
            "itemSegment": "",
            "itemSubsegment": "",
            "durationCode": "1000023591111111",
            "grouper": "000.000",
            "percent": "000.00",
            "optativeOne": " ",
            "sent": " ",
            "action": "A",
            "binCode": "",
            "messagePsg": ""
        },
        {
            "lineNumber": "23",
            "folio": "  19709565",
            "itemCategory": " 1",
            "type": "03",
            "startDate": "20250122",
            "endDate": "20250204",
            "itemSku": "   7501039120149",
            "category": "",
            "providerType": "0",
            "requiredQuantity": "001.000",
            "discount": "00041.000",
            "discountType": " ",
            "optative": " ",
            "description": "PSP SIMPLES NACIONAL B02                ",
            "itemSubcategory": "",
            "itemSegment": "",
            "itemSubsegment": "",
            "durationCode": "1000023591111111",
            "grouper": "000.000",
            "percent": "000.00",
            "optativeOne": " ",
            "sent": " ",
            "action": "A",
            "binCode": "",
            "messagePsg": ""
        },
        {
            "lineNumber": "24",
            "folio": "  19709565",
            "itemCategory": " 1",
            "type": "03",
            "startDate": "20250122",
            "endDate": "20250204",
            "itemSku": "   7501039121993",
            "category": "",
            "providerType": "0",
            "requiredQuantity": "001.000",
            "discount": "00021.000",
            "discountType": " ",
            "optative": " ",
            "description": "PSP SIMPLES NACIONAL B02                ",
            "itemSubcategory": "",
            "itemSegment": "",
            "itemSubsegment": "",
            "durationCode": "1000023591111111",
            "grouper": "000.000",
            "percent": "000.00",
            "optativeOne": " ",
            "sent": " ",
            "action": "A",
            "binCode": "",
            "messagePsg": ""
        },
        {
            "lineNumber": "25",
            "folio": "  19709565",
            "itemCategory": " 1",
            "type": "03",
            "startDate": "20250122",
            "endDate": "20250204",
            "itemSku": "   7501039122099",
            "category": "",
            "providerType": "0",
            "requiredQuantity": "001.000",
            "discount": "00030.000",
            "discountType": " ",
            "optative": " ",
            "description": "PSP SIMPLES NACIONAL B02                ",
            "itemSubcategory": "",
            "itemSegment": "",
            "itemSubsegment": "",
            "durationCode": "1000023591111111",
            "grouper": "000.000",
            "percent": "000.00",
            "optativeOne": " ",
            "sent": " ",
            "action": "A",
            "binCode": "",
            "messagePsg": ""
        },
        {
            "lineNumber": "26",
            "folio": "  19709565",
            "itemCategory": " 1",
            "type": "03",
            "startDate": "20250122",
            "endDate": "20250204",
            "itemSku": "   7501039122181",
            "category": "",
            "providerType": "0",
            "requiredQuantity": "001.000",
            "discount": "00121.000",
            "discountType": " ",
            "optative": " ",
            "description": "PSP SIMPLES NACIONAL B02                ",
            "itemSubcategory": "",
            "itemSegment": "",
            "itemSubsegment": "",
            "durationCode": "1000023591111111",
            "grouper": "000.000",
            "percent": "000.00",
            "optativeOne": " ",
            "sent": " ",
            "action": "A",
            "binCode": "",
            "messagePsg": ""
        },
        {
            "lineNumber": "27",
            "folio": "  19709565",
            "itemCategory": " 1",
            "type": "03",
            "startDate": "20250122",
            "endDate": "20250204",
            "itemSku": "   7501039127285",
            "category": "",
            "providerType": "0",
            "requiredQuantity": "001.000",
            "discount": "00083.000",
            "discountType": " ",
            "optative": " ",
            "description": "PSP SIMPLES NACIONAL B02                ",
            "itemSubcategory": "",
            "itemSegment": "",
            "itemSubsegment": "",
            "durationCode": "1000023591111111",
            "grouper": "000.000",
            "percent": "000.00",
            "optativeOne": " ",
            "sent": " ",
            "action": "A",
            "binCode": "",
            "messagePsg": ""
        },
        {
            "lineNumber": "28",
            "folio": "  19709565",
            "itemCategory": " 1",
            "type": "03",
            "startDate": "20250122",
            "endDate": "20250204",
            "itemSku": "   7501045400846",
            "category": "",
            "providerType": "0",
            "requiredQuantity": "001.000",
            "discount": "00042.000",
            "discountType": " ",
            "optative": " ",
            "description": "PSP SIMPLES NACIONAL B02                ",
            "itemSubcategory": "",
            "itemSegment": "",
            "itemSubsegment": "",
            "durationCode": "1000023591111111",
            "grouper": "000.000",
            "percent": "000.00",
            "optativeOne": " ",
            "sent": " ",
            "action": "A",
            "binCode": "",
            "messagePsg": ""
        },
        {
            "lineNumber": "29",
            "folio": "  19709565",
            "itemCategory": " 1",
            "type": "03",
            "startDate": "20250122",
            "endDate": "20250204",
            "itemSku": "   7501045400860",
            "category": "",
            "providerType": "0",
            "requiredQuantity": "001.000",
            "discount": "00042.000",
            "discountType": " ",
            "optative": " ",
            "description": "PSP SIMPLES NACIONAL B02                ",
            "itemSubcategory": "",
            "itemSegment": "",
            "itemSubsegment": "",
            "durationCode": "1000023591111111",
            "grouper": "000.000",
            "percent": "000.00",
            "optativeOne": " ",
            "sent": " ",
            "action": "A",
            "binCode": "",
            "messagePsg": ""
        },
        {
            "lineNumber": "30",
            "folio": "  19709565",
            "itemCategory": " 1",
            "type": "03",
            "startDate": "20250122",
            "endDate": "20250204",
            "itemSku": "   7501045403007",
            "category": "",
            "providerType": "0",
            "requiredQuantity": "001.000",
            "discount": "00021.000",
            "discountType": " ",
            "optative": " ",
            "description": "PSP SIMPLES NACIONAL B02                ",
            "itemSubcategory": "",
            "itemSegment": "",
            "itemSubsegment": "",
            "durationCode": "1000023591111111",
            "grouper": "000.000",
            "percent": "000.00",
            "optativeOne": " ",
            "sent": " ",
            "action": "A",
            "binCode": "",
            "messagePsg": ""
        },
        {
            "lineNumber": "31",
            "folio": "  19709565",
            "itemCategory": " 1",
            "type": "03",
            "startDate": "20250122",
            "endDate": "20250204",
            "itemSku": "   7501045403014",
            "category": "",
            "providerType": "0",
            "requiredQuantity": "001.000",
            "discount": "00021.000",
            "discountType": " ",
            "optative": " ",
            "description": "PSP SIMPLES NACIONAL B02                ",
            "itemSubcategory": "",
            "itemSegment": "",
            "itemSubsegment": "",
            "durationCode": "1000023591111111",
            "grouper": "000.000",
            "percent": "000.00",
            "optativeOne": " ",
            "sent": " ",
            "action": "A",
            "binCode": "",
            "messagePsg": ""
        },
        {
            "lineNumber": "32",
            "folio": "  19709565",
            "itemCategory": " 1",
            "type": "03",
            "startDate": "20250122",
            "endDate": "20250204",
            "itemSku": "   7501045403281",
            "category": "",
            "providerType": "0",
            "requiredQuantity": "001.000",
            "discount": "00040.000",
            "discountType": " ",
            "optative": " ",
            "description": "PSP SIMPLES NACIONAL B02                ",
            "itemSubcategory": "",
            "itemSegment": "",
            "itemSubsegment": "",
            "durationCode": "1000023591111111",
            "grouper": "000.000",
            "percent": "000.00",
            "optativeOne": " ",
            "sent": " ",
            "action": "A",
            "binCode": "",
            "messagePsg": ""
        },
        {
            "lineNumber": "33",
            "folio": "  19709565",
            "itemCategory": " 1",
            "type": "03",
            "startDate": "20250122",
            "endDate": "20250204",
            "itemSku": "        75013820",
            "category": "",
            "providerType": "0",
            "requiredQuantity": "001.000",
            "discount": "00045.000",
            "discountType": " ",
            "optative": " ",
            "description": "PSP SIMPLES NACIONAL B02                ",
            "itemSubcategory": "",
            "itemSegment": "",
            "itemSubsegment": "",
            "durationCode": "1000023591111111",
            "grouper": "000.000",
            "percent": "000.00",
            "optativeOne": " ",
            "sent": " ",
            "action": "A",
            "binCode": "",
            "messagePsg": ""
        },
        {
            "lineNumber": "34",
            "folio": "  19709565",
            "itemCategory": " 1",
            "type": "03",
            "startDate": "20250122",
            "endDate": "20250204",
            "itemSku": "   7501518463156",
            "category": "",
            "providerType": "0",
            "requiredQuantity": "001.000",
            "discount": "00032.000",
            "discountType": " ",
            "optative": " ",
            "description": "PSP SIMPLES NACIONAL B02                ",
            "itemSubcategory": "",
            "itemSegment": "",
            "itemSubsegment": "",
            "durationCode": "1000023591111111",
            "grouper": "000.000",
            "percent": "000.00",
            "optativeOne": " ",
            "sent": " ",
            "action": "A",
            "binCode": "",
            "messagePsg": ""
        },
        {
            "lineNumber": "35",
            "folio": "  19709565",
            "itemCategory": " 1",
            "type": "03",
            "startDate": "20250122",
            "endDate": "20250204",
            "itemSku": "   7501518463200",
            "category": "",
            "providerType": "0",
            "requiredQuantity": "001.000",
            "discount": "00056.000",
            "discountType": " ",
            "optative": " ",
            "description": "PSP SIMPLES NACIONAL B02                ",
            "itemSubcategory": "",
            "itemSegment": "",
            "itemSubsegment": "",
            "durationCode": "1000023591111111",
            "grouper": "000.000",
            "percent": "000.00",
            "optativeOne": " ",
            "sent": " ",
            "action": "A",
            "binCode": "",
            "messagePsg": ""
        },
        {
            "lineNumber": "36",
            "folio": "  19709565",
            "itemCategory": " 1",
            "type": "03",
            "startDate": "20250122",
            "endDate": "20250204",
            "itemSku": "   7501518466072",
            "category": "",
            "providerType": "0",
            "requiredQuantity": "001.000",
            "discount": "00015.000",
            "discountType": " ",
            "optative": " ",
            "description": "PSP SIMPLES NACIONAL B02                ",
            "itemSubcategory": "",
            "itemSegment": "",
            "itemSubsegment": "",
            "durationCode": "1000023591111111",
            "grouper": "000.000",
            "percent": "000.00",
            "optativeOne": " ",
            "sent": " ",
            "action": "A",
            "binCode": "",
            "messagePsg": ""
        },
        {
            "lineNumber": "37",
            "folio": "  19709565",
            "itemCategory": " 1",
            "type": "03",
            "startDate": "20250122",
            "endDate": "20250204",
            "itemSku": "   7501518492262",
            "category": "",
            "providerType": "0",
            "requiredQuantity": "001.000",
            "discount": "00040.000",
            "discountType": " ",
            "optative": " ",
            "description": "PSP SIMPLES NACIONAL B02                ",
            "itemSubcategory": "",
            "itemSegment": "",
            "itemSubsegment": "",
            "durationCode": "1000023591111111",
            "grouper": "000.000",
            "percent": "000.00",
            "optativeOne": " ",
            "sent": " ",
            "action": "A",
            "binCode": "",
            "messagePsg": ""
        },
        {
            "lineNumber": "38",
            "folio": "  19709565",
            "itemCategory": " 1",
            "type": "03",
            "startDate": "20250122",
            "endDate": "20250204",
            "itemSku": "   7501518492484",
            "category": "",
            "providerType": "0",
            "requiredQuantity": "001.000",
            "discount": "00040.000",
            "discountType": " ",
            "optative": " ",
            "description": "PSP SIMPLES NACIONAL B02                ",
            "itemSubcategory": "",
            "itemSegment": "",
            "itemSubsegment": "",
            "durationCode": "1000023591111111",
            "grouper": "000.000",
            "percent": "000.00",
            "optativeOne": " ",
            "sent": " ",
            "action": "A",
            "binCode": "",
            "messagePsg": ""
        },
        {
            "lineNumber": "39",
            "folio": "  19709565",
            "itemCategory": " 1",
            "type": "03",
            "startDate": "20250122",
            "endDate": "20250204",
            "itemSku": "   7501943471962",
            "category": "",
            "providerType": "0",
            "requiredQuantity": "001.000",
            "discount": "00039.000",
            "discountType": " ",
            "optative": " ",
            "description": "PSP SIMPLES NACIONAL B02                ",
            "itemSubcategory": "",
            "itemSegment": "",
            "itemSubsegment": "",
            "durationCode": "1000023591111111",
            "grouper": "000.000",
            "percent": "000.00",
            "optativeOne": " ",
            "sent": " ",
            "action": "A",
            "binCode": "",
            "messagePsg": ""
        },
        {
            "lineNumber": "40",
            "folio": "  19709565",
            "itemCategory": " 1",
            "type": "03",
            "startDate": "20250122",
            "endDate": "20250204",
            "itemSku": "   7502271158624",
            "category": "",
            "providerType": "0",
            "requiredQuantity": "001.000",
            "discount": "00005.500",
            "discountType": " ",
            "optative": " ",
            "description": "PSP SIMPLES NACIONAL B02                ",
            "itemSubcategory": "",
            "itemSegment": "",
            "itemSubsegment": "",
            "durationCode": "1000023591111111",
            "grouper": "000.000",
            "percent": "000.00",
            "optativeOne": " ",
            "sent": " ",
            "action": "A",
            "binCode": "",
            "messagePsg": ""
        },
        {
            "lineNumber": "41",
            "folio": "  19709565",
            "itemCategory": " 1",
            "type": "03",
            "startDate": "20250122",
            "endDate": "20250204",
            "itemSku": "   7502271158631",
            "category": "",
            "providerType": "0",
            "requiredQuantity": "001.000",
            "discount": "00005.500",
            "discountType": " ",
            "optative": " ",
            "description": "PSP SIMPLES NACIONAL B02                ",
            "itemSubcategory": "",
            "itemSegment": "",
            "itemSubsegment": "",
            "durationCode": "1000023591111111",
            "grouper": "000.000",
            "percent": "000.00",
            "optativeOne": " ",
            "sent": " ",
            "action": "A",
            "binCode": "",
            "messagePsg": ""
        },
        {
            "lineNumber": "42",
            "folio": "  19709565",
            "itemCategory": " 1",
            "type": "03",
            "startDate": "20250122",
            "endDate": "20250204",
            "itemSku": "   7502271158648",
            "category": "",
            "providerType": "0",
            "requiredQuantity": "001.000",
            "discount": "00005.500",
            "discountType": " ",
            "optative": " ",
            "description": "PSP SIMPLES NACIONAL B02                ",
            "itemSubcategory": "",
            "itemSegment": "",
            "itemSubsegment": "",
            "durationCode": "1000023591111111",
            "grouper": "000.000",
            "percent": "000.00",
            "optativeOne": " ",
            "sent": " ",
            "action": "A",
            "binCode": "",
            "messagePsg": ""
        },
        {
            "lineNumber": "43",
            "folio": "  19709565",
            "itemCategory": " 1",
            "type": "03",
            "startDate": "20250122",
            "endDate": "20250204",
            "itemSku": "   7502271158655",
            "category": "",
            "providerType": "0",
            "requiredQuantity": "001.000",
            "discount": "00005.500",
            "discountType": " ",
            "optative": " ",
            "description": "PSP SIMPLES NACIONAL B02                ",
            "itemSubcategory": "",
            "itemSegment": "",
            "itemSubsegment": "",
            "durationCode": "1000023591111111",
            "grouper": "000.000",
            "percent": "000.00",
            "optativeOne": " ",
            "sent": " ",
            "action": "A",
            "binCode": "",
            "messagePsg": ""
        },
        {
            "lineNumber": "44",
            "folio": "  19709565",
            "itemCategory": " 1",
            "type": "03",
            "startDate": "20250122",
            "endDate": "20250204",
            "itemSku": "   7506475110983",
            "category": "",
            "providerType": "0",
            "requiredQuantity": "001.000",
            "discount": "00055.000",
            "discountType": " ",
            "optative": " ",
            "description": "PSP SIMPLES NACIONAL B02                ",
            "itemSubcategory": "",
            "itemSegment": "",
            "itemSubsegment": "",
            "durationCode": "1000023591111111",
            "grouper": "000.000",
            "percent": "000.00",
            "optativeOne": " ",
            "sent": " ",
            "action": "A",
            "binCode": "",
            "messagePsg": ""
        },
        {
            "lineNumber": "45",
            "folio": "  19709565",
            "itemCategory": " 1",
            "type": "03",
            "startDate": "20250122",
            "endDate": "20250204",
            "itemSku": "   7509546057545",
            "category": "",
            "providerType": "0",
            "requiredQuantity": "001.000",
            "discount": "00050.000",
            "discountType": " ",
            "optative": " ",
            "description": "PSP SIMPLES NACIONAL B02                ",
            "itemSubcategory": "",
            "itemSegment": "",
            "itemSubsegment": "",
            "durationCode": "1000023591111111",
            "grouper": "000.000",
            "percent": "000.00",
            "optativeOne": " ",
            "sent": " ",
            "action": "A",
            "binCode": "",
            "messagePsg": ""
        },
        {
            "lineNumber": "46",
            "folio": "  19709565",
            "itemCategory": " 1",
            "type": "03",
            "startDate": "20250122",
            "endDate": "20250204",
            "itemSku": "   7509546061085",
            "category": "",
            "providerType": "0",
            "requiredQuantity": "001.000",
            "discount": "00040.000",
            "discountType": " ",
            "optative": " ",
            "description": "PSP SIMPLES NACIONAL B02                ",
            "itemSubcategory": "",
            "itemSegment": "",
            "itemSubsegment": "",
            "durationCode": "1000023591111111",
            "grouper": "000.000",
            "percent": "000.00",
            "optativeOne": " ",
            "sent": " ",
            "action": "A",
            "binCode": "",
            "messagePsg": ""
        },
        {
            "lineNumber": "47",
            "folio": "  19709565",
            "itemCategory": " 1",
            "type": "03",
            "startDate": "20250122",
            "endDate": "20250204",
            "itemSku": "   7509546068619",
            "category": "",
            "providerType": "0",
            "requiredQuantity": "001.000",
            "discount": "00050.000",
            "discountType": " ",
            "optative": " ",
            "description": "PSP SIMPLES NACIONAL B02                ",
            "itemSubcategory": "",
            "itemSegment": "",
            "itemSubsegment": "",
            "durationCode": "1000023591111111",
            "grouper": "000.000",
            "percent": "000.00",
            "optativeOne": " ",
            "sent": " ",
            "action": "A",
            "binCode": "",
            "messagePsg": ""
        },
        {
            "lineNumber": "48",
            "folio": "  19709565",
            "itemCategory": " 1",
            "type": "03",
            "startDate": "20250122",
            "endDate": "20250204",
            "itemSku": "   7509546071275",
            "category": "",
            "providerType": "0",
            "requiredQuantity": "001.000",
            "discount": "00040.000",
            "discountType": " ",
            "optative": " ",
            "description": "PSP SIMPLES NACIONAL B02                ",
            "itemSubcategory": "",
            "itemSegment": "",
            "itemSubsegment": "",
            "durationCode": "1000023591111111",
            "grouper": "000.000",
            "percent": "000.00",
            "optativeOne": " ",
            "sent": " ",
            "action": "A",
            "binCode": "",
            "messagePsg": ""
        },
        {
            "lineNumber": "49",
            "folio": "  19709565",
            "itemCategory": " 1",
            "type": "03",
            "startDate": "20250122",
            "endDate": "20250204",
            "itemSku": "   7509546073767",
            "category": "",
            "providerType": "0",
            "requiredQuantity": "001.000",
            "discount": "00050.000",
            "discountType": " ",
            "optative": " ",
            "description": "PSP SIMPLES NACIONAL B02                ",
            "itemSubcategory": "",
            "itemSegment": "",
            "itemSubsegment": "",
            "durationCode": "1000023591111111",
            "grouper": "000.000",
            "percent": "000.00",
            "optativeOne": " ",
            "sent": " ",
            "action": "A",
            "binCode": "",
            "messagePsg": ""
        },
        {
            "lineNumber": "50",
            "folio": "  19709565",
            "itemCategory": " 1",
            "type": "03",
            "startDate": "20250122",
            "endDate": "20250204",
            "itemSku": "   7509546666396",
            "category": "",
            "providerType": "0",
            "requiredQuantity": "001.000",
            "discount": "00025.000",
            "discountType": " ",
            "optative": " ",
            "description": "PSP SIMPLES NACIONAL B02                ",
            "itemSubcategory": "",
            "itemSegment": "",
            "itemSubsegment": "",
            "durationCode": "1000023591111111",
            "grouper": "000.000",
            "percent": "000.00",
            "optativeOne": " ",
            "sent": " ",
            "action": "A",
            "binCode": "",
            "messagePsg": ""
        },
        {
            "lineNumber": "51",
            "folio": "  19709565",
            "itemCategory": " 1",
            "type": "03",
            "startDate": "20250122",
            "endDate": "20250204",
            "itemSku": "   7509546672670",
            "category": "",
            "providerType": "0",
            "requiredQuantity": "001.000",
            "discount": "00035.000",
            "discountType": " ",
            "optative": " ",
            "description": "PSP SIMPLES NACIONAL B02                ",
            "itemSubcategory": "",
            "itemSegment": "",
            "itemSubsegment": "",
            "durationCode": "1000023591111111",
            "grouper": "000.000",
            "percent": "000.00",
            "optativeOne": " ",
            "sent": " ",
            "action": "A",
            "binCode": "",
            "messagePsg": ""
        },
        {
            "lineNumber": "52",
            "folio": "  19709565",
            "itemCategory": " 1",
            "type": "03",
            "startDate": "20250122",
            "endDate": "20250204",
            "itemSku": "   7509546681511",
            "category": "",
            "providerType": "0",
            "requiredQuantity": "001.000",
            "discount": "00030.000",
            "discountType": " ",
            "optative": " ",
            "description": "PSP SIMPLES NACIONAL B02                ",
            "itemSubcategory": "",
            "itemSegment": "",
            "itemSubsegment": "",
            "durationCode": "1000023591111111",
            "grouper": "000.000",
            "percent": "000.00",
            "optativeOne": " ",
            "sent": " ",
            "action": "A",
            "binCode": "",
            "messagePsg": ""
        },
        {
            "lineNumber": "53",
            "folio": "  19709565",
            "itemCategory": " 1",
            "type": "03",
            "startDate": "20250122",
            "endDate": "20250204",
            "itemSku": "   7509546682358",
            "category": "",
            "providerType": "0",
            "requiredQuantity": "001.000",
            "discount": "00035.000",
            "discountType": " ",
            "optative": " ",
            "description": "PSP SIMPLES NACIONAL B02                ",
            "itemSubcategory": "",
            "itemSegment": "",
            "itemSubsegment": "",
            "durationCode": "1000023591111111",
            "grouper": "000.000",
            "percent": "000.00",
            "optativeOne": " ",
            "sent": " ",
            "action": "A",
            "binCode": "",
            "messagePsg": ""
        },
        {
            "lineNumber": "54",
            "folio": "  19709565",
            "itemCategory": " 1",
            "type": "03",
            "startDate": "20250122",
            "endDate": "20250204",
            "itemSku": "   7509546687353",
            "category": "",
            "providerType": "0",
            "requiredQuantity": "001.000",
            "discount": "00030.000",
            "discountType": " ",
            "optative": " ",
            "description": "PSP SIMPLES NACIONAL B02                ",
            "itemSubcategory": "",
            "itemSegment": "",
            "itemSubsegment": "",
            "durationCode": "1000023591111111",
            "grouper": "000.000",
            "percent": "000.00",
            "optativeOne": " ",
            "sent": " ",
            "action": "A",
            "binCode": "",
            "messagePsg": ""
        },
        {
            "lineNumber": "55",
            "folio": "  19709565",
            "itemCategory": " 1",
            "type": "03",
            "startDate": "20250122",
            "endDate": "20250204",
            "itemSku": "   7702018072439",
            "category": "",
            "providerType": "0",
            "requiredQuantity": "001.000",
            "discount": "00025.000",
            "discountType": " ",
            "optative": " ",
            "description": "PSP SIMPLES NACIONAL B02                ",
            "itemSubcategory": "",
            "itemSegment": "",
            "itemSubsegment": "",
            "durationCode": "1000023591111111",
            "grouper": "000.000",
            "percent": "000.00",
            "optativeOne": " ",
            "sent": " ",
            "action": "A",
            "binCode": "",
            "messagePsg": ""
        },
        {
            "lineNumber": "56",
            "folio": "  19709565",
            "itemCategory": " 1",
            "type": "03",
            "startDate": "20250122",
            "endDate": "20250204",
            "itemSku": "   7702018880409",
            "category": "",
            "providerType": "0",
            "requiredQuantity": "001.000",
            "discount": "00025.000",
            "discountType": " ",
            "optative": " ",
            "description": "PSP SIMPLES NACIONAL B02                ",
            "itemSubcategory": "",
            "itemSegment": "",
            "itemSubsegment": "",
            "durationCode": "1000023591111111",
            "grouper": "000.000",
            "percent": "000.00",
            "optativeOne": " ",
            "sent": " ",
            "action": "A",
            "binCode": "",
            "messagePsg": ""
        },
        {
            "lineNumber": "57",
            "folio": "  19709565",
            "itemCategory": " 1",
            "type": "03",
            "startDate": "20250122",
            "endDate": "20250204",
            "itemSku": "   7702045554014",
            "category": "",
            "providerType": "0",
            "requiredQuantity": "001.000",
            "discount": "00049.000",
            "discountType": " ",
            "optative": " ",
            "description": "PSP SIMPLES NACIONAL B02                ",
            "itemSubcategory": "",
            "itemSegment": "",
            "itemSubsegment": "",
            "durationCode": "1000023591111111",
            "grouper": "000.000",
            "percent": "000.00",
            "optativeOne": " ",
            "sent": " ",
            "action": "A",
            "binCode": "",
            "messagePsg": ""
        },
        {
            "lineNumber": "58",
            "folio": "  19709565",
            "itemCategory": " 1",
            "type": "03",
            "startDate": "20250122",
            "endDate": "20250204",
            "itemSku": "   7891024039625",
            "category": "",
            "providerType": "0",
            "requiredQuantity": "001.000",
            "discount": "00025.000",
            "discountType": " ",
            "optative": " ",
            "description": "PSP SIMPLES NACIONAL B02                ",
            "itemSubcategory": "",
            "itemSegment": "",
            "itemSubsegment": "",
            "durationCode": "1000023591111111",
            "grouper": "000.000",
            "percent": "000.00",
            "optativeOne": " ",
            "sent": " ",
            "action": "A",
            "binCode": "",
            "messagePsg": ""
        },
        {
            "lineNumber": "59",
            "folio": "  19709565",
            "itemCategory": " 1",
            "type": "03",
            "startDate": "20250122",
            "endDate": "20250204",
            "itemSku": "   8076809513050",
            "category": "",
            "providerType": "0",
            "requiredQuantity": "001.000",
            "discount": "00011.000",
            "discountType": " ",
            "optative": " ",
            "description": "PSP SIMPLES NACIONAL B02                ",
            "itemSubcategory": "",
            "itemSegment": "",
            "itemSubsegment": "",
            "durationCode": "1000023591111111",
            "grouper": "000.000",
            "percent": "000.00",
            "optativeOne": " ",
            "sent": " ",
            "action": "A",
            "binCode": "",
            "messagePsg": ""
        },
        {
            "lineNumber": "60",
            "folio": "  19709565",
            "itemCategory": " 1",
            "type": "03",
            "startDate": "20250122",
            "endDate": "20250204",
            "itemSku": "   8076809531351",
            "category": "",
            "providerType": "0",
            "requiredQuantity": "001.000",
            "discount": "00026.000",
            "discountType": " ",
            "optative": " ",
            "description": "PSP SIMPLES NACIONAL B02                ",
            "itemSubcategory": "",
            "itemSegment": "",
            "itemSubsegment": "",
            "durationCode": "1000023591111111",
            "grouper": "000.000",
            "percent": "000.00",
            "optativeOne": " ",
            "sent": " ",
            "action": "A",
            "binCode": "",
            "messagePsg": ""
        },
        {
            "lineNumber": "61",
            "folio": "  19709565",
            "itemCategory": " 1",
            "type": "03",
            "startDate": "20250122",
            "endDate": "20250204",
            "itemSku": "   8076809578387",
            "category": "",
            "providerType": "0",
            "requiredQuantity": "001.000",
            "discount": "00026.000",
            "discountType": " ",
            "optative": " ",
            "description": "PSP SIMPLES NACIONAL B02                ",
            "itemSubcategory": "",
            "itemSegment": "",
            "itemSubsegment": "",
            "durationCode": "1000023591111111",
            "grouper": "000.000",
            "percent": "000.00",
            "optativeOne": " ",
            "sent": " ",
            "action": "A",
            "binCode": "",
            "messagePsg": ""
        },
        {
            "lineNumber": "62",
            "folio": "  19709565",
            "itemCategory": " 1",
            "type": "03",
            "startDate": "20250122",
            "endDate": "20250204",
            "itemSku": "    013117023305",
            "category": "",
            "providerType": "0",
            "requiredQuantity": "001.000",
            "discount": "00135.000",
            "discountType": " ",
            "optative": " ",
            "description": "PSP SIMPLES NACIONAL B02                ",
            "itemSubcategory": "",
            "itemSegment": "",
            "itemSubsegment": "",
            "durationCode": "1000023591111111",
            "grouper": "000.000",
            "percent": "000.00",
            "optativeOne": " ",
            "sent": " ",
            "action": "A",
            "binCode": "",
            "messagePsg": ""
        }
    ]
}