{
    "organizationCountry": "MX",
    "organizationName": "FEMSA Comercio",
    "businessName": "OXXO",
    "departmentId": "12NEO",
    "storeId": "52DUG",
    "numberOfRecords": "21",
    "searchId": "000000000000000000000000",
    "searchDate": "2025-01-31 10:26:44",
    "promotions": [
        {
            "lineNumber": "1",
            "folio": "  19709973",
            "itemCategory": " 1",
            "type": "03",
            "startDate": "20250201",
            "endDate": "20250302",
            "itemSku": "   7501064196959",
            "category": "",
            "providerType": "0",
            "requiredQuantity": "001.000",
            "discount": "00072.000",
            "discountType": " ",
            "optative": " ",
            "description": "Cerveza Barrilito 6P 355ml o 325ml $72  ",
            "itemSubcategory": "",
            "itemSegment": "",
            "itemSubsegment": "",
            "durationCode": "1000023591111111",
            "grouper": "000.000",
            "percent": "000.00",
            "optativeOne": " ",
            "sent": " ",
            "action": "A",
            "binCode": "",
            "messagePsg": ""
        },
        {
            "lineNumber": "2",
            "folio": "  19709973",
            "itemCategory": " 1",
            "type": "03",
            "startDate": "20250201",
            "endDate": "20250302",
            "itemSku": "   7501064114359",
            "category": "",
            "providerType": "0",
            "requiredQuantity": "001.000",
            "discount": "00072.000",
            "discountType": " ",
            "optative": " ",
            "description": "Cerveza Barrilito 6P 355ml o 325ml $72  ",
            "itemSubcategory": "",
            "itemSegment": "",
            "itemSubsegment": "",
            "durationCode": "1000023591111111",
            "grouper": "000.000",
            "percent": "000.00",
            "optativeOne": " ",
            "sent": " ",
            "action": "A",
            "binCode": "",
            "messagePsg": ""
        },
        {
            "lineNumber": "3",
            "folio": "  19709974",
            "itemCategory": " 1",
            "type": "03",
            "startDate": "20250201",
            "endDate": "20250302",
            "itemSku": "   7501064120268",
            "category": "",
            "providerType": "0",
            "requiredQuantity": "001.000",
            "discount": "00240.000",
            "discountType": " ",
            "optative": " ",
            "description": "Cerveza Model Esp 12P 355ml $240        ",
            "itemSubcategory": "",
            "itemSegment": "",
            "itemSubsegment": "",
            "durationCode": "1000023591111111",
            "grouper": "000.000",
            "percent": "000.00",
            "optativeOne": " ",
            "sent": " ",
            "action": "A",
            "binCode": "",
            "messagePsg": ""
        },
        {
            "lineNumber": "4",
            "folio": "  19709975",
            "itemCategory": " 1",
            "type": "03",
            "startDate": "20250201",
            "endDate": "20250302",
            "itemSku": "   7501064193842",
            "category": "",
            "providerType": "0",
            "requiredQuantity": "001.000",
            "discount": "00210.000",
            "discountType": " ",
            "optative": " ",
            "description": "Corona Extra o Victoria 12P 355ml $210  ",
            "itemSubcategory": "",
            "itemSegment": "",
            "itemSubsegment": "",
            "durationCode": "1000023591111111",
            "grouper": "000.000",
            "percent": "000.00",
            "optativeOne": " ",
            "sent": " ",
            "action": "A",
            "binCode": "",
            "messagePsg": ""
        },
        {
            "lineNumber": "5",
            "folio": "  19709975",
            "itemCategory": " 1",
            "type": "03",
            "startDate": "20250201",
            "endDate": "20250302",
            "itemSku": "   7501064197482",
            "category": "",
            "providerType": "0",
            "requiredQuantity": "001.000",
            "discount": "00210.000",
            "discountType": " ",
            "optative": " ",
            "description": "Corona Extra o Victoria 12P 355ml $210  ",
            "itemSubcategory": "",
            "itemSegment": "",
            "itemSubsegment": "",
            "durationCode": "1000023591111111",
            "grouper": "000.000",
            "percent": "000.00",
            "optativeOne": " ",
            "sent": " ",
            "action": "A",
            "binCode": "",
            "messagePsg": ""
        },
        {
            "lineNumber": "6",
            "folio": "  19709976",
            "itemCategory": " 1",
            "type": "03",
            "startDate": "20250201",
            "endDate": "20250302",
            "itemSku": "   7501064194214",
            "category": "",
            "providerType": "0",
            "requiredQuantity": "001.000",
            "discount": "00200.000",
            "discountType": " ",
            "optative": " ",
            "description": "Corona Light 12 Pack 355ml $200         ",
            "itemSubcategory": "",
            "itemSegment": "",
            "itemSubsegment": "",
            "durationCode": "1000023591111111",
            "grouper": "000.000",
            "percent": "000.00",
            "optativeOne": " ",
            "sent": " ",
            "action": "A",
            "binCode": "",
            "messagePsg": ""
        },
        {
            "lineNumber": "7",
            "folio": "  19709977",
            "itemCategory": " 1",
            "type": "00",
            "startDate": "20250201",
            "endDate": "20250302",
            "itemSku": "   7501064101205",
            "category": "",
            "providerType": "0",
            "requiredQuantity": "002.000",
            "discount": "00089.000",
            "discountType": "F",
            "optative": "1",
            "description": "Corona o Victoria Mega Ret 1.2L 2x$89   ",
            "itemSubcategory": "    ",
            "itemSegment": "    ",
            "itemSubsegment": "    ",
            "durationCode": "1000023591111111",
            "grouper": "001.000",
            "percent": "000.00",
            "optativeOne": " ",
            "sent": " ",
            "action": "A",
            "binCode": "",
            "messagePsg": ""
        },
        {
            "lineNumber": "8",
            "folio": "  19709977",
            "itemCategory": " 1",
            "type": "00",
            "startDate": "20250201",
            "endDate": "20250302",
            "itemSku": "   7501064191909",
            "category": "",
            "providerType": "0",
            "requiredQuantity": "002.000",
            "discount": "00089.000",
            "discountType": "F",
            "optative": "1",
            "description": "Corona o Victoria Mega Ret 1.2L 2x$89   ",
            "itemSubcategory": "    ",
            "itemSegment": "    ",
            "itemSubsegment": "    ",
            "durationCode": "1000023591111111",
            "grouper": "001.000",
            "percent": "000.00",
            "optativeOne": " ",
            "sent": " ",
            "action": "A",
            "binCode": "",
            "messagePsg": ""
        },
        {
            "lineNumber": "9",
            "folio": "  19709979",
            "itemCategory": " 1",
            "type": "00",
            "startDate": "20250201",
            "endDate": "20250302",
            "itemSku": "   7501064194962",
            "category": "",
            "providerType": "0",
            "requiredQuantity": "004.000",
            "discount": "00096.000",
            "discountType": "F",
            "optative": "1",
            "description": "Corona Ext o Lig o Victoria  473ml 4x$96",
            "itemSubcategory": "    ",
            "itemSegment": "    ",
            "itemSubsegment": "    ",
            "durationCode": "1000023591111111",
            "grouper": "001.000",
            "percent": "000.00",
            "optativeOne": " ",
            "sent": " ",
            "action": "A",
            "binCode": "",
            "messagePsg": ""
        },
        {
            "lineNumber": "10",
            "folio": "  19709979",
            "itemCategory": " 1",
            "type": "00",
            "startDate": "20250201",
            "endDate": "20250302",
            "itemSku": "   7501064193859",
            "category": "",
            "providerType": "0",
            "requiredQuantity": "004.000",
            "discount": "00096.000",
            "discountType": "F",
            "optative": "1",
            "description": "Corona Ext o Lig o Victoria  473ml 4x$96",
            "itemSubcategory": "    ",
            "itemSegment": "    ",
            "itemSubsegment": "    ",
            "durationCode": "1000023591111111",
            "grouper": "001.000",
            "percent": "000.00",
            "optativeOne": " ",
            "sent": " ",
            "action": "A",
            "binCode": "",
            "messagePsg": ""
        },
        {
            "lineNumber": "11",
            "folio": "  19709979",
            "itemCategory": " 1",
            "type": "00",
            "startDate": "20250201",
            "endDate": "20250302",
            "itemSku": "   7501064194139",
            "category": "",
            "providerType": "0",
            "requiredQuantity": "004.000",
            "discount": "00096.000",
            "discountType": "F",
            "optative": "1",
            "description": "Corona Ext o Lig o Victoria  473ml 4x$96",
            "itemSubcategory": "    ",
            "itemSegment": "    ",
            "itemSubsegment": "    ",
            "durationCode": "1000023591111111",
            "grouper": "001.000",
            "percent": "000.00",
            "optativeOne": " ",
            "sent": " ",
            "action": "A",
            "binCode": "",
            "messagePsg": ""
        },
        {
            "lineNumber": "12",
            "folio": "  19709981",
            "itemCategory": " 1",
            "type": "00",
            "startDate": "20250201",
            "endDate": "20250302",
            "itemSku": "   7501064191886",
            "category": "",
            "providerType": "0",
            "requiredQuantity": "004.000",
            "discount": "00103.000",
            "discountType": "F",
            "optative": "1",
            "description": "Cerveza Modelo Especial 473ml 4x$103    ",
            "itemSubcategory": "    ",
            "itemSegment": "    ",
            "itemSubsegment": "    ",
            "durationCode": "1000023591111111",
            "grouper": "001.000",
            "percent": "000.00",
            "optativeOne": " ",
            "sent": " ",
            "action": "A",
            "binCode": "",
            "messagePsg": ""
        },
        {
            "lineNumber": "13",
            "folio": "  19709982",
            "itemCategory": " 1",
            "type": "00",
            "startDate": "20250201",
            "endDate": "20250302",
            "itemSku": "   7501064195310",
            "category": "",
            "providerType": "0",
            "requiredQuantity": "006.000",
            "discount": "00108.000",
            "discountType": "F",
            "optative": "1",
            "description": "Corona Extra o Victoria 355ml 6x$108    ",
            "itemSubcategory": "    ",
            "itemSegment": "    ",
            "itemSubsegment": "    ",
            "durationCode": "1000023591111111",
            "grouper": "001.000",
            "percent": "000.00",
            "optativeOne": " ",
            "sent": " ",
            "action": "A",
            "binCode": "",
            "messagePsg": ""
        },
        {
            "lineNumber": "14",
            "folio": "  19709982",
            "itemCategory": " 1",
            "type": "00",
            "startDate": "20250201",
            "endDate": "20250302",
            "itemSku": "   7501064190711",
            "category": "",
            "providerType": "0",
            "requiredQuantity": "006.000",
            "discount": "00108.000",
            "discountType": "F",
            "optative": "1",
            "description": "Corona Extra o Victoria 355ml 6x$108    ",
            "itemSubcategory": "    ",
            "itemSegment": "    ",
            "itemSubsegment": "    ",
            "durationCode": "1000023591111111",
            "grouper": "001.000",
            "percent": "000.00",
            "optativeOne": " ",
            "sent": " ",
            "action": "A",
            "binCode": "",
            "messagePsg": ""
        },
        {
            "lineNumber": "15",
            "folio": "  19709983",
            "itemCategory": " 1",
            "type": "00",
            "startDate": "20250201",
            "endDate": "20250302",
            "itemSku": "   7501064107153",
            "category": "",
            "providerType": "0",
            "requiredQuantity": "006.000",
            "discount": "00103.000",
            "discountType": "F",
            "optative": "1",
            "description": "Cerveza Corona Light Lata 355ml 6x$103  ",
            "itemSubcategory": "    ",
            "itemSegment": "    ",
            "itemSubsegment": "    ",
            "durationCode": "1000023591111111",
            "grouper": "001.000",
            "percent": "000.00",
            "optativeOne": " ",
            "sent": " ",
            "action": "A",
            "binCode": "",
            "messagePsg": ""
        },
        {
            "lineNumber": "16",
            "folio": "  19709984",
            "itemCategory": " 1",
            "type": "00",
            "startDate": "20250201",
            "endDate": "20250302",
            "itemSku": "   7501064194504",
            "category": "",
            "providerType": "0",
            "requiredQuantity": "006.000",
            "discount": "00123.000",
            "discountType": "F",
            "optative": "1",
            "description": "Michelob Ultra Lata 355ml 6x$123        ",
            "itemSubcategory": "    ",
            "itemSegment": "    ",
            "itemSubsegment": "    ",
            "durationCode": "1000023591111111",
            "grouper": "001.000",
            "percent": "000.00",
            "optativeOne": " ",
            "sent": " ",
            "action": "A",
            "binCode": "",
            "messagePsg": ""
        },
        {
            "lineNumber": "17",
            "folio": "  19709985",
            "itemCategory": " 1",
            "type": "00",
            "startDate": "20250201",
            "endDate": "20250302",
            "itemSku": "   7501064198168",
            "category": "",
            "providerType": "0",
            "requiredQuantity": "006.000",
            "discount": "00120.000",
            "discountType": "F",
            "optative": "1",
            "description": "Michelob Ultra NR 355ml 6x$120          ",
            "itemSubcategory": "    ",
            "itemSegment": "    ",
            "itemSubsegment": "    ",
            "durationCode": "1000023591111111",
            "grouper": "001.000",
            "percent": "000.00",
            "optativeOne": " ",
            "sent": " ",
            "action": "A",
            "binCode": "",
            "messagePsg": ""
        },
        {
            "lineNumber": "18",
            "folio": "  19709986",
            "itemCategory": " 1",
            "type": "00",
            "startDate": "20250201",
            "endDate": "20250302",
            "itemSku": "   7501064112546",
            "category": "",
            "providerType": "0",
            "requiredQuantity": "006.000",
            "discount": "00125.000",
            "discountType": "F",
            "optative": "1",
            "description": "Modelo Especial Lata 355ml 6x$125       ",
            "itemSubcategory": "    ",
            "itemSegment": "    ",
            "itemSubsegment": "    ",
            "durationCode": "1000023591111111",
            "grouper": "001.000",
            "percent": "000.00",
            "optativeOne": " ",
            "sent": " ",
            "action": "A",
            "binCode": "",
            "messagePsg": ""
        },
        {
            "lineNumber": "19",
            "folio": "  19709987",
            "itemCategory": " 1",
            "type": "00",
            "startDate": "20250201",
            "endDate": "20250302",
            "itemSku": "        75027278",
            "category": "",
            "providerType": "0",
            "requiredQuantity": "006.000",
            "discount": "00144.000",
            "discountType": "F",
            "optative": "1",
            "description": "Modelo Especial NR 355ml 6x$144         ",
            "itemSubcategory": "    ",
            "itemSegment": "    ",
            "itemSubsegment": "    ",
            "durationCode": "1000023591111111",
            "grouper": "001.000",
            "percent": "000.00",
            "optativeOne": " ",
            "sent": " ",
            "action": "A",
            "binCode": "",
            "messagePsg": ""
        },
        {
            "lineNumber": "20",
            "folio": "  19709988",
            "itemCategory": " 1",
            "type": "00",
            "startDate": "20250201",
            "endDate": "20250302",
            "itemSku": "   7501064196935",
            "category": "",
            "providerType": "0",
            "requiredQuantity": "006.000",
            "discount": "00130.000",
            "discountType": "F",
            "optative": "1",
            "description": "Negra Modelo Lata 355ml 6x$130          ",
            "itemSubcategory": "    ",
            "itemSegment": "    ",
            "itemSubsegment": "    ",
            "durationCode": "1000023591111111",
            "grouper": "001.000",
            "percent": "000.00",
            "optativeOne": " ",
            "sent": " ",
            "action": "A",
            "binCode": "",
            "messagePsg": ""
        },
        {
            "lineNumber": "21",
            "folio": "  19709989",
            "itemCategory": " 1",
            "type": "00",
            "startDate": "20250201",
            "endDate": "20250302",
            "itemSku": "   7501064199615",
            "category": "",
            "providerType": "0",
            "requiredQuantity": "006.000",
            "discount": "00126.000",
            "discountType": "F",
            "optative": "1",
            "description": "Cerveza Pacifico Clara lata 355ml 6x$126",
            "itemSubcategory": "    ",
            "itemSegment": "    ",
            "itemSubsegment": "    ",
            "durationCode": "1000023591111111",
            "grouper": "001.000",
            "percent": "000.00",
            "optativeOne": " ",
            "sent": " ",
            "action": "A",
            "binCode": "",
            "messagePsg": ""
        }
    ]
}