{
    "organizationCountry": "MX",
    "organizationName": "FEMSA Comercio",
    "businessName": "OXXO",
    "departmentId": "12NEO",
    "storeId": "52DUG",
    "numberOfRecords": "2",
    "searchId": "000000000000000000000000",
    "searchDate": "2025-01-29 02:17:29",
    "promotions": [
        {
            "lineNumber": "1",
            "folio": "  19709874",
            "itemCategory": " 1",
            "type": "03",
            "startDate": "20250130",
            "endDate": "20250204",
            "itemSku": "   7501025408121",
            "category": "",
            "providerType": "0",
            "requiredQuantity": "001.000",
            "discount": "00060.000",
            "discountType": " ",
            "optative": " ",
            "description": "Ensueno 2.8 L $60.00                    ",
            "itemSubcategory": "",
            "itemSegment": "",
            "itemSubsegment": "",
            "durationCode": "1000023591101111",
            "grouper": "000.000",
            "percent": "000.00",
            "optativeOne": " ",
            "sent": " ",
            "action": "A",
            "binCode": "",
            "messagePsg": ""
        },
        {
            "lineNumber": "2",
            "folio": "  19709874",
            "itemCategory": " 1",
            "type": "03",
            "startDate": "20250130",
            "endDate": "20250204",
            "itemSku": "   7501025444938",
            "category": "",
            "providerType": "0",
            "requiredQuantity": "001.000",
            "discount": "00060.000",
            "discountType": " ",
            "optative": " ",
            "description": "Ensueno 2.8 L $60.00                    ",
            "itemSubcategory": "",
            "itemSegment": "",
            "itemSubsegment": "",
            "durationCode": "1000023591101111",
            "grouper": "000.000",
            "percent": "000.00",
            "optativeOne": " ",
            "sent": " ",
            "action": "A",
            "binCode": "",
            "messagePsg": ""
        }
    ]
}