{
    "organizationCountry": "MX",
    "organizationName": "FEMSA Comercio",
    "businessName": "OXXO",
    "departmentId": "12NEO",
    "storeId": "52RSW",
    "numberOfRecords": "43",
    "searchId": "000000000000000000000000",
    "searchDate": "2025-03-05 20:44:39",
    "promotions": [
        {
            "lineNumber": "1",
            "folio": "  19710830",
            "itemCategory": " 1",
            "type": "00",
            "startDate": "19900101",
            "endDate": "20250304",
            "itemSku": "   7501064191886",
            "category": "",
            "providerType": "0",
            "requiredQuantity": "004.000",
            "discount": "00100.000",
            "discountType": "F",
            "optative": "1",
            "description": "PB LATON MODELO                         ",
            "itemSubcategory": "    ",
            "itemSegment": "    ",
            "itemSubsegment": "    ",
            "durationCode": "1000023591111111",
            "grouper": "000.000",
            "percent": "000.00",
            "optativeOne": " ",
            "sent": " ",
            "action": "F",
            "binCode": "",
            "messagePsg": ""
        },
        {
            "lineNumber": "2",
            "folio": "  19710838",
            "itemCategory": " 1",
            "type": "00",
            "startDate": "19900101",
            "endDate": "20250304",
            "itemSku": "   7501064196935",
            "category": "",
            "providerType": "0",
            "requiredQuantity": "006.000",
            "discount": "00129.000",
            "discountType": "F",
            "optative": "1",
            "description": "PB SIX NEGRA                            ",
            "itemSubcategory": "    ",
            "itemSegment": "    ",
            "itemSubsegment": "    ",
            "durationCode": "1000023591111111",
            "grouper": "000.000",
            "percent": "000.00",
            "optativeOne": " ",
            "sent": " ",
            "action": "F",
            "binCode": "",
            "messagePsg": ""
        },
        {
            "lineNumber": "3",
            "folio": "  19710839",
            "itemCategory": " 1",
            "type": "00",
            "startDate": "19900101",
            "endDate": "20250304",
            "itemSku": "        75027278",
            "category": "",
            "providerType": "0",
            "requiredQuantity": "006.000",
            "discount": "00139.000",
            "discountType": "F",
            "optative": "1",
            "description": "PB SIX NR ESPECIAL                      ",
            "itemSubcategory": "    ",
            "itemSegment": "    ",
            "itemSubsegment": "    ",
            "durationCode": "1000023591111111",
            "grouper": "000.000",
            "percent": "000.00",
            "optativeOne": " ",
            "sent": " ",
            "action": "F",
            "binCode": "",
            "messagePsg": ""
        },
        {
            "lineNumber": "4",
            "folio": "  19710840",
            "itemCategory": " 1",
            "type": "00",
            "startDate": "19900101",
            "endDate": "20250304",
            "itemSku": "   7501064198168",
            "category": "",
            "providerType": "0",
            "requiredQuantity": "006.000",
            "discount": "00115.000",
            "discountType": "F",
            "optative": "1",
            "description": "PB SIX NR ULTRA                         ",
            "itemSubcategory": "    ",
            "itemSegment": "    ",
            "itemSubsegment": "    ",
            "durationCode": "1000023591111111",
            "grouper": "000.000",
            "percent": "000.00",
            "optativeOne": " ",
            "sent": " ",
            "action": "F",
            "binCode": "",
            "messagePsg": ""
        },
        {
            "lineNumber": "5",
            "folio": "  19710841",
            "itemCategory": " 1",
            "type": "00",
            "startDate": "19900101",
            "endDate": "20250304",
            "itemSku": "   7501064194504",
            "category": "",
            "providerType": "0",
            "requiredQuantity": "006.000",
            "discount": "00121.000",
            "discountType": "F",
            "optative": "1",
            "description": "PB SIX ULTRA                            ",
            "itemSubcategory": "    ",
            "itemSegment": "    ",
            "itemSubsegment": "    ",
            "durationCode": "1000023591111111",
            "grouper": "000.000",
            "percent": "000.00",
            "optativeOne": " ",
            "sent": " ",
            "action": "F",
            "binCode": "",
            "messagePsg": ""
        },
        {
            "lineNumber": "6",
            "folio": "  19710878",
            "itemCategory": " 1",
            "type": "00",
            "startDate": "19900101",
            "endDate": "20250304",
            "itemSku": "   7501064112546",
            "category": "",
            "providerType": "0",
            "requiredQuantity": "006.000",
            "discount": "00124.000",
            "discountType": "F",
            "optative": "1",
            "description": "PB SIX ESPECIAL                         ",
            "itemSubcategory": "    ",
            "itemSegment": "    ",
            "itemSubsegment": "    ",
            "durationCode": "1000023591111111",
            "grouper": "000.000",
            "percent": "000.00",
            "optativeOne": " ",
            "sent": " ",
            "action": "F",
            "binCode": "",
            "messagePsg": ""
        },
        {
            "lineNumber": "7",
            "folio": "  19710879",
            "itemCategory": " 1",
            "type": "00",
            "startDate": "19900101",
            "endDate": "20250304",
            "itemSku": "   7501064195310",
            "category": "",
            "providerType": "0",
            "requiredQuantity": "006.000",
            "discount": "00109.000",
            "discountType": "F",
            "optative": "1",
            "description": "PB SIX PACK                             ",
            "itemSubcategory": "    ",
            "itemSegment": "    ",
            "itemSubsegment": "    ",
            "durationCode": "1000023591111111",
            "grouper": "000.000",
            "percent": "000.00",
            "optativeOne": " ",
            "sent": " ",
            "action": "F",
            "binCode": "",
            "messagePsg": ""
        },
        {
            "lineNumber": "8",
            "folio": "  19710883",
            "itemCategory": " 1",
            "type": "00",
            "startDate": "19900101",
            "endDate": "20250304",
            "itemSku": "   7501064101205",
            "category": "",
            "providerType": "0",
            "requiredQuantity": "002.000",
            "discount": "00089.000",
            "discountType": "F",
            "optative": "1",
            "description": "PB MEGA                                 ",
            "itemSubcategory": "    ",
            "itemSegment": "    ",
            "itemSubsegment": "    ",
            "durationCode": "1000023591111111",
            "grouper": "000.000",
            "percent": "000.00",
            "optativeOne": " ",
            "sent": " ",
            "action": "F",
            "binCode": "",
            "messagePsg": ""
        },
        {
            "lineNumber": "9",
            "folio": "  19710883",
            "itemCategory": " 1",
            "type": "00",
            "startDate": "19900101",
            "endDate": "20250304",
            "itemSku": "   7501064191909",
            "category": "",
            "providerType": "0",
            "requiredQuantity": "002.000",
            "discount": "00089.000",
            "discountType": "F",
            "optative": "1",
            "description": "PB MEGA                                 ",
            "itemSubcategory": "    ",
            "itemSegment": "    ",
            "itemSubsegment": "    ",
            "durationCode": "1000023591111111",
            "grouper": "000.000",
            "percent": "000.00",
            "optativeOne": " ",
            "sent": " ",
            "action": "F",
            "binCode": "",
            "messagePsg": ""
        },
        {
            "lineNumber": "10",
            "folio": "  19710884",
            "itemCategory": " 1",
            "type": "00",
            "startDate": "19900101",
            "endDate": "20250304",
            "itemSku": "   7501064194139",
            "category": "",
            "providerType": "0",
            "requiredQuantity": "004.000",
            "discount": "00094.000",
            "discountType": "F",
            "optative": "1",
            "description": "PB LATONES                              ",
            "itemSubcategory": "    ",
            "itemSegment": "    ",
            "itemSubsegment": "    ",
            "durationCode": "1000023591111111",
            "grouper": "000.000",
            "percent": "000.00",
            "optativeOne": " ",
            "sent": " ",
            "action": "F",
            "binCode": "",
            "messagePsg": ""
        },
        {
            "lineNumber": "11",
            "folio": "  19710884",
            "itemCategory": " 1",
            "type": "00",
            "startDate": "19900101",
            "endDate": "20250304",
            "itemSku": "   7501064194962",
            "category": "",
            "providerType": "0",
            "requiredQuantity": "004.000",
            "discount": "00094.000",
            "discountType": "F",
            "optative": "1",
            "description": "PB LATONES                              ",
            "itemSubcategory": "    ",
            "itemSegment": "    ",
            "itemSubsegment": "    ",
            "durationCode": "1000023591111111",
            "grouper": "000.000",
            "percent": "000.00",
            "optativeOne": " ",
            "sent": " ",
            "action": "F",
            "binCode": "",
            "messagePsg": ""
        },
        {
            "lineNumber": "12",
            "folio": "  19710884",
            "itemCategory": " 1",
            "type": "00",
            "startDate": "19900101",
            "endDate": "20250304",
            "itemSku": "   7501064193859",
            "category": "",
            "providerType": "0",
            "requiredQuantity": "004.000",
            "discount": "00094.000",
            "discountType": "F",
            "optative": "1",
            "description": "PB LATONES                              ",
            "itemSubcategory": "    ",
            "itemSegment": "    ",
            "itemSubsegment": "    ",
            "durationCode": "1000023591111111",
            "grouper": "000.000",
            "percent": "000.00",
            "optativeOne": " ",
            "sent": " ",
            "action": "F",
            "binCode": "",
            "messagePsg": ""
        },
        {
            "lineNumber": "13",
            "folio": "  19711474",
            "itemCategory": " 1",
            "type": "00",
            "startDate": "19900101",
            "endDate": "20250304",
            "itemSku": "   7501064107153",
            "category": "",
            "providerType": "0",
            "requiredQuantity": "006.000",
            "discount": "00104.000",
            "discountType": "F",
            "optative": "1",
            "description": "Cerveza Corona Light Lata 355ml 6x$104  ",
            "itemSubcategory": "    ",
            "itemSegment": "    ",
            "itemSubsegment": "    ",
            "durationCode": "1000023591111111",
            "grouper": "000.000",
            "percent": "000.00",
            "optativeOne": " ",
            "sent": " ",
            "action": "F",
            "binCode": "",
            "messagePsg": ""
        },
        {
            "lineNumber": "14",
            "folio": "  19711579",
            "itemCategory": " 1",
            "type": "00",
            "startDate": "20250306",
            "endDate": "20250401",
            "itemSku": "   7501064114359",
            "category": "",
            "providerType": "0",
            "requiredQuantity": "002.000",
            "discount": "00138.000",
            "discountType": "F",
            "optative": "1",
            "description": "Barrilito lata 6P 355ml o 325ml 2x$138  ",
            "itemSubcategory": "    ",
            "itemSegment": "    ",
            "itemSubsegment": "    ",
            "durationCode": "1000023591111111",
            "grouper": "001.000",
            "percent": "000.00",
            "optativeOne": " ",
            "sent": " ",
            "action": "A",
            "binCode": "",
            "messagePsg": ""
        },
        {
            "lineNumber": "15",
            "folio": "  19711579",
            "itemCategory": " 1",
            "type": "00",
            "startDate": "20250306",
            "endDate": "20250401",
            "itemSku": "   7501064196959",
            "category": "",
            "providerType": "0",
            "requiredQuantity": "002.000",
            "discount": "00138.000",
            "discountType": "F",
            "optative": "1",
            "description": "Barrilito lata 6P 355ml o 325ml 2x$138  ",
            "itemSubcategory": "    ",
            "itemSegment": "    ",
            "itemSubsegment": "    ",
            "durationCode": "1000023591111111",
            "grouper": "001.000",
            "percent": "000.00",
            "optativeOne": " ",
            "sent": " ",
            "action": "A",
            "binCode": "",
            "messagePsg": ""
        },
        {
            "lineNumber": "16",
            "folio": "  19711584",
            "itemCategory": " 1",
            "type": "03",
            "startDate": "20250306",
            "endDate": "20250401",
            "itemSku": "   7501073830509",
            "category": "",
            "providerType": "0",
            "requiredQuantity": "001.000",
            "discount": "00014.000",
            "discountType": " ",
            "optative": " ",
            "description": "SIMPLES PROMOBARA B02                   ",
            "itemSubcategory": "",
            "itemSegment": "",
            "itemSubsegment": "",
            "durationCode": "1000023591111111",
            "grouper": "000.000",
            "percent": "000.00",
            "optativeOne": " ",
            "sent": " ",
            "action": "A",
            "binCode": "",
            "messagePsg": ""
        },
        {
            "lineNumber": "17",
            "folio": "  19711584",
            "itemCategory": " 1",
            "type": "03",
            "startDate": "20250306",
            "endDate": "20250401",
            "itemSku": "   7501073800908",
            "category": "",
            "providerType": "0",
            "requiredQuantity": "001.000",
            "discount": "00028.000",
            "discountType": " ",
            "optative": " ",
            "description": "SIMPLES PROMOBARA B02                   ",
            "itemSubcategory": "",
            "itemSegment": "",
            "itemSubsegment": "",
            "durationCode": "1000023591111111",
            "grouper": "000.000",
            "percent": "000.00",
            "optativeOne": " ",
            "sent": " ",
            "action": "A",
            "binCode": "",
            "messagePsg": ""
        },
        {
            "lineNumber": "18",
            "folio": "  19711584",
            "itemCategory": " 1",
            "type": "03",
            "startDate": "20250306",
            "endDate": "20250401",
            "itemSku": "   7501061659365",
            "category": "",
            "providerType": "0",
            "requiredQuantity": "001.000",
            "discount": "00179.000",
            "discountType": " ",
            "optative": " ",
            "description": "SIMPLES PROMOBARA B02                   ",
            "itemSubcategory": "",
            "itemSegment": "",
            "itemSubsegment": "",
            "durationCode": "1000023591111111",
            "grouper": "000.000",
            "percent": "000.00",
            "optativeOne": " ",
            "sent": " ",
            "action": "A",
            "binCode": "",
            "messagePsg": ""
        },
        {
            "lineNumber": "19",
            "folio": "  19711584",
            "itemCategory": " 1",
            "type": "03",
            "startDate": "20250306",
            "endDate": "20250401",
            "itemSku": "   7501061651024",
            "category": "",
            "providerType": "0",
            "requiredQuantity": "001.000",
            "discount": "00036.000",
            "discountType": " ",
            "optative": " ",
            "description": "SIMPLES PROMOBARA B02                   ",
            "itemSubcategory": "",
            "itemSegment": "",
            "itemSubsegment": "",
            "durationCode": "1000023591111111",
            "grouper": "000.000",
            "percent": "000.00",
            "optativeOne": " ",
            "sent": " ",
            "action": "A",
            "binCode": "",
            "messagePsg": ""
        },
        {
            "lineNumber": "20",
            "folio": "  19711584",
            "itemCategory": " 1",
            "type": "03",
            "startDate": "20250306",
            "endDate": "20250401",
            "itemSku": "   7501061601128",
            "category": "",
            "providerType": "0",
            "requiredQuantity": "001.000",
            "discount": "00179.000",
            "discountType": " ",
            "optative": " ",
            "description": "SIMPLES PROMOBARA B02                   ",
            "itemSubcategory": "",
            "itemSegment": "",
            "itemSubsegment": "",
            "durationCode": "1000023591111111",
            "grouper": "000.000",
            "percent": "000.00",
            "optativeOne": " ",
            "sent": " ",
            "action": "A",
            "binCode": "",
            "messagePsg": ""
        },
        {
            "lineNumber": "21",
            "folio": "  19711584",
            "itemCategory": " 1",
            "type": "03",
            "startDate": "20250306",
            "endDate": "20250401",
            "itemSku": "   7501049967062",
            "category": "",
            "providerType": "0",
            "requiredQuantity": "001.000",
            "discount": "00022.000",
            "discountType": " ",
            "optative": " ",
            "description": "SIMPLES PROMOBARA B02                   ",
            "itemSubcategory": "",
            "itemSegment": "",
            "itemSubsegment": "",
            "durationCode": "1000023591111111",
            "grouper": "000.000",
            "percent": "000.00",
            "optativeOne": " ",
            "sent": " ",
            "action": "A",
            "binCode": "",
            "messagePsg": ""
        },
        {
            "lineNumber": "22",
            "folio": "  19711584",
            "itemCategory": " 1",
            "type": "03",
            "startDate": "20250306",
            "endDate": "20250401",
            "itemSku": "   7501031310098",
            "category": "",
            "providerType": "0",
            "requiredQuantity": "001.000",
            "discount": "00042.000",
            "discountType": " ",
            "optative": " ",
            "description": "SIMPLES PROMOBARA B02                   ",
            "itemSubcategory": "",
            "itemSegment": "",
            "itemSubsegment": "",
            "durationCode": "1000023591111111",
            "grouper": "000.000",
            "percent": "000.00",
            "optativeOne": " ",
            "sent": " ",
            "action": "A",
            "binCode": "",
            "messagePsg": ""
        },
        {
            "lineNumber": "23",
            "folio": "  19711584",
            "itemCategory": " 1",
            "type": "03",
            "startDate": "20250306",
            "endDate": "20250401",
            "itemSku": "   7501030418399",
            "category": "",
            "providerType": "0",
            "requiredQuantity": "001.000",
            "discount": "00021.000",
            "discountType": " ",
            "optative": " ",
            "description": "SIMPLES PROMOBARA B02                   ",
            "itemSubcategory": "",
            "itemSegment": "",
            "itemSubsegment": "",
            "durationCode": "1000023591111111",
            "grouper": "000.000",
            "percent": "000.00",
            "optativeOne": " ",
            "sent": " ",
            "action": "A",
            "binCode": "",
            "messagePsg": ""
        },
        {
            "lineNumber": "24",
            "folio": "  19711584",
            "itemCategory": " 1",
            "type": "03",
            "startDate": "20250306",
            "endDate": "20250401",
            "itemSku": "   7501011167735",
            "category": "",
            "providerType": "0",
            "requiredQuantity": "001.000",
            "discount": "00049.000",
            "discountType": " ",
            "optative": " ",
            "description": "SIMPLES PROMOBARA B02                   ",
            "itemSubcategory": "",
            "itemSegment": "",
            "itemSubsegment": "",
            "durationCode": "1000023591111111",
            "grouper": "000.000",
            "percent": "000.00",
            "optativeOne": " ",
            "sent": " ",
            "action": "A",
            "binCode": "",
            "messagePsg": ""
        },
        {
            "lineNumber": "25",
            "folio": "  19711584",
            "itemCategory": " 1",
            "type": "03",
            "startDate": "20250306",
            "endDate": "20250401",
            "itemSku": "   7501011167674",
            "category": "",
            "providerType": "0",
            "requiredQuantity": "001.000",
            "discount": "00041.000",
            "discountType": " ",
            "optative": " ",
            "description": "SIMPLES PROMOBARA B02                   ",
            "itemSubcategory": "",
            "itemSegment": "",
            "itemSubsegment": "",
            "durationCode": "1000023591111111",
            "grouper": "000.000",
            "percent": "000.00",
            "optativeOne": " ",
            "sent": " ",
            "action": "A",
            "binCode": "",
            "messagePsg": ""
        },
        {
            "lineNumber": "26",
            "folio": "  19711584",
            "itemCategory": " 1",
            "type": "03",
            "startDate": "20250306",
            "endDate": "20250401",
            "itemSku": "   7501011167650",
            "category": "",
            "providerType": "0",
            "requiredQuantity": "001.000",
            "discount": "00041.000",
            "discountType": " ",
            "optative": " ",
            "description": "SIMPLES PROMOBARA B02                   ",
            "itemSubcategory": "",
            "itemSegment": "",
            "itemSubsegment": "",
            "durationCode": "1000023591111111",
            "grouper": "000.000",
            "percent": "000.00",
            "optativeOne": " ",
            "sent": " ",
            "action": "A",
            "binCode": "",
            "messagePsg": ""
        },
        {
            "lineNumber": "27",
            "folio": "  19711584",
            "itemCategory": " 1",
            "type": "03",
            "startDate": "20250306",
            "endDate": "20250401",
            "itemSku": "   7501011154902",
            "category": "",
            "providerType": "0",
            "requiredQuantity": "001.000",
            "discount": "00049.000",
            "discountType": " ",
            "optative": " ",
            "description": "SIMPLES PROMOBARA B02                   ",
            "itemSubcategory": "",
            "itemSegment": "",
            "itemSubsegment": "",
            "durationCode": "1000023591111111",
            "grouper": "000.000",
            "percent": "000.00",
            "optativeOne": " ",
            "sent": " ",
            "action": "A",
            "binCode": "",
            "messagePsg": ""
        },
        {
            "lineNumber": "28",
            "folio": "  19711584",
            "itemCategory": " 1",
            "type": "03",
            "startDate": "20250306",
            "endDate": "20250401",
            "itemSku": "   7501073831964",
            "category": "",
            "providerType": "0",
            "requiredQuantity": "001.000",
            "discount": "00028.000",
            "discountType": " ",
            "optative": " ",
            "description": "SIMPLES PROMOBARA B02                   ",
            "itemSubcategory": "",
            "itemSegment": "",
            "itemSubsegment": "",
            "durationCode": "1000023591111111",
            "grouper": "000.000",
            "percent": "000.00",
            "optativeOne": " ",
            "sent": " ",
            "action": "A",
            "binCode": "",
            "messagePsg": ""
        },
        {
            "lineNumber": "29",
            "folio": "  19711584",
            "itemCategory": " 1",
            "type": "03",
            "startDate": "20250306",
            "endDate": "20250401",
            "itemSku": "   7501073831988",
            "category": "",
            "providerType": "0",
            "requiredQuantity": "001.000",
            "discount": "00028.000",
            "discountType": " ",
            "optative": " ",
            "description": "SIMPLES PROMOBARA B02                   ",
            "itemSubcategory": "",
            "itemSegment": "",
            "itemSubsegment": "",
            "durationCode": "1000023591111111",
            "grouper": "000.000",
            "percent": "000.00",
            "optativeOne": " ",
            "sent": " ",
            "action": "A",
            "binCode": "",
            "messagePsg": ""
        },
        {
            "lineNumber": "30",
            "folio": "  19711584",
            "itemCategory": " 1",
            "type": "03",
            "startDate": "20250306",
            "endDate": "20250401",
            "itemSku": "   7501073839304",
            "category": "",
            "providerType": "0",
            "requiredQuantity": "001.000",
            "discount": "00014.000",
            "discountType": " ",
            "optative": " ",
            "description": "SIMPLES PROMOBARA B02                   ",
            "itemSubcategory": "",
            "itemSegment": "",
            "itemSubsegment": "",
            "durationCode": "1000023591111111",
            "grouper": "000.000",
            "percent": "000.00",
            "optativeOne": " ",
            "sent": " ",
            "action": "A",
            "binCode": "",
            "messagePsg": ""
        },
        {
            "lineNumber": "31",
            "folio": "  19711584",
            "itemCategory": " 1",
            "type": "03",
            "startDate": "20250306",
            "endDate": "20250401",
            "itemSku": "   7501073839328",
            "category": "",
            "providerType": "0",
            "requiredQuantity": "001.000",
            "discount": "00014.000",
            "discountType": " ",
            "optative": " ",
            "description": "SIMPLES PROMOBARA B02                   ",
            "itemSubcategory": "",
            "itemSegment": "",
            "itemSubsegment": "",
            "durationCode": "1000023591111111",
            "grouper": "000.000",
            "percent": "000.00",
            "optativeOne": " ",
            "sent": " ",
            "action": "A",
            "binCode": "",
            "messagePsg": ""
        },
        {
            "lineNumber": "32",
            "folio": "  19711584",
            "itemCategory": " 1",
            "type": "03",
            "startDate": "20250306",
            "endDate": "20250401",
            "itemSku": "   7501073839854",
            "category": "",
            "providerType": "0",
            "requiredQuantity": "001.000",
            "discount": "00014.000",
            "discountType": " ",
            "optative": " ",
            "description": "SIMPLES PROMOBARA B02                   ",
            "itemSubcategory": "",
            "itemSegment": "",
            "itemSubsegment": "",
            "durationCode": "1000023591111111",
            "grouper": "000.000",
            "percent": "000.00",
            "optativeOne": " ",
            "sent": " ",
            "action": "A",
            "binCode": "",
            "messagePsg": ""
        },
        {
            "lineNumber": "33",
            "folio": "  19711584",
            "itemCategory": " 1",
            "type": "03",
            "startDate": "20250306",
            "endDate": "20250401",
            "itemSku": "   7501073839861",
            "category": "",
            "providerType": "0",
            "requiredQuantity": "001.000",
            "discount": "00028.000",
            "discountType": " ",
            "optative": " ",
            "description": "SIMPLES PROMOBARA B02                   ",
            "itemSubcategory": "",
            "itemSegment": "",
            "itemSubsegment": "",
            "durationCode": "1000023591111111",
            "grouper": "000.000",
            "percent": "000.00",
            "optativeOne": " ",
            "sent": " ",
            "action": "A",
            "binCode": "",
            "messagePsg": ""
        },
        {
            "lineNumber": "34",
            "folio": "  19711584",
            "itemCategory": " 1",
            "type": "03",
            "startDate": "20250306",
            "endDate": "20250401",
            "itemSku": "   7501073839885",
            "category": "",
            "providerType": "0",
            "requiredQuantity": "001.000",
            "discount": "00014.000",
            "discountType": " ",
            "optative": " ",
            "description": "SIMPLES PROMOBARA B02                   ",
            "itemSubcategory": "",
            "itemSegment": "",
            "itemSubsegment": "",
            "durationCode": "1000023591111111",
            "grouper": "000.000",
            "percent": "000.00",
            "optativeOne": " ",
            "sent": " ",
            "action": "A",
            "binCode": "",
            "messagePsg": ""
        },
        {
            "lineNumber": "35",
            "folio": "  19711584",
            "itemCategory": " 1",
            "type": "03",
            "startDate": "20250306",
            "endDate": "20250401",
            "itemSku": "   7501073839892",
            "category": "",
            "providerType": "0",
            "requiredQuantity": "001.000",
            "discount": "00028.000",
            "discountType": " ",
            "optative": " ",
            "description": "SIMPLES PROMOBARA B02                   ",
            "itemSubcategory": "",
            "itemSegment": "",
            "itemSubsegment": "",
            "durationCode": "1000023591111111",
            "grouper": "000.000",
            "percent": "000.00",
            "optativeOne": " ",
            "sent": " ",
            "action": "A",
            "binCode": "",
            "messagePsg": ""
        },
        {
            "lineNumber": "36",
            "folio": "  19711584",
            "itemCategory": " 1",
            "type": "03",
            "startDate": "20250306",
            "endDate": "20250401",
            "itemSku": "   7501073840355",
            "category": "",
            "providerType": "0",
            "requiredQuantity": "001.000",
            "discount": "00014.000",
            "discountType": " ",
            "optative": " ",
            "description": "SIMPLES PROMOBARA B02                   ",
            "itemSubcategory": "",
            "itemSegment": "",
            "itemSubsegment": "",
            "durationCode": "1000023591111111",
            "grouper": "000.000",
            "percent": "000.00",
            "optativeOne": " ",
            "sent": " ",
            "action": "A",
            "binCode": "",
            "messagePsg": ""
        },
        {
            "lineNumber": "37",
            "folio": "  19711584",
            "itemCategory": " 1",
            "type": "03",
            "startDate": "20250306",
            "endDate": "20250401",
            "itemSku": "   7501073840942",
            "category": "",
            "providerType": "0",
            "requiredQuantity": "001.000",
            "discount": "00028.000",
            "discountType": " ",
            "optative": " ",
            "description": "SIMPLES PROMOBARA B02                   ",
            "itemSubcategory": "",
            "itemSegment": "",
            "itemSubsegment": "",
            "durationCode": "1000023591111111",
            "grouper": "000.000",
            "percent": "000.00",
            "optativeOne": " ",
            "sent": " ",
            "action": "A",
            "binCode": "",
            "messagePsg": ""
        },
        {
            "lineNumber": "38",
            "folio": "  19711584",
            "itemCategory": " 1",
            "type": "03",
            "startDate": "20250306",
            "endDate": "20250401",
            "itemSku": "   7501073841949",
            "category": "",
            "providerType": "0",
            "requiredQuantity": "001.000",
            "discount": "00028.000",
            "discountType": " ",
            "optative": " ",
            "description": "SIMPLES PROMOBARA B02                   ",
            "itemSubcategory": "",
            "itemSegment": "",
            "itemSubsegment": "",
            "durationCode": "1000023591111111",
            "grouper": "000.000",
            "percent": "000.00",
            "optativeOne": " ",
            "sent": " ",
            "action": "A",
            "binCode": "",
            "messagePsg": ""
        },
        {
            "lineNumber": "39",
            "folio": "  19711584",
            "itemCategory": " 1",
            "type": "03",
            "startDate": "20250306",
            "endDate": "20250401",
            "itemSku": "    014800515336",
            "category": "",
            "providerType": "0",
            "requiredQuantity": "001.000",
            "discount": "00044.000",
            "discountType": " ",
            "optative": " ",
            "description": "SIMPLES PROMOBARA B02                   ",
            "itemSubcategory": "",
            "itemSegment": "",
            "itemSubsegment": "",
            "durationCode": "1000023591111111",
            "grouper": "000.000",
            "percent": "000.00",
            "optativeOne": " ",
            "sent": " ",
            "action": "A",
            "binCode": "",
            "messagePsg": ""
        },
        {
            "lineNumber": "40",
            "folio": "  19711584",
            "itemCategory": " 1",
            "type": "03",
            "startDate": "20250306",
            "endDate": "20250401",
            "itemSku": "    014800515343",
            "category": "",
            "providerType": "0",
            "requiredQuantity": "001.000",
            "discount": "00070.000",
            "discountType": " ",
            "optative": " ",
            "description": "SIMPLES PROMOBARA B02                   ",
            "itemSubcategory": "",
            "itemSegment": "",
            "itemSubsegment": "",
            "durationCode": "1000023591111111",
            "grouper": "000.000",
            "percent": "000.00",
            "optativeOne": " ",
            "sent": " ",
            "action": "A",
            "binCode": "",
            "messagePsg": ""
        },
        {
            "lineNumber": "41",
            "folio": "  19711584",
            "itemCategory": " 1",
            "type": "03",
            "startDate": "20250306",
            "endDate": "20250401",
            "itemSku": "   7500478042272",
            "category": "",
            "providerType": "0",
            "requiredQuantity": "001.000",
            "discount": "00075.000",
            "discountType": " ",
            "optative": " ",
            "description": "SIMPLES PROMOBARA B02                   ",
            "itemSubcategory": "",
            "itemSegment": "",
            "itemSubsegment": "",
            "durationCode": "1000023591111111",
            "grouper": "000.000",
            "percent": "000.00",
            "optativeOne": " ",
            "sent": " ",
            "action": "A",
            "binCode": "",
            "messagePsg": ""
        },
        {
            "lineNumber": "42",
            "folio": "  19711584",
            "itemCategory": " 1",
            "type": "03",
            "startDate": "20250306",
            "endDate": "20250401",
            "itemSku": "   7501011133884",
            "category": "",
            "providerType": "0",
            "requiredQuantity": "001.000",
            "discount": "00049.000",
            "discountType": " ",
            "optative": " ",
            "description": "SIMPLES PROMOBARA B02                   ",
            "itemSubcategory": "",
            "itemSegment": "",
            "itemSubsegment": "",
            "durationCode": "1000023591111111",
            "grouper": "000.000",
            "percent": "000.00",
            "optativeOne": " ",
            "sent": " ",
            "action": "A",
            "binCode": "",
            "messagePsg": ""
        },
        {
            "lineNumber": "43",
            "folio": "  19711584",
            "itemCategory": " 1",
            "type": "03",
            "startDate": "20250306",
            "endDate": "20250401",
            "itemSku": "   7501011131064",
            "category": "",
            "providerType": "0",
            "requiredQuantity": "001.000",
            "discount": "00041.000",
            "discountType": " ",
            "optative": " ",
            "description": "SIMPLES PROMOBARA B02                   ",
            "itemSubcategory": "",
            "itemSegment": "",
            "itemSubsegment": "",
            "durationCode": "1000023591111111",
            "grouper": "000.000",
            "percent": "000.00",
            "optativeOne": " ",
            "sent": " ",
            "action": "A",
            "binCode": "",
            "messagePsg": ""
        }
    ]
}