{
    "organizationCountry": "MX",
    "organizationName": "FEMSA Comercio",
    "businessName": "OXXO",
    "departmentId": "12NEO",
    "storeId": "52RSW",
    "numberOfRecords": "5",
    "searchId": "000000000000000000000000",
    "searchDate": "2025-03-13 20:45:19",
    "promotions": [
        {
            "lineNumber": "1",
            "folio": "  19712386",
            "itemCategory": " 1",
            "type": "00",
            "startDate": "20250314",
            "endDate": "20250429",
            "itemSku": "   7501064195310",
            "category": "",
            "providerType": "0",
            "requiredQuantity": "006.000",
            "discount": "00105.000",
            "discountType": "F",
            "optative": "1",
            "description": "Corona Ext o Victoria Lata 355ml 6x$105 ",
            "itemSubcategory": "    ",
            "itemSegment": "    ",
            "itemSubsegment": "    ",
            "durationCode": "1000023591111111",
            "grouper": "001.000",
            "percent": "000.00",
            "optativeOne": " ",
            "sent": " ",
            "action": "A",
            "binCode": "",
            "messagePsg": ""
        },
        {
            "lineNumber": "2",
            "folio": "  19712386",
            "itemCategory": " 1",
            "type": "00",
            "startDate": "20250314",
            "endDate": "20250429",
            "itemSku": "   7501064190711",
            "category": "",
            "providerType": "0",
            "requiredQuantity": "006.000",
            "discount": "00105.000",
            "discountType": "F",
            "optative": "1",
            "description": "Corona Ext o Victoria Lata 355ml 6x$105 ",
            "itemSubcategory": "    ",
            "itemSegment": "    ",
            "itemSubsegment": "    ",
            "durationCode": "1000023591111111",
            "grouper": "001.000",
            "percent": "000.00",
            "optativeOne": " ",
            "sent": " ",
            "action": "A",
            "binCode": "",
            "messagePsg": ""
        },
        {
            "lineNumber": "3",
            "folio": "  19712387",
            "itemCategory": " 1",
            "type": "00",
            "startDate": "20250314",
            "endDate": "20250429",
            "itemSku": "   7501064194504",
            "category": "",
            "providerType": "0",
            "requiredQuantity": "006.000",
            "discount": "00117.000",
            "discountType": "F",
            "optative": "1",
            "description": "Michelob Ultra Lata 355ml 6x$117        ",
            "itemSubcategory": "    ",
            "itemSegment": "    ",
            "itemSubsegment": "    ",
            "durationCode": "1000023591111111",
            "grouper": "001.000",
            "percent": "000.00",
            "optativeOne": " ",
            "sent": " ",
            "action": "A",
            "binCode": "",
            "messagePsg": ""
        },
        {
            "lineNumber": "4",
            "folio": "  19712388",
            "itemCategory": " 1",
            "type": "03",
            "startDate": "20250314",
            "endDate": "20250429",
            "itemSku": "   7501064197482",
            "category": "",
            "providerType": "0",
            "requiredQuantity": "001.000",
            "discount": "00210.000",
            "discountType": " ",
            "optative": " ",
            "description": "Corona Extra o Victoria 12P 355ml $210  ",
            "itemSubcategory": "",
            "itemSegment": "",
            "itemSubsegment": "",
            "durationCode": "1000023591111111",
            "grouper": "000.000",
            "percent": "000.00",
            "optativeOne": " ",
            "sent": " ",
            "action": "A",
            "binCode": "",
            "messagePsg": ""
        },
        {
            "lineNumber": "5",
            "folio": "  19712388",
            "itemCategory": " 1",
            "type": "03",
            "startDate": "20250314",
            "endDate": "20250429",
            "itemSku": "   7501064193842",
            "category": "",
            "providerType": "0",
            "requiredQuantity": "001.000",
            "discount": "00210.000",
            "discountType": " ",
            "optative": " ",
            "description": "Corona Extra o Victoria 12P 355ml $210  ",
            "itemSubcategory": "",
            "itemSegment": "",
            "itemSubsegment": "",
            "durationCode": "1000023591111111",
            "grouper": "000.000",
            "percent": "000.00",
            "optativeOne": " ",
            "sent": " ",
            "action": "A",
            "binCode": "",
            "messagePsg": ""
        }
    ]
}