{
    "organizationCountry": "MX",
    "organizationName": "FEMSA Comercio",
    "businessName": "OXXO",
    "departmentId": "12NEO",
    "storeId": "52RSW",
    "numberOfRecords": "6",
    "searchId": "000000000000000000000000",
    "searchDate": "2025-08-15 22:06:29",
    "promotions": [
        {
            "lineNumber": "1",
            "folio": "  51060174",
            "itemCategory": " 1",
            "type": "02",
            "startDate": "20250816",
            "endDate": "20250902",
            "itemSku": "   7503052023940",
            "category": "",
            "providerType": "0",
            "requiredQuantity": "002.000",
            "discount": "00015.000",
            "discountType": "F",
            "optative": "1",
            "description": "PB CACAHUATE                            ",
            "itemSubcategory": "",
            "itemSegment": "",
            "itemSubsegment": "",
            "durationCode": "1000023591111111",
            "grouper": "001.000",
            "percent": "000.00",
            "optativeOne": " ",
            "sent": " ",
            "action": "A",
            "binCode": "",
            "messagePsg": ""
        },
        {
            "lineNumber": "2",
            "folio": "  51060174",
            "itemCategory": " 1",
            "type": "02",
            "startDate": "20250816",
            "endDate": "20250902",
            "itemSku": "   7503052023629",
            "category": "",
            "providerType": "0",
            "requiredQuantity": "002.000",
            "discount": "00015.000",
            "discountType": "F",
            "optative": "1",
            "description": "PB CACAHUATE                            ",
            "itemSubcategory": "",
            "itemSegment": "",
            "itemSubsegment": "",
            "durationCode": "1000023591111111",
            "grouper": "001.000",
            "percent": "000.00",
            "optativeOne": " ",
            "sent": " ",
            "action": "A",
            "binCode": "",
            "messagePsg": ""
        },
        {
            "lineNumber": "3",
            "folio": "  51060174",
            "itemCategory": " 1",
            "type": "02",
            "startDate": "20250816",
            "endDate": "20250902",
            "itemSku": "   7503052023742",
            "category": "",
            "providerType": "0",
            "requiredQuantity": "002.000",
            "discount": "00015.000",
            "discountType": "F",
            "optative": "1",
            "description": "PB CACAHUATE                            ",
            "itemSubcategory": "",
            "itemSegment": "",
            "itemSubsegment": "",
            "durationCode": "1000023591111111",
            "grouper": "001.000",
            "percent": "000.00",
            "optativeOne": " ",
            "sent": " ",
            "action": "A",
            "binCode": "",
            "messagePsg": ""
        },
        {
            "lineNumber": "4",
            "folio": "  51060174",
            "itemCategory": " 1",
            "type": "02",
            "startDate": "20250816",
            "endDate": "20250902",
            "itemSku": "   7503052023612",
            "category": "",
            "providerType": "0",
            "requiredQuantity": "002.000",
            "discount": "00015.000",
            "discountType": "F",
            "optative": "1",
            "description": "PB CACAHUATE                            ",
            "itemSubcategory": "",
            "itemSegment": "",
            "itemSubsegment": "",
            "durationCode": "1000023591111111",
            "grouper": "001.000",
            "percent": "000.00",
            "optativeOne": " ",
            "sent": " ",
            "action": "A",
            "binCode": "",
            "messagePsg": ""
        },
        {
            "lineNumber": "5",
            "folio": "  51060174",
            "itemCategory": " 1",
            "type": "02",
            "startDate": "20250816",
            "endDate": "20250902",
            "itemSku": "   7503052023759",
            "category": "",
            "providerType": "0",
            "requiredQuantity": "002.000",
            "discount": "00015.000",
            "discountType": "F",
            "optative": "1",
            "description": "PB CACAHUATE                            ",
            "itemSubcategory": "",
            "itemSegment": "",
            "itemSubsegment": "",
            "durationCode": "1000023591111111",
            "grouper": "001.000",
            "percent": "000.00",
            "optativeOne": " ",
            "sent": " ",
            "action": "A",
            "binCode": "",
            "messagePsg": ""
        },
        {
            "lineNumber": "6",
            "folio": "  51060174",
            "itemCategory": " 1",
            "type": "02",
            "startDate": "20250816",
            "endDate": "20250902",
            "itemSku": "   7503052023766",
            "category": "",
            "providerType": "0",
            "requiredQuantity": "002.000",
            "discount": "00015.000",
            "discountType": "F",
            "optative": "1",
            "description": "PB CACAHUATE                            ",
            "itemSubcategory": "",
            "itemSegment": "",
            "itemSubsegment": "",
            "durationCode": "1000023591111111",
            "grouper": "001.000",
            "percent": "000.00",
            "optativeOne": " ",
            "sent": " ",
            "action": "A",
            "binCode": "",
            "messagePsg": ""
        }
    ]
}