{
    "organizationCountry": "MX",
    "organizationName": "FEMSA Comercio",
    "businessName": "OXXO",
    "departmentId": "12NEO",
    "storeId": "52RSW",
    "numberOfRecords": "1",
    "searchId": "000000000000000000000000",
    "searchDate": "2025-08-06 22:25:04",
    "promotions": [
        {
            "lineNumber": "1",
            "folio": "  51054755",
            "itemCategory": " 1",
            "type": "02",
            "startDate": "20250807",
            "endDate": "20250902",
            "itemSku": "   7503024416237",
            "category": "",
            "providerType": "0",
            "requiredQuantity": "002.000",
            "discount": "00089.000",
            "discountType": "F",
            "optative": "1",
            "description": "PB MILLER 940M                          ",
            "itemSubcategory": "",
            "itemSegment": "",
            "itemSubsegment": "",
            "durationCode": "1000023591111111",
            "grouper": "001.000",
            "percent": "000.00",
            "optativeOne": " ",
            "sent": " ",
            "action": "A",
            "binCode": "",
            "messagePsg": ""
        }
    ]
}