{
    "organizationCountry": "MX",
    "organizationName": "FEMSA Comercio",
    "businessName": "OXXO",
    "departmentId": "12NEO",
    "storeId": "52RSW",
    "numberOfRecords": "7",
    "searchId": "000000000000000000000000",
    "searchDate": "2025-07-30 17:10:54",
    "promotions": [
        {
            "lineNumber": "1",
            "folio": "  51032470",
            "itemCategory": " 1",
            "type": "02",
            "startDate": "20250723",
            "endDate": "20250902",
            "itemSku": "    760203009988",
            "category": "",
            "providerType": "0",
            "requiredQuantity": "002.000",
            "discount": "00030.000",
            "discountType": "F",
            "optative": "1",
            "description": "PB BOMBONES                             ",
            "itemSubcategory": "",
            "itemSegment": "",
            "itemSubsegment": "",
            "durationCode": "1000023591111111",
            "grouper": "001.000",
            "percent": "000.00",
            "optativeOne": " ",
            "sent": " ",
            "action": "A",
            "binCode": "",
            "messagePsg": ""
        },
        {
            "lineNumber": "2",
            "folio": "  51046307",
            "itemCategory": " 1",
            "type": "02",
            "startDate": "20250731",
            "endDate": "20250902",
            "itemSku": "   7501072209801",
            "category": "",
            "providerType": "0",
            "requiredQuantity": "003.000",
            "discount": "00027.000",
            "discountType": "F",
            "optative": "1",
            "description": "PB Variedad purina                      ",
            "itemSubcategory": "",
            "itemSegment": "",
            "itemSubsegment": "",
            "durationCode": "1000023591111111",
            "grouper": "001.000",
            "percent": "000.00",
            "optativeOne": " ",
            "sent": " ",
            "action": "A",
            "binCode": "",
            "messagePsg": ""
        },
        {
            "lineNumber": "3",
            "folio": "  51046307",
            "itemCategory": " 1",
            "type": "02",
            "startDate": "20250731",
            "endDate": "20250902",
            "itemSku": "   7501072210289",
            "category": "",
            "providerType": "0",
            "requiredQuantity": "003.000",
            "discount": "00027.000",
            "discountType": "F",
            "optative": "1",
            "description": "PB Variedad purina                      ",
            "itemSubcategory": "",
            "itemSegment": "",
            "itemSubsegment": "",
            "durationCode": "1000023591111111",
            "grouper": "001.000",
            "percent": "000.00",
            "optativeOne": " ",
            "sent": " ",
            "action": "A",
            "binCode": "",
            "messagePsg": ""
        },
        {
            "lineNumber": "4",
            "folio": "  51046307",
            "itemCategory": " 1",
            "type": "02",
            "startDate": "20250731",
            "endDate": "20250902",
            "itemSku": "   7501072210265",
            "category": "",
            "providerType": "0",
            "requiredQuantity": "003.000",
            "discount": "00027.000",
            "discountType": "F",
            "optative": "1",
            "description": "PB Variedad purina                      ",
            "itemSubcategory": "",
            "itemSegment": "",
            "itemSubsegment": "",
            "durationCode": "1000023591111111",
            "grouper": "001.000",
            "percent": "000.00",
            "optativeOne": " ",
            "sent": " ",
            "action": "A",
            "binCode": "",
            "messagePsg": ""
        },
        {
            "lineNumber": "5",
            "folio": "  51046307",
            "itemCategory": " 1",
            "type": "02",
            "startDate": "20250731",
            "endDate": "20250902",
            "itemSku": "   7501072209832",
            "category": "",
            "providerType": "0",
            "requiredQuantity": "003.000",
            "discount": "00027.000",
            "discountType": "F",
            "optative": "1",
            "description": "PB Variedad purina                      ",
            "itemSubcategory": "",
            "itemSegment": "",
            "itemSubsegment": "",
            "durationCode": "1000023591111111",
            "grouper": "001.000",
            "percent": "000.00",
            "optativeOne": " ",
            "sent": " ",
            "action": "A",
            "binCode": "",
            "messagePsg": ""
        },
        {
            "lineNumber": "6",
            "folio": "  51046307",
            "itemCategory": " 1",
            "type": "02",
            "startDate": "20250731",
            "endDate": "20250902",
            "itemSku": "   7501072213785",
            "category": "",
            "providerType": "0",
            "requiredQuantity": "003.000",
            "discount": "00027.000",
            "discountType": "F",
            "optative": "1",
            "description": "PB Variedad purina                      ",
            "itemSubcategory": "",
            "itemSegment": "",
            "itemSubsegment": "",
            "durationCode": "1000023591111111",
            "grouper": "001.000",
            "percent": "000.00",
            "optativeOne": " ",
            "sent": " ",
            "action": "A",
            "binCode": "",
            "messagePsg": ""
        },
        {
            "lineNumber": "7",
            "folio": "  51046353",
            "itemCategory": " 1",
            "type": "02",
            "startDate": "20250731",
            "endDate": "20250902",
            "itemSku": "   7501061651543",
            "category": "",
            "providerType": "0",
            "requiredQuantity": "006.000",
            "discount": "00063.000",
            "discountType": "F",
            "optative": "1",
            "description": "PB CARTA BLANCA SIX                     ",
            "itemSubcategory": "",
            "itemSegment": "",
            "itemSubsegment": "",
            "durationCode": "1000023591111111",
            "grouper": "001.000",
            "percent": "000.00",
            "optativeOne": " ",
            "sent": " ",
            "action": "A",
            "binCode": "",
            "messagePsg": ""
        }
    ]
}