{
    "organizationCountry": "MX",
    "organizationName": "FEMSA Comercio",
    "businessName": "OXXO",
    "departmentId": "12NEO",
    "storeId": "52RSW",
    "numberOfRecords": "20",
    "searchId": "000000000000000000000000",
    "searchDate": "2025-07-29 19:43:47",
    "promotions": [
        {
            "lineNumber": "1",
            "folio": "  51044161",
            "itemCategory": " 1",
            "type": "02",
            "startDate": "20250730",
            "endDate": "20250902",
            "itemSku": "   7502294222579",
            "category": "",
            "providerType": "0",
            "requiredQuantity": "002.000",
            "discount": "00030.000",
            "discountType": "F",
            "optative": "1",
            "description": "PB Bona lavatrastes limon 500ml 2x$30   ",
            "itemSubcategory": "",
            "itemSegment": "",
            "itemSubsegment": "",
            "durationCode": "1000023591111111",
            "grouper": "001.000",
            "percent": "000.00",
            "optativeOne": " ",
            "sent": " ",
            "action": "A",
            "binCode": "",
            "messagePsg": ""
        },
        {
            "lineNumber": "2",
            "folio": "  51044221",
            "itemCategory": " 1",
            "type": "03",
            "startDate": "20250730",
            "endDate": "20250902",
            "itemSku": "   7500478008285",
            "category": "",
            "providerType": "0",
            "requiredQuantity": "001.000",
            "discount": "00030.000",
            "discountType": "F",
            "optative": " ",
            "description": "PSP SIMPLES NACIONAL B08                ",
            "itemSubcategory": "",
            "itemSegment": "",
            "itemSubsegment": "",
            "durationCode": "1000023591111111",
            "grouper": "000.000",
            "percent": "000.00",
            "optativeOne": " ",
            "sent": " ",
            "action": "A",
            "binCode": "",
            "messagePsg": ""
        },
        {
            "lineNumber": "3",
            "folio": "  51044223",
            "itemCategory": " 1",
            "type": "03",
            "startDate": "20250730",
            "endDate": "20250902",
            "itemSku": "   7500478014484",
            "category": "",
            "providerType": "0",
            "requiredQuantity": "001.000",
            "discount": "00030.000",
            "discountType": "F",
            "optative": " ",
            "description": "PSP SIMPLES NACIONAL B08                ",
            "itemSubcategory": "",
            "itemSegment": "",
            "itemSubsegment": "",
            "durationCode": "1000023591111111",
            "grouper": "000.000",
            "percent": "000.00",
            "optativeOne": " ",
            "sent": " ",
            "action": "A",
            "binCode": "",
            "messagePsg": ""
        },
        {
            "lineNumber": "4",
            "folio": "  51044224",
            "itemCategory": " 1",
            "type": "03",
            "startDate": "20250730",
            "endDate": "20250902",
            "itemSku": "   7501000601776",
            "category": "",
            "providerType": "0",
            "requiredQuantity": "001.000",
            "discount": "00015.000",
            "discountType": "F",
            "optative": " ",
            "description": "PSP SIMPLES NACIONAL B08                ",
            "itemSubcategory": "",
            "itemSegment": "",
            "itemSubsegment": "",
            "durationCode": "1000023591111111",
            "grouper": "000.000",
            "percent": "000.00",
            "optativeOne": " ",
            "sent": " ",
            "action": "A",
            "binCode": "",
            "messagePsg": ""
        },
        {
            "lineNumber": "5",
            "folio": "  51044225",
            "itemCategory": " 1",
            "type": "03",
            "startDate": "20250730",
            "endDate": "20250902",
            "itemSku": "   7501020550672",
            "category": "",
            "providerType": "0",
            "requiredQuantity": "001.000",
            "discount": "00047.000",
            "discountType": "F",
            "optative": " ",
            "description": "PSP SIMPLES NACIONAL B08                ",
            "itemSubcategory": "",
            "itemSegment": "",
            "itemSubsegment": "",
            "durationCode": "1000023591111111",
            "grouper": "000.000",
            "percent": "000.00",
            "optativeOne": " ",
            "sent": " ",
            "action": "A",
            "binCode": "",
            "messagePsg": ""
        },
        {
            "lineNumber": "6",
            "folio": "  51044226",
            "itemCategory": " 1",
            "type": "03",
            "startDate": "20250730",
            "endDate": "20250902",
            "itemSku": "   7501020550733",
            "category": "",
            "providerType": "0",
            "requiredQuantity": "001.000",
            "discount": "00047.000",
            "discountType": "F",
            "optative": " ",
            "description": "PSP SIMPLES NACIONAL B08                ",
            "itemSubcategory": "",
            "itemSegment": "",
            "itemSubsegment": "",
            "durationCode": "1000023591111111",
            "grouper": "000.000",
            "percent": "000.00",
            "optativeOne": " ",
            "sent": " ",
            "action": "A",
            "binCode": "",
            "messagePsg": ""
        },
        {
            "lineNumber": "7",
            "folio": "  51044228",
            "itemCategory": " 1",
            "type": "03",
            "startDate": "20250730",
            "endDate": "20250902",
            "itemSku": "    041789003998",
            "category": "",
            "providerType": "0",
            "requiredQuantity": "001.000",
            "discount": "00019.000",
            "discountType": "F",
            "optative": " ",
            "description": "PB Maruchan Bowl $19                    ",
            "itemSubcategory": "",
            "itemSegment": "",
            "itemSubsegment": "",
            "durationCode": "1000023591111111",
            "grouper": "000.000",
            "percent": "000.00",
            "optativeOne": " ",
            "sent": " ",
            "action": "A",
            "binCode": "",
            "messagePsg": ""
        },
        {
            "lineNumber": "8",
            "folio": "  51044228",
            "itemCategory": " 1",
            "type": "03",
            "startDate": "20250730",
            "endDate": "20250902",
            "itemSku": "    041789003981",
            "category": "",
            "providerType": "0",
            "requiredQuantity": "001.000",
            "discount": "00019.000",
            "discountType": "F",
            "optative": " ",
            "description": "PB Maruchan Bowl $19                    ",
            "itemSubcategory": "",
            "itemSegment": "",
            "itemSubsegment": "",
            "durationCode": "1000023591111111",
            "grouper": "000.000",
            "percent": "000.00",
            "optativeOne": " ",
            "sent": " ",
            "action": "A",
            "binCode": "",
            "messagePsg": ""
        },
        {
            "lineNumber": "9",
            "folio": "  51046128",
            "itemCategory": " 1",
            "type": "02",
            "startDate": "20250730",
            "endDate": "20250902",
            "itemSku": "   7502294222593",
            "category": "",
            "providerType": "0",
            "requiredQuantity": "002.000",
            "discount": "00035.000",
            "discountType": "F",
            "optative": "1",
            "description": "PB Variedad dertergentes bonamark 2x$35 ",
            "itemSubcategory": "",
            "itemSegment": "",
            "itemSubsegment": "",
            "durationCode": "1000023591111111",
            "grouper": "001.000",
            "percent": "000.00",
            "optativeOne": " ",
            "sent": " ",
            "action": "A",
            "binCode": "",
            "messagePsg": ""
        },
        {
            "lineNumber": "10",
            "folio": "  51046128",
            "itemCategory": " 1",
            "type": "02",
            "startDate": "20250730",
            "endDate": "20250902",
            "itemSku": "   7502294225921",
            "category": "",
            "providerType": "0",
            "requiredQuantity": "002.000",
            "discount": "00035.000",
            "discountType": "F",
            "optative": "1",
            "description": "PB Variedad dertergentes bonamark 2x$35 ",
            "itemSubcategory": "",
            "itemSegment": "",
            "itemSubsegment": "",
            "durationCode": "1000023591111111",
            "grouper": "001.000",
            "percent": "000.00",
            "optativeOne": " ",
            "sent": " ",
            "action": "A",
            "binCode": "",
            "messagePsg": ""
        },
        {
            "lineNumber": "11",
            "folio": "  51046128",
            "itemCategory": " 1",
            "type": "02",
            "startDate": "20250730",
            "endDate": "20250902",
            "itemSku": "   7502294225938",
            "category": "",
            "providerType": "0",
            "requiredQuantity": "002.000",
            "discount": "00035.000",
            "discountType": "F",
            "optative": "1",
            "description": "PB Variedad dertergentes bonamark 2x$35 ",
            "itemSubcategory": "",
            "itemSegment": "",
            "itemSubsegment": "",
            "durationCode": "1000023591111111",
            "grouper": "001.000",
            "percent": "000.00",
            "optativeOne": " ",
            "sent": " ",
            "action": "A",
            "binCode": "",
            "messagePsg": ""
        },
        {
            "lineNumber": "12",
            "folio": "  51046128",
            "itemCategory": " 1",
            "type": "02",
            "startDate": "20250730",
            "endDate": "20250902",
            "itemSku": "   7502294222609",
            "category": "",
            "providerType": "0",
            "requiredQuantity": "002.000",
            "discount": "00035.000",
            "discountType": "F",
            "optative": "1",
            "description": "PB Variedad dertergentes bonamark 2x$35 ",
            "itemSubcategory": "",
            "itemSegment": "",
            "itemSubsegment": "",
            "durationCode": "1000023591111111",
            "grouper": "001.000",
            "percent": "000.00",
            "optativeOne": " ",
            "sent": " ",
            "action": "A",
            "binCode": "",
            "messagePsg": ""
        },
        {
            "lineNumber": "13",
            "folio": "  51046176",
            "itemCategory": " 1",
            "type": "03",
            "startDate": "20250730",
            "endDate": "20250902",
            "itemSku": "   7501059296305",
            "category": "",
            "providerType": "0",
            "requiredQuantity": "001.000",
            "discount": "00040.000",
            "discountType": "F",
            "optative": " ",
            "description": "PSP SIMPLES NACIONAL B08                ",
            "itemSubcategory": "",
            "itemSegment": "",
            "itemSubsegment": "",
            "durationCode": "1000023591111111",
            "grouper": "000.000",
            "percent": "000.00",
            "optativeOne": " ",
            "sent": " ",
            "action": "A",
            "binCode": "",
            "messagePsg": ""
        },
        {
            "lineNumber": "14",
            "folio": "  51046177",
            "itemCategory": " 1",
            "type": "03",
            "startDate": "20250730",
            "endDate": "20250902",
            "itemSku": "   7502271157238",
            "category": "",
            "providerType": "0",
            "requiredQuantity": "001.000",
            "discount": "00021.000",
            "discountType": "F",
            "optative": " ",
            "description": "PSP SIMPLES NACIONAL B08                ",
            "itemSubcategory": "",
            "itemSegment": "",
            "itemSubsegment": "",
            "durationCode": "1000023591111111",
            "grouper": "000.000",
            "percent": "000.00",
            "optativeOne": " ",
            "sent": " ",
            "action": "A",
            "binCode": "",
            "messagePsg": ""
        },
        {
            "lineNumber": "15",
            "folio": "  51046178",
            "itemCategory": " 1",
            "type": "03",
            "startDate": "20250730",
            "endDate": "20250902",
            "itemSku": "   7502294221299",
            "category": "",
            "providerType": "0",
            "requiredQuantity": "001.000",
            "discount": "00016.000",
            "discountType": "F",
            "optative": " ",
            "description": "PSP SIMPLES NACIONAL B08                ",
            "itemSubcategory": "",
            "itemSegment": "",
            "itemSubsegment": "",
            "durationCode": "1000023591111111",
            "grouper": "000.000",
            "percent": "000.00",
            "optativeOne": " ",
            "sent": " ",
            "action": "A",
            "binCode": "",
            "messagePsg": ""
        },
        {
            "lineNumber": "16",
            "folio": "  51046188",
            "itemCategory": " 1",
            "type": "03",
            "startDate": "20250730",
            "endDate": "20250902",
            "itemSku": "   7501059296367",
            "category": "",
            "providerType": "0",
            "requiredQuantity": "001.000",
            "discount": "00040.000",
            "discountType": "F",
            "optative": " ",
            "description": "PSP SIMPLES NACIONAL B08                ",
            "itemSubcategory": "",
            "itemSegment": "",
            "itemSubsegment": "",
            "durationCode": "1000023591111111",
            "grouper": "000.000",
            "percent": "000.00",
            "optativeOne": " ",
            "sent": " ",
            "action": "A",
            "binCode": "",
            "messagePsg": ""
        },
        {
            "lineNumber": "17",
            "folio": "  51046193",
            "itemCategory": " 1",
            "type": "03",
            "startDate": "20250730",
            "endDate": "20250902",
            "itemSku": "   7501000625253",
            "category": "",
            "providerType": "0",
            "requiredQuantity": "001.000",
            "discount": "00030.000",
            "discountType": "F",
            "optative": " ",
            "description": "PSP SIMPLES NACIONAL B08                ",
            "itemSubcategory": "",
            "itemSegment": "",
            "itemSubsegment": "",
            "durationCode": "1000023591111111",
            "grouper": "000.000",
            "percent": "000.00",
            "optativeOne": " ",
            "sent": " ",
            "action": "A",
            "binCode": "",
            "messagePsg": ""
        },
        {
            "lineNumber": "18",
            "folio": "  51046194",
            "itemCategory": " 1",
            "type": "03",
            "startDate": "20250730",
            "endDate": "20250902",
            "itemSku": "   7500478022502",
            "category": "",
            "providerType": "0",
            "requiredQuantity": "001.000",
            "discount": "00015.000",
            "discountType": "F",
            "optative": " ",
            "description": "PSP SIMPLES NACIONAL B08                ",
            "itemSubcategory": "",
            "itemSegment": "",
            "itemSubsegment": "",
            "durationCode": "1000023591111111",
            "grouper": "000.000",
            "percent": "000.00",
            "optativeOne": " ",
            "sent": " ",
            "action": "A",
            "binCode": "",
            "messagePsg": ""
        },
        {
            "lineNumber": "19",
            "folio": "  51046196",
            "itemCategory": " 1",
            "type": "03",
            "startDate": "20250730",
            "endDate": "20250902",
            "itemSku": "   7500478044610",
            "category": "",
            "providerType": "0",
            "requiredQuantity": "001.000",
            "discount": "00030.000",
            "discountType": "F",
            "optative": " ",
            "description": "PSP SIMPLES NACIONAL B08                ",
            "itemSubcategory": "",
            "itemSegment": "",
            "itemSubsegment": "",
            "durationCode": "1000023591111111",
            "grouper": "000.000",
            "percent": "000.00",
            "optativeOne": " ",
            "sent": " ",
            "action": "A",
            "binCode": "",
            "messagePsg": ""
        },
        {
            "lineNumber": "20",
            "folio": "  51046199",
            "itemCategory": " 1",
            "type": "03",
            "startDate": "20250730",
            "endDate": "20250902",
            "itemSku": "   7500478043804",
            "category": "",
            "providerType": "0",
            "requiredQuantity": "001.000",
            "discount": "00015.000",
            "discountType": "F",
            "optative": " ",
            "description": "PSP SIMPLES NACIONAL B08                ",
            "itemSubcategory": "",
            "itemSegment": "",
            "itemSubsegment": "",
            "durationCode": "1000023591111111",
            "grouper": "000.000",
            "percent": "000.00",
            "optativeOne": " ",
            "sent": " ",
            "action": "A",
            "binCode": "",
            "messagePsg": ""
        }
    ]
}