{
    "organizationCountry": "MX",
    "organizationName": "FEMSA Comercio",
    "businessName": "OXXO",
    "departmentId": "12NEO",
    "storeId": "52RSW",
    "numberOfRecords": "2",
    "searchId": "000000000000000000000000",
    "searchDate": "2025-08-06 14:55:21",
    "promotions": [
        {
            "lineNumber": "1",
            "folio": "  51054223",
            "itemCategory": " 1",
            "type": "03",
            "startDate": "20250807",
            "endDate": "20250902",
            "itemSku": "   7501008049723",
            "category": "",
            "providerType": "0",
            "requiredQuantity": "001.000",
            "discount": "00060.000",
            "discountType": "F",
            "optative": " ",
            "description": "PB CEREALES                             ",
            "itemSubcategory": "",
            "itemSegment": "",
            "itemSubsegment": "",
            "durationCode": "1000023591111111",
            "grouper": "000.000",
            "percent": "000.00",
            "optativeOne": " ",
            "sent": " ",
            "action": "A",
            "binCode": "",
            "messagePsg": ""
        },
        {
            "lineNumber": "2",
            "folio": "  51054224",
            "itemCategory": " 1",
            "type": "02",
            "startDate": "20250807",
            "endDate": "20250902",
            "itemSku": "   7501031311682",
            "category": "",
            "providerType": "0",
            "requiredQuantity": "002.000",
            "discount": "00039.000",
            "discountType": "F",
            "optative": "1",
            "description": "PB Pepsi 1.5 L NR                       ",
            "itemSubcategory": "",
            "itemSegment": "",
            "itemSubsegment": "",
            "durationCode": "1000023591111111",
            "grouper": "001.000",
            "percent": "000.00",
            "optativeOne": " ",
            "sent": " ",
            "action": "A",
            "binCode": "",
            "messagePsg": ""
        }
    ]
}