{
    "organizationCountry": "MX",
    "organizationName": "FEMSA Comercio",
    "businessName": "OXXO",
    "departmentId": "12NEO",
    "storeId": "52RSW",
    "numberOfRecords": "4",
    "searchId": "000000000000000000000000",
    "searchDate": "2025-08-13 23:11:40",
    "promotions": [
        {
            "lineNumber": "1",
            "folio": "  51058272",
            "itemCategory": " 1",
            "type": "03",
            "startDate": "20250814",
            "endDate": "20250902",
            "itemSku": "   7501064194214",
            "category": "",
            "providerType": "0",
            "requiredQuantity": "001.000",
            "discount": "00208.000",
            "discountType": "F",
            "optative": " ",
            "description": "PB 12 LIGHT                             ",
            "itemSubcategory": "",
            "itemSegment": "",
            "itemSubsegment": "",
            "durationCode": "1000023591111111",
            "grouper": "000.000",
            "percent": "000.00",
            "optativeOne": " ",
            "sent": " ",
            "action": "A",
            "binCode": "",
            "messagePsg": ""
        },
        {
            "lineNumber": "2",
            "folio": "  51058275",
            "itemCategory": " 1",
            "type": "03",
            "startDate": "20250814",
            "endDate": "20250902",
            "itemSku": "   7501064194214",
            "category": "",
            "providerType": "0",
            "requiredQuantity": "001.000",
            "discount": "00208.000",
            "discountType": "F",
            "optative": " ",
            "description": "PB 12 LIGHT                             ",
            "itemSubcategory": "",
            "itemSegment": "",
            "itemSubsegment": "",
            "durationCode": "1000023591111111",
            "grouper": "000.000",
            "percent": "000.00",
            "optativeOne": " ",
            "sent": " ",
            "action": "A",
            "binCode": "",
            "messagePsg": ""
        },
        {
            "lineNumber": "3",
            "folio": "  51058277",
            "itemCategory": " 1",
            "type": "02",
            "startDate": "20250814",
            "endDate": "20250902",
            "itemSku": "   7501064107153",
            "category": "",
            "providerType": "0",
            "requiredQuantity": "006.000",
            "discount": "00104.000",
            "discountType": "F",
            "optative": "1",
            "description": "PB SIX LIGHT                            ",
            "itemSubcategory": "",
            "itemSegment": "",
            "itemSubsegment": "",
            "durationCode": "1000023591111111",
            "grouper": "001.000",
            "percent": "000.00",
            "optativeOne": " ",
            "sent": " ",
            "action": "A",
            "binCode": "",
            "messagePsg": ""
        },
        {
            "lineNumber": "4",
            "folio": "  51059358",
            "itemCategory": " 1",
            "type": "02",
            "startDate": "20250814",
            "endDate": "20250831",
            "itemSku": "   7501064112546",
            "category": "",
            "providerType": "0",
            "requiredQuantity": "006.000",
            "discount": "00118.000",
            "discountType": "F",
            "optative": "1",
            "description": "PB SIX ESPECIAL 118                     ",
            "itemSubcategory": "",
            "itemSegment": "",
            "itemSubsegment": "",
            "durationCode": "1000023591111111",
            "grouper": "001.000",
            "percent": "000.00",
            "optativeOne": " ",
            "sent": " ",
            "action": "A",
            "binCode": "",
            "messagePsg": ""
        }
    ]
}