{
    "organizationCountry": "MX",
    "organizationName": "FEMSA Comercio",
    "businessName": "OXXO",
    "departmentId": "12NEO",
    "storeId": "52RSW",
    "numberOfRecords": "1",
    "searchId": "000000000000000000000000",
    "searchDate": "2025-07-31 14:58:45",
    "promotions": [
        {
            "lineNumber": "1",
            "folio": "  51051815",
            "itemCategory": " 1",
            "type": "03",
            "startDate": "20250801",
            "endDate": "20250902",
            "itemSku": "    766324303509",
            "category": "",
            "providerType": "0",
            "requiredQuantity": "001.000",
            "discount": "00025.010",
            "discountType": "F",
            "optative": " ",
            "description": "RYC B08 2025                            ",
            "itemSubcategory": "",
            "itemSegment": "",
            "itemSubsegment": "",
            "durationCode": "1000023591111111",
            "grouper": "000.000",
            "percent": "000.00",
            "optativeOne": " ",
            "sent": " ",
            "action": "A",
            "binCode": "",
            "messagePsg": ""
        }
    ]
}