{
    "organizationCountry": "MX",
    "organizationName": "FEMSA Comercio",
    "businessName": "OXXO",
    "departmentId": "12NEO",
    "storeId": "52RSW",
    "numberOfRecords": "16",
    "searchId": "000000000000000000000000",
    "searchDate": "2025-03-10 20:44:42",
    "promotions": [
        {
            "lineNumber": "1",
            "folio": "  19712073",
            "itemCategory": " 1",
            "type": "03",
            "startDate": "20250311",
            "endDate": "20250430",
            "itemSku": "   7501064197482",
            "category": "",
            "providerType": "0",
            "requiredQuantity": "001.000",
            "discount": "00218.000",
            "discountType": " ",
            "optative": " ",
            "description": "Corona Ext o Victoria 355ml 12P $218    ",
            "itemSubcategory": "",
            "itemSegment": "",
            "itemSubsegment": "",
            "durationCode": "1000023591111111",
            "grouper": "000.000",
            "percent": "000.00",
            "optativeOne": " ",
            "sent": " ",
            "action": "A",
            "binCode": "",
            "messagePsg": ""
        },
        {
            "lineNumber": "2",
            "folio": "  19712074",
            "itemCategory": " 1",
            "type": "03",
            "startDate": "20250311",
            "endDate": "20250430",
            "itemSku": "   7503024460889",
            "category": "",
            "providerType": "0",
            "requiredQuantity": "001.000",
            "discount": "00039.000",
            "discountType": " ",
            "optative": " ",
            "description": "Cerveza Modelo Especial 710ml $39       ",
            "itemSubcategory": "",
            "itemSegment": "",
            "itemSubsegment": "",
            "durationCode": "1000023591111111",
            "grouper": "000.000",
            "percent": "000.00",
            "optativeOne": " ",
            "sent": " ",
            "action": "A",
            "binCode": "",
            "messagePsg": ""
        },
        {
            "lineNumber": "3",
            "folio": "  19712075",
            "itemCategory": " 1",
            "type": "03",
            "startDate": "20250311",
            "endDate": "20250430",
            "itemSku": "   7501064193842",
            "category": "",
            "providerType": "0",
            "requiredQuantity": "001.000",
            "discount": "00218.000",
            "discountType": " ",
            "optative": " ",
            "description": "Corona Extra o Victoria 12P 355ml $218  ",
            "itemSubcategory": "",
            "itemSegment": "",
            "itemSubsegment": "",
            "durationCode": "1000023591111111",
            "grouper": "000.000",
            "percent": "000.00",
            "optativeOne": " ",
            "sent": " ",
            "action": "A",
            "binCode": "",
            "messagePsg": ""
        },
        {
            "lineNumber": "4",
            "folio": "  19712075",
            "itemCategory": " 1",
            "type": "03",
            "startDate": "20250311",
            "endDate": "20250430",
            "itemSku": "   7501064197482",
            "category": "",
            "providerType": "0",
            "requiredQuantity": "001.000",
            "discount": "00218.000",
            "discountType": " ",
            "optative": " ",
            "description": "Corona Extra o Victoria 12P 355ml $218  ",
            "itemSubcategory": "",
            "itemSegment": "",
            "itemSubsegment": "",
            "durationCode": "1000023591111111",
            "grouper": "000.000",
            "percent": "000.00",
            "optativeOne": " ",
            "sent": " ",
            "action": "A",
            "binCode": "",
            "messagePsg": ""
        },
        {
            "lineNumber": "5",
            "folio": "  19712076",
            "itemCategory": " 1",
            "type": "00",
            "startDate": "20250311",
            "endDate": "20250430",
            "itemSku": "   7501064101205",
            "category": "",
            "providerType": "0",
            "requiredQuantity": "002.000",
            "discount": "00089.000",
            "discountType": "F",
            "optative": "1",
            "description": "Corona o Victoria Mega Ret 1.2L 2x$89   ",
            "itemSubcategory": "    ",
            "itemSegment": "    ",
            "itemSubsegment": "    ",
            "durationCode": "1000023591111111",
            "grouper": "001.000",
            "percent": "000.00",
            "optativeOne": " ",
            "sent": " ",
            "action": "A",
            "binCode": "",
            "messagePsg": ""
        },
        {
            "lineNumber": "6",
            "folio": "  19712076",
            "itemCategory": " 1",
            "type": "00",
            "startDate": "20250311",
            "endDate": "20250430",
            "itemSku": "   7501064191909",
            "category": "",
            "providerType": "0",
            "requiredQuantity": "002.000",
            "discount": "00089.000",
            "discountType": "F",
            "optative": "1",
            "description": "Corona o Victoria Mega Ret 1.2L 2x$89   ",
            "itemSubcategory": "    ",
            "itemSegment": "    ",
            "itemSubsegment": "    ",
            "durationCode": "1000023591111111",
            "grouper": "001.000",
            "percent": "000.00",
            "optativeOne": " ",
            "sent": " ",
            "action": "A",
            "binCode": "",
            "messagePsg": ""
        },
        {
            "lineNumber": "7",
            "folio": "  19712078",
            "itemCategory": " 1",
            "type": "00",
            "startDate": "20250311",
            "endDate": "20250430",
            "itemSku": "   7501064194962",
            "category": "",
            "providerType": "0",
            "requiredQuantity": "004.000",
            "discount": "00094.000",
            "discountType": "F",
            "optative": "1",
            "description": "Corona o Victoria Laton 473ml 4x$94     ",
            "itemSubcategory": "    ",
            "itemSegment": "    ",
            "itemSubsegment": "    ",
            "durationCode": "1000023591111111",
            "grouper": "001.000",
            "percent": "000.00",
            "optativeOne": " ",
            "sent": " ",
            "action": "A",
            "binCode": "",
            "messagePsg": ""
        },
        {
            "lineNumber": "8",
            "folio": "  19712078",
            "itemCategory": " 1",
            "type": "00",
            "startDate": "20250311",
            "endDate": "20250430",
            "itemSku": "   7501064193859",
            "category": "",
            "providerType": "0",
            "requiredQuantity": "004.000",
            "discount": "00094.000",
            "discountType": "F",
            "optative": "1",
            "description": "Corona o Victoria Laton 473ml 4x$94     ",
            "itemSubcategory": "    ",
            "itemSegment": "    ",
            "itemSubsegment": "    ",
            "durationCode": "1000023591111111",
            "grouper": "001.000",
            "percent": "000.00",
            "optativeOne": " ",
            "sent": " ",
            "action": "A",
            "binCode": "",
            "messagePsg": ""
        },
        {
            "lineNumber": "9",
            "folio": "  19712078",
            "itemCategory": " 1",
            "type": "00",
            "startDate": "20250311",
            "endDate": "20250430",
            "itemSku": "   7501064194139",
            "category": "",
            "providerType": "0",
            "requiredQuantity": "004.000",
            "discount": "00094.000",
            "discountType": "F",
            "optative": "1",
            "description": "Corona o Victoria Laton 473ml 4x$94     ",
            "itemSubcategory": "    ",
            "itemSegment": "    ",
            "itemSubsegment": "    ",
            "durationCode": "1000023591111111",
            "grouper": "001.000",
            "percent": "000.00",
            "optativeOne": " ",
            "sent": " ",
            "action": "A",
            "binCode": "",
            "messagePsg": ""
        },
        {
            "lineNumber": "10",
            "folio": "  19712079",
            "itemCategory": " 1",
            "type": "00",
            "startDate": "20250311",
            "endDate": "20250430",
            "itemSku": "   7501064191886",
            "category": "",
            "providerType": "0",
            "requiredQuantity": "004.000",
            "discount": "00100.000",
            "discountType": "F",
            "optative": "1",
            "description": "Modelo Especial Lat\u00f3n 473ml 4X$100      ",
            "itemSubcategory": "    ",
            "itemSegment": "    ",
            "itemSubsegment": "    ",
            "durationCode": "1000023591111111",
            "grouper": "001.000",
            "percent": "000.00",
            "optativeOne": " ",
            "sent": " ",
            "action": "A",
            "binCode": "",
            "messagePsg": ""
        },
        {
            "lineNumber": "11",
            "folio": "  19712080",
            "itemCategory": " 1",
            "type": "00",
            "startDate": "20250311",
            "endDate": "20250430",
            "itemSku": "   7501064195310",
            "category": "",
            "providerType": "0",
            "requiredQuantity": "006.000",
            "discount": "00109.000",
            "discountType": "F",
            "optative": "1",
            "description": "Corona o Cerveza Victoria 355ml 6x$109  ",
            "itemSubcategory": "    ",
            "itemSegment": "    ",
            "itemSubsegment": "    ",
            "durationCode": "1000023591111111",
            "grouper": "001.000",
            "percent": "000.00",
            "optativeOne": " ",
            "sent": " ",
            "action": "A",
            "binCode": "",
            "messagePsg": ""
        },
        {
            "lineNumber": "12",
            "folio": "  19712080",
            "itemCategory": " 1",
            "type": "00",
            "startDate": "20250311",
            "endDate": "20250430",
            "itemSku": "   7501064190711",
            "category": "",
            "providerType": "0",
            "requiredQuantity": "006.000",
            "discount": "00109.000",
            "discountType": "F",
            "optative": "1",
            "description": "Corona o Cerveza Victoria 355ml 6x$109  ",
            "itemSubcategory": "    ",
            "itemSegment": "    ",
            "itemSubsegment": "    ",
            "durationCode": "1000023591111111",
            "grouper": "001.000",
            "percent": "000.00",
            "optativeOne": " ",
            "sent": " ",
            "action": "A",
            "binCode": "",
            "messagePsg": ""
        },
        {
            "lineNumber": "13",
            "folio": "  19712081",
            "itemCategory": " 1",
            "type": "00",
            "startDate": "20250311",
            "endDate": "20250430",
            "itemSku": "   7501064194504",
            "category": "",
            "providerType": "0",
            "requiredQuantity": "006.000",
            "discount": "00121.000",
            "discountType": "F",
            "optative": "1",
            "description": "Cerveza Michelob Ultra Lata 355ml 6x$121",
            "itemSubcategory": "    ",
            "itemSegment": "    ",
            "itemSubsegment": "    ",
            "durationCode": "1000023591111111",
            "grouper": "001.000",
            "percent": "000.00",
            "optativeOne": " ",
            "sent": " ",
            "action": "A",
            "binCode": "",
            "messagePsg": ""
        },
        {
            "lineNumber": "14",
            "folio": "  19712082",
            "itemCategory": " 1",
            "type": "00",
            "startDate": "20250311",
            "endDate": "20250430",
            "itemSku": "   7501064198168",
            "category": "",
            "providerType": "0",
            "requiredQuantity": "006.000",
            "discount": "00115.000",
            "discountType": "F",
            "optative": "1",
            "description": "Cerveza Michelob Ultra NR 355ml 6x$115  ",
            "itemSubcategory": "    ",
            "itemSegment": "    ",
            "itemSubsegment": "    ",
            "durationCode": "1000023591111111",
            "grouper": "001.000",
            "percent": "000.00",
            "optativeOne": " ",
            "sent": " ",
            "action": "A",
            "binCode": "",
            "messagePsg": ""
        },
        {
            "lineNumber": "15",
            "folio": "  19712083",
            "itemCategory": " 1",
            "type": "00",
            "startDate": "20250311",
            "endDate": "20250430",
            "itemSku": "        75027278",
            "category": "",
            "providerType": "0",
            "requiredQuantity": "006.000",
            "discount": "00139.000",
            "discountType": "F",
            "optative": "1",
            "description": "Modelo Especial No Ret 355ml 6x$139     ",
            "itemSubcategory": "    ",
            "itemSegment": "    ",
            "itemSubsegment": "    ",
            "durationCode": "1000023591111111",
            "grouper": "001.000",
            "percent": "000.00",
            "optativeOne": " ",
            "sent": " ",
            "action": "A",
            "binCode": "",
            "messagePsg": ""
        },
        {
            "lineNumber": "16",
            "folio": "  19712084",
            "itemCategory": " 1",
            "type": "00",
            "startDate": "20250311",
            "endDate": "20250430",
            "itemSku": "   7501064195310",
            "category": "",
            "providerType": "0",
            "requiredQuantity": "006.000",
            "discount": "00109.000",
            "discountType": "F",
            "optative": "1",
            "description": "Cerveza Victoria Lata 355ml 6x$109      ",
            "itemSubcategory": "    ",
            "itemSegment": "    ",
            "itemSubsegment": "    ",
            "durationCode": "1000023591111111",
            "grouper": "001.000",
            "percent": "000.00",
            "optativeOne": " ",
            "sent": " ",
            "action": "A",
            "binCode": "",
            "messagePsg": ""
        }
    ]
}