{
    "organizationCountry": "MX",
    "organizationName": "FEMSA Comercio",
    "businessName": "OXXO",
    "departmentId": "12NEO",
    "storeId": "52RSW",
    "numberOfRecords": "3",
    "searchId": "000000000000000000000000",
    "searchDate": "2025-04-23 02:19:42",
    "promotions": [
        {
            "lineNumber": "1",
            "folio": "  19713083",
            "itemCategory": " 1",
            "type": "00",
            "startDate": "20250424",
            "endDate": "20250430",
            "itemSku": "   7506306416673",
            "category": "",
            "providerType": "0",
            "requiredQuantity": "003.000",
            "discount": "00036.000",
            "discountType": "F",
            "optative": "1",
            "description": "PB Paleta Chocomilk 3X$36               ",
            "itemSubcategory": "    ",
            "itemSegment": "    ",
            "itemSubsegment": "    ",
            "durationCode": "1000023591111111",
            "grouper": "001.000",
            "percent": "000.00",
            "optativeOne": " ",
            "sent": " ",
            "action": "A",
            "binCode": "",
            "messagePsg": ""
        },
        {
            "lineNumber": "2",
            "folio": "  19713084",
            "itemCategory": " 1",
            "type": "00",
            "startDate": "20250424",
            "endDate": "20250430",
            "itemSku": "   6909493103646",
            "category": "",
            "providerType": "0",
            "requiredQuantity": "003.000",
            "discount": "00074.000",
            "discountType": "F",
            "optative": "1",
            "description": "PB Paleta Twister 3X$74                 ",
            "itemSubcategory": "    ",
            "itemSegment": "    ",
            "itemSubsegment": "    ",
            "durationCode": "1000023591111111",
            "grouper": "001.000",
            "percent": "000.00",
            "optativeOne": " ",
            "sent": " ",
            "action": "A",
            "binCode": "",
            "messagePsg": ""
        },
        {
            "lineNumber": "3",
            "folio": "  19713086",
            "itemCategory": " 1",
            "type": "00",
            "startDate": "20250424",
            "endDate": "20250430",
            "itemSku": "   7506306417236",
            "category": "",
            "providerType": "0",
            "requiredQuantity": "003.000",
            "discount": "00062.000",
            "discountType": "F",
            "optative": "1",
            "description": "PB Paleta Conejo Turin 3X$62            ",
            "itemSubcategory": "    ",
            "itemSegment": "    ",
            "itemSubsegment": "    ",
            "durationCode": "1000023591111111",
            "grouper": "001.000",
            "percent": "000.00",
            "optativeOne": " ",
            "sent": " ",
            "action": "A",
            "binCode": "",
            "messagePsg": ""
        }
    ]
}