{
    "organizationCountry": "MX",
    "organizationName": "FEMSA Comercio",
    "businessName": "OXXO",
    "departmentId": "12NEO",
    "storeId": "52RSW",
    "numberOfRecords": "8",
    "searchId": "000000000000000000000000",
    "searchDate": "2025-04-15 20:43:49",
    "promotions": [
        {
            "lineNumber": "1",
            "folio": "  19714173",
            "itemCategory": " 1",
            "type": "03",
            "startDate": "20250416",
            "endDate": "20250429",
            "itemSku": "   7503047873116",
            "category": "",
            "providerType": "0",
            "requiredQuantity": "001.000",
            "discount": "00090.000",
            "discountType": " ",
            "optative": " ",
            "description": "6-Pack Leche La Nacional $90.00         ",
            "itemSubcategory": "",
            "itemSegment": "",
            "itemSubsegment": "",
            "durationCode": "1000023591111111",
            "grouper": "000.000",
            "percent": "000.00",
            "optativeOne": " ",
            "sent": " ",
            "action": "A",
            "binCode": "",
            "messagePsg": ""
        },
        {
            "lineNumber": "2",
            "folio": "  19714173",
            "itemCategory": " 1",
            "type": "03",
            "startDate": "20250416",
            "endDate": "20250429",
            "itemSku": "   7503047873109",
            "category": "",
            "providerType": "0",
            "requiredQuantity": "001.000",
            "discount": "00090.000",
            "discountType": " ",
            "optative": " ",
            "description": "6-Pack Leche La Nacional $90.00         ",
            "itemSubcategory": "",
            "itemSegment": "",
            "itemSubsegment": "",
            "durationCode": "1000023591111111",
            "grouper": "000.000",
            "percent": "000.00",
            "optativeOne": " ",
            "sent": " ",
            "action": "A",
            "binCode": "",
            "messagePsg": ""
        },
        {
            "lineNumber": "3",
            "folio": "  19714174",
            "itemCategory": " 1",
            "type": "00",
            "startDate": "20250416",
            "endDate": "20250429",
            "itemSku": "   7501125118562",
            "category": "",
            "providerType": "0",
            "requiredQuantity": "003.000",
            "discount": "00050.000",
            "discountType": "F",
            "optative": "1",
            "description": "Variedad Electrolit 625 ML 3x$50.00     ",
            "itemSubcategory": "    ",
            "itemSegment": "    ",
            "itemSubsegment": "    ",
            "durationCode": "1000023591111111",
            "grouper": "001.000",
            "percent": "000.00",
            "optativeOne": " ",
            "sent": " ",
            "action": "A",
            "binCode": "",
            "messagePsg": ""
        },
        {
            "lineNumber": "4",
            "folio": "  19714174",
            "itemCategory": " 1",
            "type": "00",
            "startDate": "20250416",
            "endDate": "20250429",
            "itemSku": "   7501125104411",
            "category": "",
            "providerType": "0",
            "requiredQuantity": "003.000",
            "discount": "00050.000",
            "discountType": "F",
            "optative": "1",
            "description": "Variedad Electrolit 625 ML 3x$50.00     ",
            "itemSubcategory": "    ",
            "itemSegment": "    ",
            "itemSubsegment": "    ",
            "durationCode": "1000023591111111",
            "grouper": "001.000",
            "percent": "000.00",
            "optativeOne": " ",
            "sent": " ",
            "action": "A",
            "binCode": "",
            "messagePsg": ""
        },
        {
            "lineNumber": "5",
            "folio": "  19714174",
            "itemCategory": " 1",
            "type": "00",
            "startDate": "20250416",
            "endDate": "20250429",
            "itemSku": "   7501125104268",
            "category": "",
            "providerType": "0",
            "requiredQuantity": "003.000",
            "discount": "00050.000",
            "discountType": "F",
            "optative": "1",
            "description": "Variedad Electrolit 625 ML 3x$50.00     ",
            "itemSubcategory": "    ",
            "itemSegment": "    ",
            "itemSubsegment": "    ",
            "durationCode": "1000023591111111",
            "grouper": "001.000",
            "percent": "000.00",
            "optativeOne": " ",
            "sent": " ",
            "action": "A",
            "binCode": "",
            "messagePsg": ""
        },
        {
            "lineNumber": "6",
            "folio": "  19714174",
            "itemCategory": " 1",
            "type": "00",
            "startDate": "20250416",
            "endDate": "20250429",
            "itemSku": "   7501125144851",
            "category": "",
            "providerType": "0",
            "requiredQuantity": "003.000",
            "discount": "00050.000",
            "discountType": "F",
            "optative": "1",
            "description": "Variedad Electrolit 625 ML 3x$50.00     ",
            "itemSubcategory": "    ",
            "itemSegment": "    ",
            "itemSubsegment": "    ",
            "durationCode": "1000023591111111",
            "grouper": "001.000",
            "percent": "000.00",
            "optativeOne": " ",
            "sent": " ",
            "action": "A",
            "binCode": "",
            "messagePsg": ""
        },
        {
            "lineNumber": "7",
            "folio": "  19714174",
            "itemCategory": " 1",
            "type": "00",
            "startDate": "20250416",
            "endDate": "20250429",
            "itemSku": "   7501125174797",
            "category": "",
            "providerType": "0",
            "requiredQuantity": "003.000",
            "discount": "00050.000",
            "discountType": "F",
            "optative": "1",
            "description": "Variedad Electrolit 625 ML 3x$50.00     ",
            "itemSubcategory": "    ",
            "itemSegment": "    ",
            "itemSubsegment": "    ",
            "durationCode": "1000023591111111",
            "grouper": "001.000",
            "percent": "000.00",
            "optativeOne": " ",
            "sent": " ",
            "action": "A",
            "binCode": "",
            "messagePsg": ""
        },
        {
            "lineNumber": "8",
            "folio": "  19714174",
            "itemCategory": " 1",
            "type": "00",
            "startDate": "20250416",
            "endDate": "20250429",
            "itemSku": "   7501125104688",
            "category": "",
            "providerType": "0",
            "requiredQuantity": "003.000",
            "discount": "00050.000",
            "discountType": "F",
            "optative": "1",
            "description": "Variedad Electrolit 625 ML 3x$50.00     ",
            "itemSubcategory": "    ",
            "itemSegment": "    ",
            "itemSubsegment": "    ",
            "durationCode": "1000023591111111",
            "grouper": "001.000",
            "percent": "000.00",
            "optativeOne": " ",
            "sent": " ",
            "action": "A",
            "binCode": "",
            "messagePsg": ""
        }
    ]
}