{
    "organizationCountry": "MX",
    "organizationName": "FEMSA Comercio",
    "businessName": "OXXO",
    "departmentId": "12NEO",
    "storeId": "52RSW",
    "numberOfRecords": "7",
    "searchId": "000000000000000000000000",
    "searchDate": "2024-11-20 14:04:47",
    "items": [
        {
            "lineNumber": "1",
            "code": "000000",
            "sku": "   7501008762097",
            "supplierCode": "00000",
            "shortDescription": "CUETARA ABANICO 264      ",
            "piecesPerPackage": "0000",
            "taxRate": "00.00",
            "afeGpo": "00",
            "paiCode": "000",
            "famCode": "000",
            "salePrice": "000000.00",
            "costPrice": "000000.00",
            "status": "3",
            "priceControl": "0",
            "unitMeasure": "  ",
            "saleRestriction": "Y",
            "keyNumber": "00",
            "isps": "0.0000",
            "facDes": "1.0000",
            "decimal": "F",
            "movementCode": "C",
            "movementFolio": "000000",
            "previousSaleDate": "000000.00",
            "cedisSupplier": "0000",
            "unitOfMeasure": "",
            "saleTaxCode": "",
            "subcategory": "",
            "segment": "",
            "subsegment": "",
            "effectiveDate": "20241120",
            "movementInternalFolio": "239950        ",
            "transactionalLevel": "ITM",
            "type": "",
            "returnableIndicator": "",
            "rounding": "   ",
            "fpgUds": "0000.00",
            "fpgCtd": "0000.00000",
            "merchandiseType": "",
            "longDescription": "",
            "shrinkageType": "",
            "pricePerPackage": "",
            "unitQuantity": "",
            "taxValue": "0.0",
            "skuFactor": "0.0",
            "maxUnits": "",
            "assortmentLine": "",
            "replenishmentDate": "",
            "assortmentfrequency": "",
            "diasfre": "",
            "isAssortment": "",
            "isSalable": "",
            "transactionType": "25",
            "returnPeriod": "",
            "returnReasonCode": "",
            "returnMaxUnits": "",
            "effectiveStartDate": "",
            "effectiveEndDate": "",
            "shorTae": "",
            "parentSKU": "",
            "category": ""
        },
        {
            "lineNumber": "2",
            "code": "000000",
            "sku": "   7501073844193",
            "supplierCode": "00000",
            "shortDescription": "PE\u00d1A PI\u00d1A 400ML          ",
            "piecesPerPackage": "0000",
            "taxRate": "00.00",
            "afeGpo": "00",
            "paiCode": "000",
            "famCode": "000",
            "salePrice": "000000.00",
            "costPrice": "000000.00",
            "status": "3",
            "priceControl": "0",
            "unitMeasure": "  ",
            "saleRestriction": "Y",
            "keyNumber": "00",
            "isps": "0.0000",
            "facDes": "1.0000",
            "decimal": "F",
            "movementCode": "C",
            "movementFolio": "000000",
            "previousSaleDate": "000000.00",
            "cedisSupplier": "0000",
            "unitOfMeasure": "",
            "saleTaxCode": "",
            "subcategory": "",
            "segment": "",
            "subsegment": "",
            "effectiveDate": "20241120",
            "movementInternalFolio": "239950        ",
            "transactionalLevel": "ITM",
            "type": "",
            "returnableIndicator": "",
            "rounding": "   ",
            "fpgUds": "0000.00",
            "fpgCtd": "0000.00000",
            "merchandiseType": "",
            "longDescription": "",
            "shrinkageType": "",
            "pricePerPackage": "",
            "unitQuantity": "",
            "taxValue": "0.0",
            "skuFactor": "0.0",
            "maxUnits": "",
            "assortmentLine": "",
            "replenishmentDate": "",
            "assortmentfrequency": "",
            "diasfre": "",
            "isAssortment": "",
            "isSalable": "",
            "transactionType": "25",
            "returnPeriod": "",
            "returnReasonCode": "",
            "returnMaxUnits": "",
            "effectiveStartDate": "",
            "effectiveEndDate": "",
            "shorTae": "",
            "parentSKU": "",
            "category": ""
        },
        {
            "lineNumber": "3",
            "code": "000000",
            "sku": "   7502294221459",
            "supplierCode": "00000",
            "shortDescription": "BONA GALLE TOST 300G     ",
            "piecesPerPackage": "0000",
            "taxRate": "00.00",
            "afeGpo": "00",
            "paiCode": "000",
            "famCode": "000",
            "salePrice": "000000.00",
            "costPrice": "000000.00",
            "status": " ",
            "priceControl": "0",
            "unitMeasure": "  ",
            "saleRestriction": "Y",
            "keyNumber": "00",
            "isps": "0.0000",
            "facDes": "1.0000",
            "decimal": "F",
            "movementCode": "C",
            "movementFolio": "000000",
            "previousSaleDate": "000000.00",
            "cedisSupplier": "0000",
            "unitOfMeasure": "",
            "saleTaxCode": "",
            "subcategory": "",
            "segment": "",
            "subsegment": "",
            "effectiveDate": "20241120",
            "movementInternalFolio": "239950        ",
            "transactionalLevel": "ITM",
            "type": "",
            "returnableIndicator": "",
            "rounding": "   ",
            "fpgUds": "0000.00",
            "fpgCtd": "0000.00000",
            "merchandiseType": "",
            "longDescription": "",
            "shrinkageType": "",
            "pricePerPackage": "",
            "unitQuantity": "",
            "taxValue": "0.0",
            "skuFactor": "0.0",
            "maxUnits": "",
            "assortmentLine": "",
            "replenishmentDate": "",
            "assortmentfrequency": "",
            "diasfre": "",
            "isAssortment": "",
            "isSalable": "",
            "transactionType": "10",
            "returnPeriod": "",
            "returnReasonCode": "",
            "returnMaxUnits": "",
            "effectiveStartDate": "",
            "effectiveEndDate": "",
            "shorTae": "",
            "parentSKU": "",
            "category": ""
        },
        {
            "lineNumber": "4",
            "code": "000000",
            "sku": "   7502294221459",
            "supplierCode": "00000",
            "shortDescription": "BONA TOSTAS 300GR        ",
            "piecesPerPackage": "0000",
            "taxRate": "00.00",
            "afeGpo": "00",
            "paiCode": "000",
            "famCode": "000",
            "salePrice": "000000.00",
            "costPrice": "000000.00",
            "status": "3",
            "priceControl": "0",
            "unitMeasure": "  ",
            "saleRestriction": "Y",
            "keyNumber": "00",
            "isps": "0.0000",
            "facDes": "1.0000",
            "decimal": "F",
            "movementCode": "C",
            "movementFolio": "000000",
            "previousSaleDate": "000000.00",
            "cedisSupplier": "0000",
            "unitOfMeasure": "",
            "saleTaxCode": "",
            "subcategory": "",
            "segment": "",
            "subsegment": "",
            "effectiveDate": "20241120",
            "movementInternalFolio": "239950        ",
            "transactionalLevel": "ITM",
            "type": "",
            "returnableIndicator": "",
            "rounding": "   ",
            "fpgUds": "0000.00",
            "fpgCtd": "0000.00000",
            "merchandiseType": "",
            "longDescription": "",
            "shrinkageType": "",
            "pricePerPackage": "",
            "unitQuantity": "",
            "taxValue": "0.0",
            "skuFactor": "0.0",
            "maxUnits": "",
            "assortmentLine": "",
            "replenishmentDate": "",
            "assortmentfrequency": "",
            "diasfre": "",
            "isAssortment": "",
            "isSalable": "",
            "transactionType": "25",
            "returnPeriod": "",
            "returnReasonCode": "",
            "returnMaxUnits": "",
            "effectiveStartDate": "",
            "effectiveEndDate": "",
            "shorTae": "",
            "parentSKU": "",
            "category": ""
        },
        {
            "lineNumber": "5",
            "code": "000000",
            "sku": "   7502294221794",
            "supplierCode": "00000",
            "shortDescription": "BONA JABON ROSA 400G     ",
            "piecesPerPackage": "0000",
            "taxRate": "00.00",
            "afeGpo": "00",
            "paiCode": "000",
            "famCode": "000",
            "salePrice": "000000.00",
            "costPrice": "000000.00",
            "status": "3",
            "priceControl": "0",
            "unitMeasure": "  ",
            "saleRestriction": "Y",
            "keyNumber": "00",
            "isps": "0.0000",
            "facDes": "1.0000",
            "decimal": "F",
            "movementCode": "C",
            "movementFolio": "000000",
            "previousSaleDate": "000000.00",
            "cedisSupplier": "0000",
            "unitOfMeasure": "",
            "saleTaxCode": "",
            "subcategory": "",
            "segment": "",
            "subsegment": "",
            "effectiveDate": "20241120",
            "movementInternalFolio": "239950        ",
            "transactionalLevel": "ITM",
            "type": "",
            "returnableIndicator": "",
            "rounding": "   ",
            "fpgUds": "0000.00",
            "fpgCtd": "0000.00000",
            "merchandiseType": "",
            "longDescription": "",
            "shrinkageType": "",
            "pricePerPackage": "",
            "unitQuantity": "",
            "taxValue": "0.0",
            "skuFactor": "0.0",
            "maxUnits": "",
            "assortmentLine": "",
            "replenishmentDate": "",
            "assortmentfrequency": "",
            "diasfre": "",
            "isAssortment": "",
            "isSalable": "",
            "transactionType": "25",
            "returnPeriod": "",
            "returnReasonCode": "",
            "returnMaxUnits": "",
            "effectiveStartDate": "",
            "effectiveEndDate": "",
            "shorTae": "",
            "parentSKU": "",
            "category": ""
        },
        {
            "lineNumber": "6",
            "code": "000000",
            "sku": "   7502294223415",
            "supplierCode": "00000",
            "shortDescription": "BONA CHILES 2.8KG        ",
            "piecesPerPackage": "0000",
            "taxRate": "00.00",
            "afeGpo": "00",
            "paiCode": "000",
            "famCode": "000",
            "salePrice": "000000.00",
            "costPrice": "000000.00",
            "status": "3",
            "priceControl": "0",
            "unitMeasure": "  ",
            "saleRestriction": "Y",
            "keyNumber": "00",
            "isps": "0.0000",
            "facDes": "1.0000",
            "decimal": "F",
            "movementCode": "C",
            "movementFolio": "000000",
            "previousSaleDate": "000000.00",
            "cedisSupplier": "0000",
            "unitOfMeasure": "",
            "saleTaxCode": "",
            "subcategory": "",
            "segment": "",
            "subsegment": "",
            "effectiveDate": "20241120",
            "movementInternalFolio": "239950        ",
            "transactionalLevel": "ITM",
            "type": "",
            "returnableIndicator": "",
            "rounding": "   ",
            "fpgUds": "0000.00",
            "fpgCtd": "0000.00000",
            "merchandiseType": "",
            "longDescription": "",
            "shrinkageType": "",
            "pricePerPackage": "",
            "unitQuantity": "",
            "taxValue": "0.0",
            "skuFactor": "0.0",
            "maxUnits": "",
            "assortmentLine": "",
            "replenishmentDate": "",
            "assortmentfrequency": "",
            "diasfre": "",
            "isAssortment": "",
            "isSalable": "",
            "transactionType": "25",
            "returnPeriod": "",
            "returnReasonCode": "",
            "returnMaxUnits": "",
            "effectiveStartDate": "",
            "effectiveEndDate": "",
            "shorTae": "",
            "parentSKU": "",
            "category": ""
        },
        {
            "lineNumber": "7",
            "code": "000000",
            "sku": "   7503035425846",
            "supplierCode": "00000",
            "shortDescription": "CASA GALLETA 170 G       ",
            "piecesPerPackage": "0000",
            "taxRate": "00.00",
            "afeGpo": "00",
            "paiCode": "000",
            "famCode": "000",
            "salePrice": "000000.00",
            "costPrice": "000000.00",
            "status": "3",
            "priceControl": "0",
            "unitMeasure": "  ",
            "saleRestriction": "Y",
            "keyNumber": "00",
            "isps": "0.0000",
            "facDes": "1.0000",
            "decimal": "F",
            "movementCode": "C",
            "movementFolio": "000000",
            "previousSaleDate": "000000.00",
            "cedisSupplier": "0000",
            "unitOfMeasure": "",
            "saleTaxCode": "",
            "subcategory": "",
            "segment": "",
            "subsegment": "",
            "effectiveDate": "20241120",
            "movementInternalFolio": "239950        ",
            "transactionalLevel": "ITM",
            "type": "",
            "returnableIndicator": "",
            "rounding": "   ",
            "fpgUds": "0000.00",
            "fpgCtd": "0000.00000",
            "merchandiseType": "",
            "longDescription": "",
            "shrinkageType": "",
            "pricePerPackage": "",
            "unitQuantity": "",
            "taxValue": "0.0",
            "skuFactor": "0.0",
            "maxUnits": "",
            "assortmentLine": "",
            "replenishmentDate": "",
            "assortmentfrequency": "",
            "diasfre": "",
            "isAssortment": "",
            "isSalable": "",
            "transactionType": "25",
            "returnPeriod": "",
            "returnReasonCode": "",
            "returnMaxUnits": "",
            "effectiveStartDate": "",
            "effectiveEndDate": "",
            "shorTae": "",
            "parentSKU": "",
            "category": ""
        }
    ]
}