{
    "organizationCountry": "MX",
    "organizationName": "FEMSA Comercio",
    "businessName": "OXXO",
    "departmentId": "12NEO",
    "storeId": "52RSW",
    "numberOfRecords": "39",
    "searchId": "000000000000000000000000",
    "searchDate": "2024-10-08 20:33:35",
    "items": [
        {
            "lineNumber": "1",
            "code": "000000",
            "sku": "   7502294221343",
            "supplierCode": "00000",
            "shortDescription": "TAE NETWEY $40           ",
            "piecesPerPackage": "0000",
            "taxRate": "00.00",
            "afeGpo": "00",
            "paiCode": "000",
            "famCode": "000",
            "salePrice": "000000.00",
            "costPrice": "000000.00",
            "status": "",
            "priceControl": "0",
            "unitMeasure": "  ",
            "saleRestriction": "Y",
            "keyNumber": "00",
            "isps": "0.0000",
            "facDes": "1.0000",
            "decimal": "F",
            "movementCode": "C",
            "movementFolio": "000000",
            "previousSaleDate": "000000.00",
            "cedisSupplier": "0000",
            "unitOfMeasure": "",
            "saleTaxCode": "IVA16 ",
            "subcategory": "",
            "segment": "",
            "subsegment": "",
            "effectiveDate": "20241014",
            "movementInternalFolio": "237939        ",
            "transactionalLevel": "ITM",
            "type": "",
            "returnableIndicator": "",
            "rounding": "   ",
            "fpgUds": "0000.00",
            "fpgCtd": "0000.00000",
            "merchandiseType": "MREGUL",
            "longDescription": "",
            "shrinkageType": "",
            "pricePerPackage": "",
            "unitQuantity": "",
            "taxValue": "0.0",
            "skuFactor": "0.0",
            "maxUnits": "",
            "assortmentLine": "",
            "replenishmentDate": "",
            "assortmentfrequency": "",
            "diasfre": "",
            "isAssortment": "",
            "isSalable": "",
            "transactionType": "93",
            "returnPeriod": "",
            "returnReasonCode": "",
            "returnMaxUnits": "",
            "effectiveStartDate": "",
            "effectiveEndDate": "",
            "shorTae": "",
            "parentSKU": "",
            "category": ""
        },
        {
            "lineNumber": "2",
            "code": "000000",
            "sku": "   7502294221350",
            "supplierCode": "00000",
            "shortDescription": "TAE NETWEY $65           ",
            "piecesPerPackage": "0000",
            "taxRate": "00.00",
            "afeGpo": "00",
            "paiCode": "000",
            "famCode": "000",
            "salePrice": "000000.00",
            "costPrice": "000000.00",
            "status": "",
            "priceControl": "0",
            "unitMeasure": "  ",
            "saleRestriction": "Y",
            "keyNumber": "00",
            "isps": "0.0000",
            "facDes": "1.0000",
            "decimal": "F",
            "movementCode": "C",
            "movementFolio": "000000",
            "previousSaleDate": "000000.00",
            "cedisSupplier": "0000",
            "unitOfMeasure": "",
            "saleTaxCode": "IVA16 ",
            "subcategory": "",
            "segment": "",
            "subsegment": "",
            "effectiveDate": "20241014",
            "movementInternalFolio": "237939        ",
            "transactionalLevel": "ITM",
            "type": "",
            "returnableIndicator": "",
            "rounding": "   ",
            "fpgUds": "0000.00",
            "fpgCtd": "0000.00000",
            "merchandiseType": "MREGUL",
            "longDescription": "",
            "shrinkageType": "",
            "pricePerPackage": "",
            "unitQuantity": "",
            "taxValue": "0.0",
            "skuFactor": "0.0",
            "maxUnits": "",
            "assortmentLine": "",
            "replenishmentDate": "",
            "assortmentfrequency": "",
            "diasfre": "",
            "isAssortment": "",
            "isSalable": "",
            "transactionType": "93",
            "returnPeriod": "",
            "returnReasonCode": "",
            "returnMaxUnits": "",
            "effectiveStartDate": "",
            "effectiveEndDate": "",
            "shorTae": "",
            "parentSKU": "",
            "category": ""
        },
        {
            "lineNumber": "3",
            "code": "000000",
            "sku": "   7502294221374",
            "supplierCode": "00000",
            "shortDescription": "TAE NETWEY $250          ",
            "piecesPerPackage": "0000",
            "taxRate": "00.00",
            "afeGpo": "00",
            "paiCode": "000",
            "famCode": "000",
            "salePrice": "000000.00",
            "costPrice": "000000.00",
            "status": "",
            "priceControl": "0",
            "unitMeasure": "  ",
            "saleRestriction": "Y",
            "keyNumber": "00",
            "isps": "0.0000",
            "facDes": "1.0000",
            "decimal": "F",
            "movementCode": "C",
            "movementFolio": "000000",
            "previousSaleDate": "000000.00",
            "cedisSupplier": "0000",
            "unitOfMeasure": "",
            "saleTaxCode": "IVA16 ",
            "subcategory": "",
            "segment": "",
            "subsegment": "",
            "effectiveDate": "20241014",
            "movementInternalFolio": "237939        ",
            "transactionalLevel": "ITM",
            "type": "",
            "returnableIndicator": "",
            "rounding": "   ",
            "fpgUds": "0000.00",
            "fpgCtd": "0000.00000",
            "merchandiseType": "MREGUL",
            "longDescription": "",
            "shrinkageType": "",
            "pricePerPackage": "",
            "unitQuantity": "",
            "taxValue": "0.0",
            "skuFactor": "0.0",
            "maxUnits": "",
            "assortmentLine": "",
            "replenishmentDate": "",
            "assortmentfrequency": "",
            "diasfre": "",
            "isAssortment": "",
            "isSalable": "",
            "transactionType": "93",
            "returnPeriod": "",
            "returnReasonCode": "",
            "returnMaxUnits": "",
            "effectiveStartDate": "",
            "effectiveEndDate": "",
            "shorTae": "",
            "parentSKU": "",
            "category": ""
        },
        {
            "lineNumber": "4",
            "code": "000000",
            "sku": "   7502294221701",
            "supplierCode": "00000",
            "shortDescription": "TAE NETWEY $125          ",
            "piecesPerPackage": "0000",
            "taxRate": "00.00",
            "afeGpo": "00",
            "paiCode": "000",
            "famCode": "000",
            "salePrice": "000000.00",
            "costPrice": "000000.00",
            "status": "",
            "priceControl": "0",
            "unitMeasure": "  ",
            "saleRestriction": "Y",
            "keyNumber": "00",
            "isps": "0.0000",
            "facDes": "1.0000",
            "decimal": "F",
            "movementCode": "C",
            "movementFolio": "000000",
            "previousSaleDate": "000000.00",
            "cedisSupplier": "0000",
            "unitOfMeasure": "",
            "saleTaxCode": "IVA16 ",
            "subcategory": "",
            "segment": "",
            "subsegment": "",
            "effectiveDate": "20241014",
            "movementInternalFolio": "237939        ",
            "transactionalLevel": "ITM",
            "type": "",
            "returnableIndicator": "",
            "rounding": "   ",
            "fpgUds": "0000.00",
            "fpgCtd": "0000.00000",
            "merchandiseType": "MREGUL",
            "longDescription": "",
            "shrinkageType": "",
            "pricePerPackage": "",
            "unitQuantity": "",
            "taxValue": "0.0",
            "skuFactor": "0.0",
            "maxUnits": "",
            "assortmentLine": "",
            "replenishmentDate": "",
            "assortmentfrequency": "",
            "diasfre": "",
            "isAssortment": "",
            "isSalable": "",
            "transactionType": "93",
            "returnPeriod": "",
            "returnReasonCode": "",
            "returnMaxUnits": "",
            "effectiveStartDate": "",
            "effectiveEndDate": "",
            "shorTae": "",
            "parentSKU": "",
            "category": ""
        },
        {
            "lineNumber": "5",
            "code": "000000",
            "sku": "   7502294222203",
            "supplierCode": "00000",
            "shortDescription": "TAE PILLOFON $79         ",
            "piecesPerPackage": "0000",
            "taxRate": "00.00",
            "afeGpo": "00",
            "paiCode": "000",
            "famCode": "000",
            "salePrice": "000000.00",
            "costPrice": "000000.00",
            "status": "",
            "priceControl": "0",
            "unitMeasure": "  ",
            "saleRestriction": "Y",
            "keyNumber": "00",
            "isps": "0.0000",
            "facDes": "1.0000",
            "decimal": "F",
            "movementCode": "C",
            "movementFolio": "000000",
            "previousSaleDate": "000000.00",
            "cedisSupplier": "0000",
            "unitOfMeasure": "",
            "saleTaxCode": "IVA16 ",
            "subcategory": "",
            "segment": "",
            "subsegment": "",
            "effectiveDate": "20241014",
            "movementInternalFolio": "237939        ",
            "transactionalLevel": "ITM",
            "type": "",
            "returnableIndicator": "",
            "rounding": "   ",
            "fpgUds": "0000.00",
            "fpgCtd": "0000.00000",
            "merchandiseType": "VIRTUA",
            "longDescription": "",
            "shrinkageType": "",
            "pricePerPackage": "",
            "unitQuantity": "",
            "taxValue": "0.0",
            "skuFactor": "0.0",
            "maxUnits": "",
            "assortmentLine": "",
            "replenishmentDate": "",
            "assortmentfrequency": "",
            "diasfre": "",
            "isAssortment": "",
            "isSalable": "",
            "transactionType": "93",
            "returnPeriod": "",
            "returnReasonCode": "",
            "returnMaxUnits": "",
            "effectiveStartDate": "",
            "effectiveEndDate": "",
            "shorTae": "",
            "parentSKU": "",
            "category": ""
        },
        {
            "lineNumber": "6",
            "code": "000000",
            "sku": "   7502294222203",
            "supplierCode": "00000",
            "shortDescription": "TAE PILLOFON $79         ",
            "piecesPerPackage": "0000",
            "taxRate": "00.00",
            "afeGpo": "00",
            "paiCode": "000",
            "famCode": "000",
            "salePrice": "000000.00",
            "costPrice": "000000.00",
            "status": "",
            "priceControl": "0",
            "unitMeasure": "  ",
            "saleRestriction": "Y",
            "keyNumber": "00",
            "isps": "0.0000",
            "facDes": "1.0000",
            "decimal": "F",
            "movementCode": "C",
            "movementFolio": "000000",
            "previousSaleDate": "000000.00",
            "cedisSupplier": "0000",
            "unitOfMeasure": "",
            "saleTaxCode": "IVA16 ",
            "subcategory": "",
            "segment": "",
            "subsegment": "",
            "effectiveDate": "20241014",
            "movementInternalFolio": "237939        ",
            "transactionalLevel": "ITM",
            "type": "",
            "returnableIndicator": "",
            "rounding": "   ",
            "fpgUds": "0000.00",
            "fpgCtd": "0000.00000",
            "merchandiseType": "MREGUL",
            "longDescription": "",
            "shrinkageType": "",
            "pricePerPackage": "",
            "unitQuantity": "",
            "taxValue": "0.0",
            "skuFactor": "0.0",
            "maxUnits": "",
            "assortmentLine": "",
            "replenishmentDate": "",
            "assortmentfrequency": "",
            "diasfre": "",
            "isAssortment": "",
            "isSalable": "",
            "transactionType": "93",
            "returnPeriod": "",
            "returnReasonCode": "",
            "returnMaxUnits": "",
            "effectiveStartDate": "",
            "effectiveEndDate": "",
            "shorTae": "",
            "parentSKU": "",
            "category": ""
        },
        {
            "lineNumber": "7",
            "code": "000000",
            "sku": "   7502294222203",
            "supplierCode": "00000",
            "shortDescription": "TAE PILLOFON $79         ",
            "piecesPerPackage": "0000",
            "taxRate": "00.00",
            "afeGpo": "00",
            "paiCode": "000",
            "famCode": "000",
            "salePrice": "000000.00",
            "costPrice": "000000.00",
            "status": "",
            "priceControl": "0",
            "unitMeasure": "  ",
            "saleRestriction": "Y",
            "keyNumber": "00",
            "isps": "0.0000",
            "facDes": "1.0000",
            "decimal": "F",
            "movementCode": "C",
            "movementFolio": "000000",
            "previousSaleDate": "000000.00",
            "cedisSupplier": "0000",
            "unitOfMeasure": "",
            "saleTaxCode": "IVA16 ",
            "subcategory": "",
            "segment": "",
            "subsegment": "",
            "effectiveDate": "20241014",
            "movementInternalFolio": "237939        ",
            "transactionalLevel": "ITM",
            "type": "",
            "returnableIndicator": "",
            "rounding": "   ",
            "fpgUds": "0000.00",
            "fpgCtd": "0000.00000",
            "merchandiseType": "MREGUL",
            "longDescription": "",
            "shrinkageType": "",
            "pricePerPackage": "",
            "unitQuantity": "",
            "taxValue": "0.0",
            "skuFactor": "0.0",
            "maxUnits": "",
            "assortmentLine": "",
            "replenishmentDate": "",
            "assortmentfrequency": "",
            "diasfre": "",
            "isAssortment": "",
            "isSalable": "",
            "transactionType": "93",
            "returnPeriod": "",
            "returnReasonCode": "",
            "returnMaxUnits": "",
            "effectiveStartDate": "",
            "effectiveEndDate": "",
            "shorTae": "",
            "parentSKU": "",
            "category": ""
        },
        {
            "lineNumber": "8",
            "code": "000000",
            "sku": "   7502294222210",
            "supplierCode": "00000",
            "shortDescription": "TAE PILLOFON $149        ",
            "piecesPerPackage": "0000",
            "taxRate": "00.00",
            "afeGpo": "00",
            "paiCode": "000",
            "famCode": "000",
            "salePrice": "000000.00",
            "costPrice": "000000.00",
            "status": "",
            "priceControl": "0",
            "unitMeasure": "  ",
            "saleRestriction": "Y",
            "keyNumber": "00",
            "isps": "0.0000",
            "facDes": "1.0000",
            "decimal": "F",
            "movementCode": "C",
            "movementFolio": "000000",
            "previousSaleDate": "000000.00",
            "cedisSupplier": "0000",
            "unitOfMeasure": "",
            "saleTaxCode": "IVA16 ",
            "subcategory": "",
            "segment": "",
            "subsegment": "",
            "effectiveDate": "20241014",
            "movementInternalFolio": "237939        ",
            "transactionalLevel": "ITM",
            "type": "",
            "returnableIndicator": "",
            "rounding": "   ",
            "fpgUds": "0000.00",
            "fpgCtd": "0000.00000",
            "merchandiseType": "MREGUL",
            "longDescription": "",
            "shrinkageType": "",
            "pricePerPackage": "",
            "unitQuantity": "",
            "taxValue": "0.0",
            "skuFactor": "0.0",
            "maxUnits": "",
            "assortmentLine": "",
            "replenishmentDate": "",
            "assortmentfrequency": "",
            "diasfre": "",
            "isAssortment": "",
            "isSalable": "",
            "transactionType": "93",
            "returnPeriod": "",
            "returnReasonCode": "",
            "returnMaxUnits": "",
            "effectiveStartDate": "",
            "effectiveEndDate": "",
            "shorTae": "",
            "parentSKU": "",
            "category": ""
        },
        {
            "lineNumber": "9",
            "code": "000000",
            "sku": "   7502294222210",
            "supplierCode": "00000",
            "shortDescription": "TAE PILLOFON $149        ",
            "piecesPerPackage": "0000",
            "taxRate": "00.00",
            "afeGpo": "00",
            "paiCode": "000",
            "famCode": "000",
            "salePrice": "000000.00",
            "costPrice": "000000.00",
            "status": "",
            "priceControl": "0",
            "unitMeasure": "  ",
            "saleRestriction": "Y",
            "keyNumber": "00",
            "isps": "0.0000",
            "facDes": "1.0000",
            "decimal": "F",
            "movementCode": "C",
            "movementFolio": "000000",
            "previousSaleDate": "000000.00",
            "cedisSupplier": "0000",
            "unitOfMeasure": "",
            "saleTaxCode": "IVA16 ",
            "subcategory": "",
            "segment": "",
            "subsegment": "",
            "effectiveDate": "20241014",
            "movementInternalFolio": "237939        ",
            "transactionalLevel": "ITM",
            "type": "",
            "returnableIndicator": "",
            "rounding": "   ",
            "fpgUds": "0000.00",
            "fpgCtd": "0000.00000",
            "merchandiseType": "MREGUL",
            "longDescription": "",
            "shrinkageType": "",
            "pricePerPackage": "",
            "unitQuantity": "",
            "taxValue": "0.0",
            "skuFactor": "0.0",
            "maxUnits": "",
            "assortmentLine": "",
            "replenishmentDate": "",
            "assortmentfrequency": "",
            "diasfre": "",
            "isAssortment": "",
            "isSalable": "",
            "transactionType": "93",
            "returnPeriod": "",
            "returnReasonCode": "",
            "returnMaxUnits": "",
            "effectiveStartDate": "",
            "effectiveEndDate": "",
            "shorTae": "",
            "parentSKU": "",
            "category": ""
        },
        {
            "lineNumber": "10",
            "code": "000000",
            "sku": "   7502294222227",
            "supplierCode": "00000",
            "shortDescription": "TAE PILLOFON $199        ",
            "piecesPerPackage": "0000",
            "taxRate": "00.00",
            "afeGpo": "00",
            "paiCode": "000",
            "famCode": "000",
            "salePrice": "000000.00",
            "costPrice": "000000.00",
            "status": "",
            "priceControl": "0",
            "unitMeasure": "  ",
            "saleRestriction": "Y",
            "keyNumber": "00",
            "isps": "0.0000",
            "facDes": "1.0000",
            "decimal": "F",
            "movementCode": "C",
            "movementFolio": "000000",
            "previousSaleDate": "000000.00",
            "cedisSupplier": "0000",
            "unitOfMeasure": "",
            "saleTaxCode": "IVA16 ",
            "subcategory": "",
            "segment": "",
            "subsegment": "",
            "effectiveDate": "20241014",
            "movementInternalFolio": "237939        ",
            "transactionalLevel": "ITM",
            "type": "",
            "returnableIndicator": "",
            "rounding": "   ",
            "fpgUds": "0000.00",
            "fpgCtd": "0000.00000",
            "merchandiseType": "MREGUL",
            "longDescription": "",
            "shrinkageType": "",
            "pricePerPackage": "",
            "unitQuantity": "",
            "taxValue": "0.0",
            "skuFactor": "0.0",
            "maxUnits": "",
            "assortmentLine": "",
            "replenishmentDate": "",
            "assortmentfrequency": "",
            "diasfre": "",
            "isAssortment": "",
            "isSalable": "",
            "transactionType": "93",
            "returnPeriod": "",
            "returnReasonCode": "",
            "returnMaxUnits": "",
            "effectiveStartDate": "",
            "effectiveEndDate": "",
            "shorTae": "",
            "parentSKU": "",
            "category": ""
        },
        {
            "lineNumber": "11",
            "code": "000000",
            "sku": "   7502294222227",
            "supplierCode": "00000",
            "shortDescription": "TAE PILLOFON $199        ",
            "piecesPerPackage": "0000",
            "taxRate": "00.00",
            "afeGpo": "00",
            "paiCode": "000",
            "famCode": "000",
            "salePrice": "000000.00",
            "costPrice": "000000.00",
            "status": "",
            "priceControl": "0",
            "unitMeasure": "  ",
            "saleRestriction": "Y",
            "keyNumber": "00",
            "isps": "0.0000",
            "facDes": "1.0000",
            "decimal": "F",
            "movementCode": "C",
            "movementFolio": "000000",
            "previousSaleDate": "000000.00",
            "cedisSupplier": "0000",
            "unitOfMeasure": "",
            "saleTaxCode": "IVA16 ",
            "subcategory": "",
            "segment": "",
            "subsegment": "",
            "effectiveDate": "20241014",
            "movementInternalFolio": "237939        ",
            "transactionalLevel": "ITM",
            "type": "",
            "returnableIndicator": "",
            "rounding": "   ",
            "fpgUds": "0000.00",
            "fpgCtd": "0000.00000",
            "merchandiseType": "MREGUL",
            "longDescription": "",
            "shrinkageType": "",
            "pricePerPackage": "",
            "unitQuantity": "",
            "taxValue": "0.0",
            "skuFactor": "0.0",
            "maxUnits": "",
            "assortmentLine": "",
            "replenishmentDate": "",
            "assortmentfrequency": "",
            "diasfre": "",
            "isAssortment": "",
            "isSalable": "",
            "transactionType": "93",
            "returnPeriod": "",
            "returnReasonCode": "",
            "returnMaxUnits": "",
            "effectiveStartDate": "",
            "effectiveEndDate": "",
            "shorTae": "",
            "parentSKU": "",
            "category": ""
        },
        {
            "lineNumber": "12",
            "code": "000000",
            "sku": "   7502294222234",
            "supplierCode": "00000",
            "shortDescription": "TAE PILLOFON $299        ",
            "piecesPerPackage": "0000",
            "taxRate": "00.00",
            "afeGpo": "00",
            "paiCode": "000",
            "famCode": "000",
            "salePrice": "000000.00",
            "costPrice": "000000.00",
            "status": "",
            "priceControl": "0",
            "unitMeasure": "  ",
            "saleRestriction": "Y",
            "keyNumber": "00",
            "isps": "0.0000",
            "facDes": "1.0000",
            "decimal": "F",
            "movementCode": "C",
            "movementFolio": "000000",
            "previousSaleDate": "000000.00",
            "cedisSupplier": "0000",
            "unitOfMeasure": "",
            "saleTaxCode": "IVA16 ",
            "subcategory": "",
            "segment": "",
            "subsegment": "",
            "effectiveDate": "20241014",
            "movementInternalFolio": "237939        ",
            "transactionalLevel": "ITM",
            "type": "",
            "returnableIndicator": "",
            "rounding": "   ",
            "fpgUds": "0000.00",
            "fpgCtd": "0000.00000",
            "merchandiseType": "MREGUL",
            "longDescription": "",
            "shrinkageType": "",
            "pricePerPackage": "",
            "unitQuantity": "",
            "taxValue": "0.0",
            "skuFactor": "0.0",
            "maxUnits": "",
            "assortmentLine": "",
            "replenishmentDate": "",
            "assortmentfrequency": "",
            "diasfre": "",
            "isAssortment": "",
            "isSalable": "",
            "transactionType": "93",
            "returnPeriod": "",
            "returnReasonCode": "",
            "returnMaxUnits": "",
            "effectiveStartDate": "",
            "effectiveEndDate": "",
            "shorTae": "",
            "parentSKU": "",
            "category": ""
        },
        {
            "lineNumber": "13",
            "code": "000000",
            "sku": "   7502294222234",
            "supplierCode": "00000",
            "shortDescription": "TAE PILLOFON $299        ",
            "piecesPerPackage": "0000",
            "taxRate": "00.00",
            "afeGpo": "00",
            "paiCode": "000",
            "famCode": "000",
            "salePrice": "000000.00",
            "costPrice": "000000.00",
            "status": "",
            "priceControl": "0",
            "unitMeasure": "  ",
            "saleRestriction": "Y",
            "keyNumber": "00",
            "isps": "0.0000",
            "facDes": "1.0000",
            "decimal": "F",
            "movementCode": "C",
            "movementFolio": "000000",
            "previousSaleDate": "000000.00",
            "cedisSupplier": "0000",
            "unitOfMeasure": "",
            "saleTaxCode": "IVA16 ",
            "subcategory": "",
            "segment": "",
            "subsegment": "",
            "effectiveDate": "20241014",
            "movementInternalFolio": "237939        ",
            "transactionalLevel": "ITM",
            "type": "",
            "returnableIndicator": "",
            "rounding": "   ",
            "fpgUds": "0000.00",
            "fpgCtd": "0000.00000",
            "merchandiseType": "MREGUL",
            "longDescription": "",
            "shrinkageType": "",
            "pricePerPackage": "",
            "unitQuantity": "",
            "taxValue": "0.0",
            "skuFactor": "0.0",
            "maxUnits": "",
            "assortmentLine": "",
            "replenishmentDate": "",
            "assortmentfrequency": "",
            "diasfre": "",
            "isAssortment": "",
            "isSalable": "",
            "transactionType": "93",
            "returnPeriod": "",
            "returnReasonCode": "",
            "returnMaxUnits": "",
            "effectiveStartDate": "",
            "effectiveEndDate": "",
            "shorTae": "",
            "parentSKU": "",
            "category": ""
        },
        {
            "lineNumber": "14",
            "code": "000000",
            "sku": "   7502294222241",
            "supplierCode": "00000",
            "shortDescription": "TAE PILLOFON $399        ",
            "piecesPerPackage": "0000",
            "taxRate": "00.00",
            "afeGpo": "00",
            "paiCode": "000",
            "famCode": "000",
            "salePrice": "000000.00",
            "costPrice": "000000.00",
            "status": "",
            "priceControl": "0",
            "unitMeasure": "  ",
            "saleRestriction": "Y",
            "keyNumber": "00",
            "isps": "0.0000",
            "facDes": "1.0000",
            "decimal": "F",
            "movementCode": "C",
            "movementFolio": "000000",
            "previousSaleDate": "000000.00",
            "cedisSupplier": "0000",
            "unitOfMeasure": "",
            "saleTaxCode": "IVA16 ",
            "subcategory": "",
            "segment": "",
            "subsegment": "",
            "effectiveDate": "20241014",
            "movementInternalFolio": "237939        ",
            "transactionalLevel": "ITM",
            "type": "",
            "returnableIndicator": "",
            "rounding": "   ",
            "fpgUds": "0000.00",
            "fpgCtd": "0000.00000",
            "merchandiseType": "MREGUL",
            "longDescription": "",
            "shrinkageType": "",
            "pricePerPackage": "",
            "unitQuantity": "",
            "taxValue": "0.0",
            "skuFactor": "0.0",
            "maxUnits": "",
            "assortmentLine": "",
            "replenishmentDate": "",
            "assortmentfrequency": "",
            "diasfre": "",
            "isAssortment": "",
            "isSalable": "",
            "transactionType": "93",
            "returnPeriod": "",
            "returnReasonCode": "",
            "returnMaxUnits": "",
            "effectiveStartDate": "",
            "effectiveEndDate": "",
            "shorTae": "",
            "parentSKU": "",
            "category": ""
        },
        {
            "lineNumber": "15",
            "code": "000000",
            "sku": "   7502294222241",
            "supplierCode": "00000",
            "shortDescription": "TAE PILLOFON $399        ",
            "piecesPerPackage": "0000",
            "taxRate": "00.00",
            "afeGpo": "00",
            "paiCode": "000",
            "famCode": "000",
            "salePrice": "000000.00",
            "costPrice": "000000.00",
            "status": "",
            "priceControl": "0",
            "unitMeasure": "  ",
            "saleRestriction": "Y",
            "keyNumber": "00",
            "isps": "0.0000",
            "facDes": "1.0000",
            "decimal": "F",
            "movementCode": "C",
            "movementFolio": "000000",
            "previousSaleDate": "000000.00",
            "cedisSupplier": "0000",
            "unitOfMeasure": "",
            "saleTaxCode": "IVA16 ",
            "subcategory": "",
            "segment": "",
            "subsegment": "",
            "effectiveDate": "20241014",
            "movementInternalFolio": "237939        ",
            "transactionalLevel": "ITM",
            "type": "",
            "returnableIndicator": "",
            "rounding": "   ",
            "fpgUds": "0000.00",
            "fpgCtd": "0000.00000",
            "merchandiseType": "MREGUL",
            "longDescription": "",
            "shrinkageType": "",
            "pricePerPackage": "",
            "unitQuantity": "",
            "taxValue": "0.0",
            "skuFactor": "0.0",
            "maxUnits": "",
            "assortmentLine": "",
            "replenishmentDate": "",
            "assortmentfrequency": "",
            "diasfre": "",
            "isAssortment": "",
            "isSalable": "",
            "transactionType": "93",
            "returnPeriod": "",
            "returnReasonCode": "",
            "returnMaxUnits": "",
            "effectiveStartDate": "",
            "effectiveEndDate": "",
            "shorTae": "",
            "parentSKU": "",
            "category": ""
        },
        {
            "lineNumber": "16",
            "code": "000000",
            "sku": "   7502294222258",
            "supplierCode": "00000",
            "shortDescription": "TAE PILLOFON $599        ",
            "piecesPerPackage": "0000",
            "taxRate": "00.00",
            "afeGpo": "00",
            "paiCode": "000",
            "famCode": "000",
            "salePrice": "000000.00",
            "costPrice": "000000.00",
            "status": "",
            "priceControl": "0",
            "unitMeasure": "  ",
            "saleRestriction": "Y",
            "keyNumber": "00",
            "isps": "0.0000",
            "facDes": "1.0000",
            "decimal": "F",
            "movementCode": "C",
            "movementFolio": "000000",
            "previousSaleDate": "000000.00",
            "cedisSupplier": "0000",
            "unitOfMeasure": "",
            "saleTaxCode": "IVA16 ",
            "subcategory": "",
            "segment": "",
            "subsegment": "",
            "effectiveDate": "20241014",
            "movementInternalFolio": "237939        ",
            "transactionalLevel": "ITM",
            "type": "",
            "returnableIndicator": "",
            "rounding": "   ",
            "fpgUds": "0000.00",
            "fpgCtd": "0000.00000",
            "merchandiseType": "MREGUL",
            "longDescription": "",
            "shrinkageType": "",
            "pricePerPackage": "",
            "unitQuantity": "",
            "taxValue": "0.0",
            "skuFactor": "0.0",
            "maxUnits": "",
            "assortmentLine": "",
            "replenishmentDate": "",
            "assortmentfrequency": "",
            "diasfre": "",
            "isAssortment": "",
            "isSalable": "",
            "transactionType": "93",
            "returnPeriod": "",
            "returnReasonCode": "",
            "returnMaxUnits": "",
            "effectiveStartDate": "",
            "effectiveEndDate": "",
            "shorTae": "",
            "parentSKU": "",
            "category": ""
        },
        {
            "lineNumber": "17",
            "code": "000000",
            "sku": "   7502294222258",
            "supplierCode": "00000",
            "shortDescription": "TAE PILLOFON $599        ",
            "piecesPerPackage": "0000",
            "taxRate": "00.00",
            "afeGpo": "00",
            "paiCode": "000",
            "famCode": "000",
            "salePrice": "000000.00",
            "costPrice": "000000.00",
            "status": "",
            "priceControl": "0",
            "unitMeasure": "  ",
            "saleRestriction": "Y",
            "keyNumber": "00",
            "isps": "0.0000",
            "facDes": "1.0000",
            "decimal": "F",
            "movementCode": "C",
            "movementFolio": "000000",
            "previousSaleDate": "000000.00",
            "cedisSupplier": "0000",
            "unitOfMeasure": "",
            "saleTaxCode": "IVA16 ",
            "subcategory": "",
            "segment": "",
            "subsegment": "",
            "effectiveDate": "20241014",
            "movementInternalFolio": "237939        ",
            "transactionalLevel": "ITM",
            "type": "",
            "returnableIndicator": "",
            "rounding": "   ",
            "fpgUds": "0000.00",
            "fpgCtd": "0000.00000",
            "merchandiseType": "MREGUL",
            "longDescription": "",
            "shrinkageType": "",
            "pricePerPackage": "",
            "unitQuantity": "",
            "taxValue": "0.0",
            "skuFactor": "0.0",
            "maxUnits": "",
            "assortmentLine": "",
            "replenishmentDate": "",
            "assortmentfrequency": "",
            "diasfre": "",
            "isAssortment": "",
            "isSalable": "",
            "transactionType": "93",
            "returnPeriod": "",
            "returnReasonCode": "",
            "returnMaxUnits": "",
            "effectiveStartDate": "",
            "effectiveEndDate": "",
            "shorTae": "",
            "parentSKU": "",
            "category": ""
        },
        {
            "lineNumber": "18",
            "code": "000000",
            "sku": "   7502294222838",
            "supplierCode": "00000",
            "shortDescription": "TAE MOBIG $40            ",
            "piecesPerPackage": "0000",
            "taxRate": "00.00",
            "afeGpo": "00",
            "paiCode": "000",
            "famCode": "000",
            "salePrice": "000000.00",
            "costPrice": "000000.00",
            "status": "",
            "priceControl": "0",
            "unitMeasure": "  ",
            "saleRestriction": "Y",
            "keyNumber": "00",
            "isps": "0.0000",
            "facDes": "1.0000",
            "decimal": "F",
            "movementCode": "C",
            "movementFolio": "000000",
            "previousSaleDate": "000000.00",
            "cedisSupplier": "0000",
            "unitOfMeasure": "",
            "saleTaxCode": "IVA16 ",
            "subcategory": "",
            "segment": "",
            "subsegment": "",
            "effectiveDate": "20241014",
            "movementInternalFolio": "237939        ",
            "transactionalLevel": "ITM",
            "type": "",
            "returnableIndicator": "",
            "rounding": "   ",
            "fpgUds": "0000.00",
            "fpgCtd": "0000.00000",
            "merchandiseType": "MREGUL",
            "longDescription": "",
            "shrinkageType": "",
            "pricePerPackage": "",
            "unitQuantity": "",
            "taxValue": "0.0",
            "skuFactor": "0.0",
            "maxUnits": "",
            "assortmentLine": "",
            "replenishmentDate": "",
            "assortmentfrequency": "",
            "diasfre": "",
            "isAssortment": "",
            "isSalable": "",
            "transactionType": "93",
            "returnPeriod": "",
            "returnReasonCode": "",
            "returnMaxUnits": "",
            "effectiveStartDate": "",
            "effectiveEndDate": "",
            "shorTae": "",
            "parentSKU": "",
            "category": ""
        },
        {
            "lineNumber": "19",
            "code": "000000",
            "sku": "   7502294222845",
            "supplierCode": "00000",
            "shortDescription": "TAE MOBIG $60            ",
            "piecesPerPackage": "0000",
            "taxRate": "00.00",
            "afeGpo": "00",
            "paiCode": "000",
            "famCode": "000",
            "salePrice": "000000.00",
            "costPrice": "000000.00",
            "status": "",
            "priceControl": "0",
            "unitMeasure": "  ",
            "saleRestriction": "Y",
            "keyNumber": "00",
            "isps": "0.0000",
            "facDes": "1.0000",
            "decimal": "F",
            "movementCode": "C",
            "movementFolio": "000000",
            "previousSaleDate": "000000.00",
            "cedisSupplier": "0000",
            "unitOfMeasure": "",
            "saleTaxCode": "IVA16 ",
            "subcategory": "",
            "segment": "",
            "subsegment": "",
            "effectiveDate": "20241014",
            "movementInternalFolio": "237939        ",
            "transactionalLevel": "ITM",
            "type": "",
            "returnableIndicator": "",
            "rounding": "   ",
            "fpgUds": "0000.00",
            "fpgCtd": "0000.00000",
            "merchandiseType": "MREGUL",
            "longDescription": "",
            "shrinkageType": "",
            "pricePerPackage": "",
            "unitQuantity": "",
            "taxValue": "0.0",
            "skuFactor": "0.0",
            "maxUnits": "",
            "assortmentLine": "",
            "replenishmentDate": "",
            "assortmentfrequency": "",
            "diasfre": "",
            "isAssortment": "",
            "isSalable": "",
            "transactionType": "93",
            "returnPeriod": "",
            "returnReasonCode": "",
            "returnMaxUnits": "",
            "effectiveStartDate": "",
            "effectiveEndDate": "",
            "shorTae": "",
            "parentSKU": "",
            "category": ""
        },
        {
            "lineNumber": "20",
            "code": "000000",
            "sku": "   7502294222852",
            "supplierCode": "00000",
            "shortDescription": "TAE MOBIG $100           ",
            "piecesPerPackage": "0000",
            "taxRate": "00.00",
            "afeGpo": "00",
            "paiCode": "000",
            "famCode": "000",
            "salePrice": "000000.00",
            "costPrice": "000000.00",
            "status": "",
            "priceControl": "0",
            "unitMeasure": "  ",
            "saleRestriction": "Y",
            "keyNumber": "00",
            "isps": "0.0000",
            "facDes": "1.0000",
            "decimal": "F",
            "movementCode": "C",
            "movementFolio": "000000",
            "previousSaleDate": "000000.00",
            "cedisSupplier": "0000",
            "unitOfMeasure": "",
            "saleTaxCode": "IVA16 ",
            "subcategory": "",
            "segment": "",
            "subsegment": "",
            "effectiveDate": "20241014",
            "movementInternalFolio": "237939        ",
            "transactionalLevel": "ITM",
            "type": "",
            "returnableIndicator": "",
            "rounding": "   ",
            "fpgUds": "0000.00",
            "fpgCtd": "0000.00000",
            "merchandiseType": "MREGUL",
            "longDescription": "",
            "shrinkageType": "",
            "pricePerPackage": "",
            "unitQuantity": "",
            "taxValue": "0.0",
            "skuFactor": "0.0",
            "maxUnits": "",
            "assortmentLine": "",
            "replenishmentDate": "",
            "assortmentfrequency": "",
            "diasfre": "",
            "isAssortment": "",
            "isSalable": "",
            "transactionType": "93",
            "returnPeriod": "",
            "returnReasonCode": "",
            "returnMaxUnits": "",
            "effectiveStartDate": "",
            "effectiveEndDate": "",
            "shorTae": "",
            "parentSKU": "",
            "category": ""
        },
        {
            "lineNumber": "21",
            "code": "000000",
            "sku": "   7502294222869",
            "supplierCode": "00000",
            "shortDescription": "TAE MOBIG $139           ",
            "piecesPerPackage": "0000",
            "taxRate": "00.00",
            "afeGpo": "00",
            "paiCode": "000",
            "famCode": "000",
            "salePrice": "000000.00",
            "costPrice": "000000.00",
            "status": "",
            "priceControl": "0",
            "unitMeasure": "  ",
            "saleRestriction": "Y",
            "keyNumber": "00",
            "isps": "0.0000",
            "facDes": "1.0000",
            "decimal": "F",
            "movementCode": "C",
            "movementFolio": "000000",
            "previousSaleDate": "000000.00",
            "cedisSupplier": "0000",
            "unitOfMeasure": "",
            "saleTaxCode": "IVA16 ",
            "subcategory": "",
            "segment": "",
            "subsegment": "",
            "effectiveDate": "20241014",
            "movementInternalFolio": "237939        ",
            "transactionalLevel": "ITM",
            "type": "",
            "returnableIndicator": "",
            "rounding": "   ",
            "fpgUds": "0000.00",
            "fpgCtd": "0000.00000",
            "merchandiseType": "MREGUL",
            "longDescription": "",
            "shrinkageType": "",
            "pricePerPackage": "",
            "unitQuantity": "",
            "taxValue": "0.0",
            "skuFactor": "0.0",
            "maxUnits": "",
            "assortmentLine": "",
            "replenishmentDate": "",
            "assortmentfrequency": "",
            "diasfre": "",
            "isAssortment": "",
            "isSalable": "",
            "transactionType": "93",
            "returnPeriod": "",
            "returnReasonCode": "",
            "returnMaxUnits": "",
            "effectiveStartDate": "",
            "effectiveEndDate": "",
            "shorTae": "",
            "parentSKU": "",
            "category": ""
        },
        {
            "lineNumber": "22",
            "code": "000000",
            "sku": "   7502294222876",
            "supplierCode": "00000",
            "shortDescription": "TAE MOBIG $149           ",
            "piecesPerPackage": "0000",
            "taxRate": "00.00",
            "afeGpo": "00",
            "paiCode": "000",
            "famCode": "000",
            "salePrice": "000000.00",
            "costPrice": "000000.00",
            "status": "",
            "priceControl": "0",
            "unitMeasure": "  ",
            "saleRestriction": "Y",
            "keyNumber": "00",
            "isps": "0.0000",
            "facDes": "1.0000",
            "decimal": "F",
            "movementCode": "C",
            "movementFolio": "000000",
            "previousSaleDate": "000000.00",
            "cedisSupplier": "0000",
            "unitOfMeasure": "",
            "saleTaxCode": "IVA16 ",
            "subcategory": "",
            "segment": "",
            "subsegment": "",
            "effectiveDate": "20241014",
            "movementInternalFolio": "237939        ",
            "transactionalLevel": "ITM",
            "type": "",
            "returnableIndicator": "",
            "rounding": "   ",
            "fpgUds": "0000.00",
            "fpgCtd": "0000.00000",
            "merchandiseType": "MREGUL",
            "longDescription": "",
            "shrinkageType": "",
            "pricePerPackage": "",
            "unitQuantity": "",
            "taxValue": "0.0",
            "skuFactor": "0.0",
            "maxUnits": "",
            "assortmentLine": "",
            "replenishmentDate": "",
            "assortmentfrequency": "",
            "diasfre": "",
            "isAssortment": "",
            "isSalable": "",
            "transactionType": "93",
            "returnPeriod": "",
            "returnReasonCode": "",
            "returnMaxUnits": "",
            "effectiveStartDate": "",
            "effectiveEndDate": "",
            "shorTae": "",
            "parentSKU": "",
            "category": ""
        },
        {
            "lineNumber": "23",
            "code": "000000",
            "sku": "   7502294222876",
            "supplierCode": "00000",
            "shortDescription": "TAE MOBIG $149           ",
            "piecesPerPackage": "0000",
            "taxRate": "00.00",
            "afeGpo": "00",
            "paiCode": "000",
            "famCode": "000",
            "salePrice": "000000.00",
            "costPrice": "000000.00",
            "status": "",
            "priceControl": "0",
            "unitMeasure": "  ",
            "saleRestriction": "Y",
            "keyNumber": "00",
            "isps": "0.0000",
            "facDes": "1.0000",
            "decimal": "F",
            "movementCode": "C",
            "movementFolio": "000000",
            "previousSaleDate": "000000.00",
            "cedisSupplier": "0000",
            "unitOfMeasure": "",
            "saleTaxCode": "IVA16 ",
            "subcategory": "",
            "segment": "",
            "subsegment": "",
            "effectiveDate": "20241014",
            "movementInternalFolio": "237939        ",
            "transactionalLevel": "ITM",
            "type": "",
            "returnableIndicator": "",
            "rounding": "   ",
            "fpgUds": "0000.00",
            "fpgCtd": "0000.00000",
            "merchandiseType": "MREGUL",
            "longDescription": "",
            "shrinkageType": "",
            "pricePerPackage": "",
            "unitQuantity": "",
            "taxValue": "0.0",
            "skuFactor": "0.0",
            "maxUnits": "",
            "assortmentLine": "",
            "replenishmentDate": "",
            "assortmentfrequency": "",
            "diasfre": "",
            "isAssortment": "",
            "isSalable": "",
            "transactionType": "93",
            "returnPeriod": "",
            "returnReasonCode": "",
            "returnMaxUnits": "",
            "effectiveStartDate": "",
            "effectiveEndDate": "",
            "shorTae": "",
            "parentSKU": "",
            "category": ""
        },
        {
            "lineNumber": "24",
            "code": "000000",
            "sku": "   7502294222883",
            "supplierCode": "00000",
            "shortDescription": "TAE MOBIG $229           ",
            "piecesPerPackage": "0000",
            "taxRate": "00.00",
            "afeGpo": "00",
            "paiCode": "000",
            "famCode": "000",
            "salePrice": "000000.00",
            "costPrice": "000000.00",
            "status": "",
            "priceControl": "0",
            "unitMeasure": "  ",
            "saleRestriction": "Y",
            "keyNumber": "00",
            "isps": "0.0000",
            "facDes": "1.0000",
            "decimal": "F",
            "movementCode": "C",
            "movementFolio": "000000",
            "previousSaleDate": "000000.00",
            "cedisSupplier": "0000",
            "unitOfMeasure": "",
            "saleTaxCode": "IVA16 ",
            "subcategory": "",
            "segment": "",
            "subsegment": "",
            "effectiveDate": "20241014",
            "movementInternalFolio": "237939        ",
            "transactionalLevel": "ITM",
            "type": "",
            "returnableIndicator": "",
            "rounding": "   ",
            "fpgUds": "0000.00",
            "fpgCtd": "0000.00000",
            "merchandiseType": "MREGUL",
            "longDescription": "",
            "shrinkageType": "",
            "pricePerPackage": "",
            "unitQuantity": "",
            "taxValue": "0.0",
            "skuFactor": "0.0",
            "maxUnits": "",
            "assortmentLine": "",
            "replenishmentDate": "",
            "assortmentfrequency": "",
            "diasfre": "",
            "isAssortment": "",
            "isSalable": "",
            "transactionType": "93",
            "returnPeriod": "",
            "returnReasonCode": "",
            "returnMaxUnits": "",
            "effectiveStartDate": "",
            "effectiveEndDate": "",
            "shorTae": "",
            "parentSKU": "",
            "category": ""
        },
        {
            "lineNumber": "25",
            "code": "000000",
            "sku": "   7502294222906",
            "supplierCode": "00000",
            "shortDescription": "TAE MOBIG $249           ",
            "piecesPerPackage": "0000",
            "taxRate": "00.00",
            "afeGpo": "00",
            "paiCode": "000",
            "famCode": "000",
            "salePrice": "000000.00",
            "costPrice": "000000.00",
            "status": "",
            "priceControl": "0",
            "unitMeasure": "  ",
            "saleRestriction": "Y",
            "keyNumber": "00",
            "isps": "0.0000",
            "facDes": "1.0000",
            "decimal": "F",
            "movementCode": "C",
            "movementFolio": "000000",
            "previousSaleDate": "000000.00",
            "cedisSupplier": "0000",
            "unitOfMeasure": "",
            "saleTaxCode": "IVA16 ",
            "subcategory": "",
            "segment": "",
            "subsegment": "",
            "effectiveDate": "20241014",
            "movementInternalFolio": "237939        ",
            "transactionalLevel": "ITM",
            "type": "",
            "returnableIndicator": "",
            "rounding": "   ",
            "fpgUds": "0000.00",
            "fpgCtd": "0000.00000",
            "merchandiseType": "MREGUL",
            "longDescription": "",
            "shrinkageType": "",
            "pricePerPackage": "",
            "unitQuantity": "",
            "taxValue": "0.0",
            "skuFactor": "0.0",
            "maxUnits": "",
            "assortmentLine": "",
            "replenishmentDate": "",
            "assortmentfrequency": "",
            "diasfre": "",
            "isAssortment": "",
            "isSalable": "",
            "transactionType": "93",
            "returnPeriod": "",
            "returnReasonCode": "",
            "returnMaxUnits": "",
            "effectiveStartDate": "",
            "effectiveEndDate": "",
            "shorTae": "",
            "parentSKU": "",
            "category": ""
        },
        {
            "lineNumber": "26",
            "code": "000000",
            "sku": "   7502294222906",
            "supplierCode": "00000",
            "shortDescription": "TAE MOBIG $249           ",
            "piecesPerPackage": "0000",
            "taxRate": "00.00",
            "afeGpo": "00",
            "paiCode": "000",
            "famCode": "000",
            "salePrice": "000000.00",
            "costPrice": "000000.00",
            "status": "",
            "priceControl": "0",
            "unitMeasure": "  ",
            "saleRestriction": "Y",
            "keyNumber": "00",
            "isps": "0.0000",
            "facDes": "1.0000",
            "decimal": "F",
            "movementCode": "C",
            "movementFolio": "000000",
            "previousSaleDate": "000000.00",
            "cedisSupplier": "0000",
            "unitOfMeasure": "",
            "saleTaxCode": "IVA16 ",
            "subcategory": "",
            "segment": "",
            "subsegment": "",
            "effectiveDate": "20241014",
            "movementInternalFolio": "237939        ",
            "transactionalLevel": "ITM",
            "type": "",
            "returnableIndicator": "",
            "rounding": "   ",
            "fpgUds": "0000.00",
            "fpgCtd": "0000.00000",
            "merchandiseType": "MREGUL",
            "longDescription": "",
            "shrinkageType": "",
            "pricePerPackage": "",
            "unitQuantity": "",
            "taxValue": "0.0",
            "skuFactor": "0.0",
            "maxUnits": "",
            "assortmentLine": "",
            "replenishmentDate": "",
            "assortmentfrequency": "",
            "diasfre": "",
            "isAssortment": "",
            "isSalable": "",
            "transactionType": "93",
            "returnPeriod": "",
            "returnReasonCode": "",
            "returnMaxUnits": "",
            "effectiveStartDate": "",
            "effectiveEndDate": "",
            "shorTae": "",
            "parentSKU": "",
            "category": ""
        },
        {
            "lineNumber": "27",
            "code": "000000",
            "sku": "   7502294222913",
            "supplierCode": "00000",
            "shortDescription": "TAE MOBIG $339           ",
            "piecesPerPackage": "0000",
            "taxRate": "00.00",
            "afeGpo": "00",
            "paiCode": "000",
            "famCode": "000",
            "salePrice": "000000.00",
            "costPrice": "000000.00",
            "status": "",
            "priceControl": "0",
            "unitMeasure": "  ",
            "saleRestriction": "Y",
            "keyNumber": "00",
            "isps": "0.0000",
            "facDes": "1.0000",
            "decimal": "F",
            "movementCode": "C",
            "movementFolio": "000000",
            "previousSaleDate": "000000.00",
            "cedisSupplier": "0000",
            "unitOfMeasure": "",
            "saleTaxCode": "IVA16 ",
            "subcategory": "",
            "segment": "",
            "subsegment": "",
            "effectiveDate": "20241014",
            "movementInternalFolio": "237939        ",
            "transactionalLevel": "ITM",
            "type": "",
            "returnableIndicator": "",
            "rounding": "   ",
            "fpgUds": "0000.00",
            "fpgCtd": "0000.00000",
            "merchandiseType": "MREGUL",
            "longDescription": "",
            "shrinkageType": "",
            "pricePerPackage": "",
            "unitQuantity": "",
            "taxValue": "0.0",
            "skuFactor": "0.0",
            "maxUnits": "",
            "assortmentLine": "",
            "replenishmentDate": "",
            "assortmentfrequency": "",
            "diasfre": "",
            "isAssortment": "",
            "isSalable": "",
            "transactionType": "93",
            "returnPeriod": "",
            "returnReasonCode": "",
            "returnMaxUnits": "",
            "effectiveStartDate": "",
            "effectiveEndDate": "",
            "shorTae": "",
            "parentSKU": "",
            "category": ""
        },
        {
            "lineNumber": "28",
            "code": "000000",
            "sku": "   7502294222920",
            "supplierCode": "00000",
            "shortDescription": "TAE MOBIG $349           ",
            "piecesPerPackage": "0000",
            "taxRate": "00.00",
            "afeGpo": "00",
            "paiCode": "000",
            "famCode": "000",
            "salePrice": "000000.00",
            "costPrice": "000000.00",
            "status": "",
            "priceControl": "0",
            "unitMeasure": "  ",
            "saleRestriction": "Y",
            "keyNumber": "00",
            "isps": "0.0000",
            "facDes": "1.0000",
            "decimal": "F",
            "movementCode": "C",
            "movementFolio": "000000",
            "previousSaleDate": "000000.00",
            "cedisSupplier": "0000",
            "unitOfMeasure": "",
            "saleTaxCode": "IVA16 ",
            "subcategory": "",
            "segment": "",
            "subsegment": "",
            "effectiveDate": "20241014",
            "movementInternalFolio": "237939        ",
            "transactionalLevel": "ITM",
            "type": "",
            "returnableIndicator": "",
            "rounding": "   ",
            "fpgUds": "0000.00",
            "fpgCtd": "0000.00000",
            "merchandiseType": "MREGUL",
            "longDescription": "",
            "shrinkageType": "",
            "pricePerPackage": "",
            "unitQuantity": "",
            "taxValue": "0.0",
            "skuFactor": "0.0",
            "maxUnits": "",
            "assortmentLine": "",
            "replenishmentDate": "",
            "assortmentfrequency": "",
            "diasfre": "",
            "isAssortment": "",
            "isSalable": "",
            "transactionType": "93",
            "returnPeriod": "",
            "returnReasonCode": "",
            "returnMaxUnits": "",
            "effectiveStartDate": "",
            "effectiveEndDate": "",
            "shorTae": "",
            "parentSKU": "",
            "category": ""
        },
        {
            "lineNumber": "29",
            "code": "000000",
            "sku": "   7502294222920",
            "supplierCode": "00000",
            "shortDescription": "TAE MOBIG $349           ",
            "piecesPerPackage": "0000",
            "taxRate": "00.00",
            "afeGpo": "00",
            "paiCode": "000",
            "famCode": "000",
            "salePrice": "000000.00",
            "costPrice": "000000.00",
            "status": "",
            "priceControl": "0",
            "unitMeasure": "  ",
            "saleRestriction": "Y",
            "keyNumber": "00",
            "isps": "0.0000",
            "facDes": "1.0000",
            "decimal": "F",
            "movementCode": "C",
            "movementFolio": "000000",
            "previousSaleDate": "000000.00",
            "cedisSupplier": "0000",
            "unitOfMeasure": "",
            "saleTaxCode": "IVA16 ",
            "subcategory": "",
            "segment": "",
            "subsegment": "",
            "effectiveDate": "20241014",
            "movementInternalFolio": "237939        ",
            "transactionalLevel": "ITM",
            "type": "",
            "returnableIndicator": "",
            "rounding": "   ",
            "fpgUds": "0000.00",
            "fpgCtd": "0000.00000",
            "merchandiseType": "MREGUL",
            "longDescription": "",
            "shrinkageType": "",
            "pricePerPackage": "",
            "unitQuantity": "",
            "taxValue": "0.0",
            "skuFactor": "0.0",
            "maxUnits": "",
            "assortmentLine": "",
            "replenishmentDate": "",
            "assortmentfrequency": "",
            "diasfre": "",
            "isAssortment": "",
            "isSalable": "",
            "transactionType": "93",
            "returnPeriod": "",
            "returnReasonCode": "",
            "returnMaxUnits": "",
            "effectiveStartDate": "",
            "effectiveEndDate": "",
            "shorTae": "",
            "parentSKU": "",
            "category": ""
        },
        {
            "lineNumber": "30",
            "code": "000000",
            "sku": "   7502294222937",
            "supplierCode": "00000",
            "shortDescription": "TAE MOBIG $549           ",
            "piecesPerPackage": "0000",
            "taxRate": "00.00",
            "afeGpo": "00",
            "paiCode": "000",
            "famCode": "000",
            "salePrice": "000000.00",
            "costPrice": "000000.00",
            "status": "",
            "priceControl": "0",
            "unitMeasure": "  ",
            "saleRestriction": "Y",
            "keyNumber": "00",
            "isps": "0.0000",
            "facDes": "1.0000",
            "decimal": "F",
            "movementCode": "C",
            "movementFolio": "000000",
            "previousSaleDate": "000000.00",
            "cedisSupplier": "0000",
            "unitOfMeasure": "",
            "saleTaxCode": "IVA16 ",
            "subcategory": "",
            "segment": "",
            "subsegment": "",
            "effectiveDate": "20241014",
            "movementInternalFolio": "237939        ",
            "transactionalLevel": "ITM",
            "type": "",
            "returnableIndicator": "",
            "rounding": "   ",
            "fpgUds": "0000.00",
            "fpgCtd": "0000.00000",
            "merchandiseType": "MREGUL",
            "longDescription": "",
            "shrinkageType": "",
            "pricePerPackage": "",
            "unitQuantity": "",
            "taxValue": "0.0",
            "skuFactor": "0.0",
            "maxUnits": "",
            "assortmentLine": "",
            "replenishmentDate": "",
            "assortmentfrequency": "",
            "diasfre": "",
            "isAssortment": "",
            "isSalable": "",
            "transactionType": "93",
            "returnPeriod": "",
            "returnReasonCode": "",
            "returnMaxUnits": "",
            "effectiveStartDate": "",
            "effectiveEndDate": "",
            "shorTae": "",
            "parentSKU": "",
            "category": ""
        },
        {
            "lineNumber": "31",
            "code": "000000",
            "sku": "   7502294222937",
            "supplierCode": "00000",
            "shortDescription": "TAE MOBIG $549           ",
            "piecesPerPackage": "0000",
            "taxRate": "00.00",
            "afeGpo": "00",
            "paiCode": "000",
            "famCode": "000",
            "salePrice": "000000.00",
            "costPrice": "000000.00",
            "status": "",
            "priceControl": "0",
            "unitMeasure": "  ",
            "saleRestriction": "Y",
            "keyNumber": "00",
            "isps": "0.0000",
            "facDes": "1.0000",
            "decimal": "F",
            "movementCode": "C",
            "movementFolio": "000000",
            "previousSaleDate": "000000.00",
            "cedisSupplier": "0000",
            "unitOfMeasure": "",
            "saleTaxCode": "IVA16 ",
            "subcategory": "",
            "segment": "",
            "subsegment": "",
            "effectiveDate": "20241014",
            "movementInternalFolio": "237939        ",
            "transactionalLevel": "ITM",
            "type": "",
            "returnableIndicator": "",
            "rounding": "   ",
            "fpgUds": "0000.00",
            "fpgCtd": "0000.00000",
            "merchandiseType": "MREGUL",
            "longDescription": "",
            "shrinkageType": "",
            "pricePerPackage": "",
            "unitQuantity": "",
            "taxValue": "0.0",
            "skuFactor": "0.0",
            "maxUnits": "",
            "assortmentLine": "",
            "replenishmentDate": "",
            "assortmentfrequency": "",
            "diasfre": "",
            "isAssortment": "",
            "isSalable": "",
            "transactionType": "93",
            "returnPeriod": "",
            "returnReasonCode": "",
            "returnMaxUnits": "",
            "effectiveStartDate": "",
            "effectiveEndDate": "",
            "shorTae": "",
            "parentSKU": "",
            "category": ""
        },
        {
            "lineNumber": "32",
            "code": "000000",
            "sku": "   7502294225495",
            "supplierCode": "00000",
            "shortDescription": "TAE NETWEY $45           ",
            "piecesPerPackage": "0000",
            "taxRate": "00.00",
            "afeGpo": "00",
            "paiCode": "000",
            "famCode": "000",
            "salePrice": "000000.00",
            "costPrice": "000000.00",
            "status": "",
            "priceControl": "0",
            "unitMeasure": "  ",
            "saleRestriction": "Y",
            "keyNumber": "00",
            "isps": "0.0000",
            "facDes": "1.0000",
            "decimal": "F",
            "movementCode": "C",
            "movementFolio": "000000",
            "previousSaleDate": "000000.00",
            "cedisSupplier": "0000",
            "unitOfMeasure": "",
            "saleTaxCode": "IVA16 ",
            "subcategory": "",
            "segment": "",
            "subsegment": "",
            "effectiveDate": "20241014",
            "movementInternalFolio": "237939        ",
            "transactionalLevel": "ITM",
            "type": "",
            "returnableIndicator": "",
            "rounding": "   ",
            "fpgUds": "0000.00",
            "fpgCtd": "0000.00000",
            "merchandiseType": "VIRTUA",
            "longDescription": "",
            "shrinkageType": "",
            "pricePerPackage": "",
            "unitQuantity": "",
            "taxValue": "0.0",
            "skuFactor": "0.0",
            "maxUnits": "",
            "assortmentLine": "",
            "replenishmentDate": "",
            "assortmentfrequency": "",
            "diasfre": "",
            "isAssortment": "",
            "isSalable": "",
            "transactionType": "93",
            "returnPeriod": "",
            "returnReasonCode": "",
            "returnMaxUnits": "",
            "effectiveStartDate": "",
            "effectiveEndDate": "",
            "shorTae": "",
            "parentSKU": "",
            "category": ""
        },
        {
            "lineNumber": "33",
            "code": "000000",
            "sku": "   7502294225501",
            "supplierCode": "00000",
            "shortDescription": "TAE NETWEY $75           ",
            "piecesPerPackage": "0000",
            "taxRate": "00.00",
            "afeGpo": "00",
            "paiCode": "000",
            "famCode": "000",
            "salePrice": "000000.00",
            "costPrice": "000000.00",
            "status": "",
            "priceControl": "0",
            "unitMeasure": "  ",
            "saleRestriction": "Y",
            "keyNumber": "00",
            "isps": "0.0000",
            "facDes": "1.0000",
            "decimal": "F",
            "movementCode": "C",
            "movementFolio": "000000",
            "previousSaleDate": "000000.00",
            "cedisSupplier": "0000",
            "unitOfMeasure": "",
            "saleTaxCode": "IVA16 ",
            "subcategory": "",
            "segment": "",
            "subsegment": "",
            "effectiveDate": "20241014",
            "movementInternalFolio": "237939        ",
            "transactionalLevel": "ITM",
            "type": "",
            "returnableIndicator": "",
            "rounding": "   ",
            "fpgUds": "0000.00",
            "fpgCtd": "0000.00000",
            "merchandiseType": "VIRTUA",
            "longDescription": "",
            "shrinkageType": "",
            "pricePerPackage": "",
            "unitQuantity": "",
            "taxValue": "0.0",
            "skuFactor": "0.0",
            "maxUnits": "",
            "assortmentLine": "",
            "replenishmentDate": "",
            "assortmentfrequency": "",
            "diasfre": "",
            "isAssortment": "",
            "isSalable": "",
            "transactionType": "93",
            "returnPeriod": "",
            "returnReasonCode": "",
            "returnMaxUnits": "",
            "effectiveStartDate": "",
            "effectiveEndDate": "",
            "shorTae": "",
            "parentSKU": "",
            "category": ""
        },
        {
            "lineNumber": "34",
            "code": "000000",
            "sku": "   7502294225518",
            "supplierCode": "00000",
            "shortDescription": "TAE NETWEY $150          ",
            "piecesPerPackage": "0000",
            "taxRate": "00.00",
            "afeGpo": "00",
            "paiCode": "000",
            "famCode": "000",
            "salePrice": "000000.00",
            "costPrice": "000000.00",
            "status": "",
            "priceControl": "0",
            "unitMeasure": "  ",
            "saleRestriction": "Y",
            "keyNumber": "00",
            "isps": "0.0000",
            "facDes": "1.0000",
            "decimal": "F",
            "movementCode": "C",
            "movementFolio": "000000",
            "previousSaleDate": "000000.00",
            "cedisSupplier": "0000",
            "unitOfMeasure": "",
            "saleTaxCode": "IVA16 ",
            "subcategory": "",
            "segment": "",
            "subsegment": "",
            "effectiveDate": "20241014",
            "movementInternalFolio": "237939        ",
            "transactionalLevel": "ITM",
            "type": "",
            "returnableIndicator": "",
            "rounding": "   ",
            "fpgUds": "0000.00",
            "fpgCtd": "0000.00000",
            "merchandiseType": "VIRTUA",
            "longDescription": "",
            "shrinkageType": "",
            "pricePerPackage": "",
            "unitQuantity": "",
            "taxValue": "0.0",
            "skuFactor": "0.0",
            "maxUnits": "",
            "assortmentLine": "",
            "replenishmentDate": "",
            "assortmentfrequency": "",
            "diasfre": "",
            "isAssortment": "",
            "isSalable": "",
            "transactionType": "93",
            "returnPeriod": "",
            "returnReasonCode": "",
            "returnMaxUnits": "",
            "effectiveStartDate": "",
            "effectiveEndDate": "",
            "shorTae": "",
            "parentSKU": "",
            "category": ""
        },
        {
            "lineNumber": "35",
            "code": "000000",
            "sku": "   7502294225600",
            "supplierCode": "00000",
            "shortDescription": "TAE PILLOFON $200        ",
            "piecesPerPackage": "0000",
            "taxRate": "00.00",
            "afeGpo": "00",
            "paiCode": "000",
            "famCode": "000",
            "salePrice": "000000.00",
            "costPrice": "000000.00",
            "status": "",
            "priceControl": "0",
            "unitMeasure": "  ",
            "saleRestriction": "Y",
            "keyNumber": "00",
            "isps": "0.0000",
            "facDes": "1.0000",
            "decimal": "F",
            "movementCode": "C",
            "movementFolio": "000000",
            "previousSaleDate": "000000.00",
            "cedisSupplier": "0000",
            "unitOfMeasure": "",
            "saleTaxCode": "IVA16 ",
            "subcategory": "",
            "segment": "",
            "subsegment": "",
            "effectiveDate": "20241014",
            "movementInternalFolio": "237939        ",
            "transactionalLevel": "ITM",
            "type": "",
            "returnableIndicator": "",
            "rounding": "   ",
            "fpgUds": "0000.00",
            "fpgCtd": "0000.00000",
            "merchandiseType": "VIRTUA",
            "longDescription": "",
            "shrinkageType": "",
            "pricePerPackage": "",
            "unitQuantity": "",
            "taxValue": "0.0",
            "skuFactor": "0.0",
            "maxUnits": "",
            "assortmentLine": "",
            "replenishmentDate": "",
            "assortmentfrequency": "",
            "diasfre": "",
            "isAssortment": "",
            "isSalable": "",
            "transactionType": "93",
            "returnPeriod": "",
            "returnReasonCode": "",
            "returnMaxUnits": "",
            "effectiveStartDate": "",
            "effectiveEndDate": "",
            "shorTae": "",
            "parentSKU": "",
            "category": ""
        },
        {
            "lineNumber": "36",
            "code": "000000",
            "sku": "   7502294225617",
            "supplierCode": "00000",
            "shortDescription": "TAE PILLOFON $300        ",
            "piecesPerPackage": "0000",
            "taxRate": "00.00",
            "afeGpo": "00",
            "paiCode": "000",
            "famCode": "000",
            "salePrice": "000000.00",
            "costPrice": "000000.00",
            "status": "",
            "priceControl": "0",
            "unitMeasure": "  ",
            "saleRestriction": "Y",
            "keyNumber": "00",
            "isps": "0.0000",
            "facDes": "1.0000",
            "decimal": "F",
            "movementCode": "C",
            "movementFolio": "000000",
            "previousSaleDate": "000000.00",
            "cedisSupplier": "0000",
            "unitOfMeasure": "",
            "saleTaxCode": "IVA16 ",
            "subcategory": "",
            "segment": "",
            "subsegment": "",
            "effectiveDate": "20241014",
            "movementInternalFolio": "237939        ",
            "transactionalLevel": "ITM",
            "type": "",
            "returnableIndicator": "",
            "rounding": "   ",
            "fpgUds": "0000.00",
            "fpgCtd": "0000.00000",
            "merchandiseType": "VIRTUA",
            "longDescription": "",
            "shrinkageType": "",
            "pricePerPackage": "",
            "unitQuantity": "",
            "taxValue": "0.0",
            "skuFactor": "0.0",
            "maxUnits": "",
            "assortmentLine": "",
            "replenishmentDate": "",
            "assortmentfrequency": "",
            "diasfre": "",
            "isAssortment": "",
            "isSalable": "",
            "transactionType": "93",
            "returnPeriod": "",
            "returnReasonCode": "",
            "returnMaxUnits": "",
            "effectiveStartDate": "",
            "effectiveEndDate": "",
            "shorTae": "",
            "parentSKU": "",
            "category": ""
        },
        {
            "lineNumber": "37",
            "code": "000000",
            "sku": "   7502294225624",
            "supplierCode": "00000",
            "shortDescription": "TAE PILLOFON $350        ",
            "piecesPerPackage": "0000",
            "taxRate": "00.00",
            "afeGpo": "00",
            "paiCode": "000",
            "famCode": "000",
            "salePrice": "000000.00",
            "costPrice": "000000.00",
            "status": "",
            "priceControl": "0",
            "unitMeasure": "  ",
            "saleRestriction": "Y",
            "keyNumber": "00",
            "isps": "0.0000",
            "facDes": "1.0000",
            "decimal": "F",
            "movementCode": "C",
            "movementFolio": "000000",
            "previousSaleDate": "000000.00",
            "cedisSupplier": "0000",
            "unitOfMeasure": "",
            "saleTaxCode": "IVA16 ",
            "subcategory": "",
            "segment": "",
            "subsegment": "",
            "effectiveDate": "20241014",
            "movementInternalFolio": "237939        ",
            "transactionalLevel": "ITM",
            "type": "",
            "returnableIndicator": "",
            "rounding": "   ",
            "fpgUds": "0000.00",
            "fpgCtd": "0000.00000",
            "merchandiseType": "VIRTUA",
            "longDescription": "",
            "shrinkageType": "",
            "pricePerPackage": "",
            "unitQuantity": "",
            "taxValue": "0.0",
            "skuFactor": "0.0",
            "maxUnits": "",
            "assortmentLine": "",
            "replenishmentDate": "",
            "assortmentfrequency": "",
            "diasfre": "",
            "isAssortment": "",
            "isSalable": "",
            "transactionType": "93",
            "returnPeriod": "",
            "returnReasonCode": "",
            "returnMaxUnits": "",
            "effectiveStartDate": "",
            "effectiveEndDate": "",
            "shorTae": "",
            "parentSKU": "",
            "category": ""
        },
        {
            "lineNumber": "38",
            "code": "000000",
            "sku": "   7502294225631",
            "supplierCode": "00000",
            "shortDescription": "TAE PILLOFON $420        ",
            "piecesPerPackage": "0000",
            "taxRate": "00.00",
            "afeGpo": "00",
            "paiCode": "000",
            "famCode": "000",
            "salePrice": "000000.00",
            "costPrice": "000000.00",
            "status": "",
            "priceControl": "0",
            "unitMeasure": "  ",
            "saleRestriction": "Y",
            "keyNumber": "00",
            "isps": "0.0000",
            "facDes": "1.0000",
            "decimal": "F",
            "movementCode": "C",
            "movementFolio": "000000",
            "previousSaleDate": "000000.00",
            "cedisSupplier": "0000",
            "unitOfMeasure": "",
            "saleTaxCode": "IVA16 ",
            "subcategory": "",
            "segment": "",
            "subsegment": "",
            "effectiveDate": "20241014",
            "movementInternalFolio": "237939        ",
            "transactionalLevel": "ITM",
            "type": "",
            "returnableIndicator": "",
            "rounding": "   ",
            "fpgUds": "0000.00",
            "fpgCtd": "0000.00000",
            "merchandiseType": "VIRTUA",
            "longDescription": "",
            "shrinkageType": "",
            "pricePerPackage": "",
            "unitQuantity": "",
            "taxValue": "0.0",
            "skuFactor": "0.0",
            "maxUnits": "",
            "assortmentLine": "",
            "replenishmentDate": "",
            "assortmentfrequency": "",
            "diasfre": "",
            "isAssortment": "",
            "isSalable": "",
            "transactionType": "93",
            "returnPeriod": "",
            "returnReasonCode": "",
            "returnMaxUnits": "",
            "effectiveStartDate": "",
            "effectiveEndDate": "",
            "shorTae": "",
            "parentSKU": "",
            "category": ""
        },
        {
            "lineNumber": "39",
            "code": "000000",
            "sku": "   7502294225648",
            "supplierCode": "00000",
            "shortDescription": "TAE PILLOFON $600        ",
            "piecesPerPackage": "0000",
            "taxRate": "00.00",
            "afeGpo": "00",
            "paiCode": "000",
            "famCode": "000",
            "salePrice": "000000.00",
            "costPrice": "000000.00",
            "status": "",
            "priceControl": "0",
            "unitMeasure": "  ",
            "saleRestriction": "Y",
            "keyNumber": "00",
            "isps": "0.0000",
            "facDes": "1.0000",
            "decimal": "F",
            "movementCode": "C",
            "movementFolio": "000000",
            "previousSaleDate": "000000.00",
            "cedisSupplier": "0000",
            "unitOfMeasure": "",
            "saleTaxCode": "IVA16 ",
            "subcategory": "",
            "segment": "",
            "subsegment": "",
            "effectiveDate": "20241014",
            "movementInternalFolio": "237939        ",
            "transactionalLevel": "ITM",
            "type": "",
            "returnableIndicator": "",
            "rounding": "   ",
            "fpgUds": "0000.00",
            "fpgCtd": "0000.00000",
            "merchandiseType": "VIRTUA",
            "longDescription": "",
            "shrinkageType": "",
            "pricePerPackage": "",
            "unitQuantity": "",
            "taxValue": "0.0",
            "skuFactor": "0.0",
            "maxUnits": "",
            "assortmentLine": "",
            "replenishmentDate": "",
            "assortmentfrequency": "",
            "diasfre": "",
            "isAssortment": "",
            "isSalable": "",
            "transactionType": "93",
            "returnPeriod": "",
            "returnReasonCode": "",
            "returnMaxUnits": "",
            "effectiveStartDate": "",
            "effectiveEndDate": "",
            "shorTae": "",
            "parentSKU": "",
            "category": ""
        }
    ]
}