{
    "organizationCountry": "MX",
    "organizationName": "FEMSA Comercio",
    "businessName": "OXXO",
    "departmentId": "12NEO",
    "storeId": "52RSW",
    "numberOfRecords": "10",
    "searchId": "000000000000000000000000",
    "searchDate": "2024-11-07 20:52:10",
    "promotions": [
        {
            "lineNumber": "1",
            "folio": "  19705276",
            "itemCategory": " 1",
            "type": "03",
            "startDate": "20241030",
            "endDate": "20241203",
            "itemSku": "   7509552845914",
            "category": "",
            "providerType": "0",
            "requiredQuantity": "001.000",
            "discount": "00050.010",
            "discountType": " ",
            "optative": " ",
            "description": "RYC B11 2024                            ",
            "itemSubcategory": "",
            "itemSegment": "",
            "itemSubsegment": "",
            "durationCode": "1000023591111111",
            "grouper": "000.000",
            "percent": "000.00",
            "optativeOne": " ",
            "sent": " ",
            "action": "A",
            "binCode": "",
            "messagePsg": ""
        },
        {
            "lineNumber": "2",
            "folio": "  19705276",
            "itemCategory": " 1",
            "type": "03",
            "startDate": "20241030",
            "endDate": "20241203",
            "itemSku": "   7509552845884",
            "category": "",
            "providerType": "0",
            "requiredQuantity": "001.000",
            "discount": "00050.010",
            "discountType": " ",
            "optative": " ",
            "description": "RYC B11 2024                            ",
            "itemSubcategory": "",
            "itemSegment": "",
            "itemSubsegment": "",
            "durationCode": "1000023591111111",
            "grouper": "000.000",
            "percent": "000.00",
            "optativeOne": " ",
            "sent": " ",
            "action": "A",
            "binCode": "",
            "messagePsg": ""
        },
        {
            "lineNumber": "3",
            "folio": "  19705276",
            "itemCategory": " 1",
            "type": "03",
            "startDate": "20241030",
            "endDate": "20241203",
            "itemSku": "   7508304660690",
            "category": "",
            "providerType": "0",
            "requiredQuantity": "001.000",
            "discount": "00055.020",
            "discountType": " ",
            "optative": " ",
            "description": "RYC B11 2024                            ",
            "itemSubcategory": "",
            "itemSegment": "",
            "itemSubsegment": "",
            "durationCode": "1000023591111111",
            "grouper": "000.000",
            "percent": "000.00",
            "optativeOne": " ",
            "sent": " ",
            "action": "A",
            "binCode": "",
            "messagePsg": ""
        },
        {
            "lineNumber": "4",
            "folio": "  19705276",
            "itemCategory": " 1",
            "type": "03",
            "startDate": "20241030",
            "endDate": "20241203",
            "itemSku": "   7503030196048",
            "category": "",
            "providerType": "0",
            "requiredQuantity": "001.000",
            "discount": "00055.010",
            "discountType": " ",
            "optative": " ",
            "description": "RYC B11 2024                            ",
            "itemSubcategory": "",
            "itemSegment": "",
            "itemSubsegment": "",
            "durationCode": "1000023591111111",
            "grouper": "000.000",
            "percent": "000.00",
            "optativeOne": " ",
            "sent": " ",
            "action": "A",
            "binCode": "",
            "messagePsg": ""
        },
        {
            "lineNumber": "5",
            "folio": "  19705276",
            "itemCategory": " 1",
            "type": "03",
            "startDate": "20241030",
            "endDate": "20241203",
            "itemSku": "   7500383174181",
            "category": "",
            "providerType": "0",
            "requiredQuantity": "001.000",
            "discount": "00003.030",
            "discountType": " ",
            "optative": " ",
            "description": "RYC B11 2024                            ",
            "itemSubcategory": "",
            "itemSegment": "",
            "itemSubsegment": "",
            "durationCode": "1000023591111111",
            "grouper": "000.000",
            "percent": "000.00",
            "optativeOne": " ",
            "sent": " ",
            "action": "A",
            "binCode": "",
            "messagePsg": ""
        },
        {
            "lineNumber": "6",
            "folio": "  19705276",
            "itemCategory": " 1",
            "type": "03",
            "startDate": "20241030",
            "endDate": "20241203",
            "itemSku": "   7501058624130",
            "category": "",
            "providerType": "0",
            "requiredQuantity": "001.000",
            "discount": "00055.020",
            "discountType": " ",
            "optative": " ",
            "description": "RYC B11 2024                            ",
            "itemSubcategory": "",
            "itemSegment": "",
            "itemSubsegment": "",
            "durationCode": "1000023591111111",
            "grouper": "000.000",
            "percent": "000.00",
            "optativeOne": " ",
            "sent": " ",
            "action": "A",
            "binCode": "",
            "messagePsg": ""
        },
        {
            "lineNumber": "7",
            "folio": "  19705276",
            "itemCategory": " 1",
            "type": "03",
            "startDate": "20241030",
            "endDate": "20241203",
            "itemSku": "   7501052474083",
            "category": "",
            "providerType": "0",
            "requiredQuantity": "001.000",
            "discount": "00050.010",
            "discountType": " ",
            "optative": " ",
            "description": "RYC B11 2024                            ",
            "itemSubcategory": "",
            "itemSegment": "",
            "itemSubsegment": "",
            "durationCode": "1000023591111111",
            "grouper": "000.000",
            "percent": "000.00",
            "optativeOne": " ",
            "sent": " ",
            "action": "A",
            "binCode": "",
            "messagePsg": ""
        },
        {
            "lineNumber": "8",
            "folio": "  19705276",
            "itemCategory": " 1",
            "type": "03",
            "startDate": "20241030",
            "endDate": "20241203",
            "itemSku": "   7501052417318",
            "category": "",
            "providerType": "0",
            "requiredQuantity": "001.000",
            "discount": "00080.020",
            "discountType": " ",
            "optative": " ",
            "description": "RYC B11 2024                            ",
            "itemSubcategory": "",
            "itemSegment": "",
            "itemSubsegment": "",
            "durationCode": "1000023591111111",
            "grouper": "000.000",
            "percent": "000.00",
            "optativeOne": " ",
            "sent": " ",
            "action": "A",
            "binCode": "",
            "messagePsg": ""
        },
        {
            "lineNumber": "9",
            "folio": "  19705276",
            "itemCategory": " 1",
            "type": "03",
            "startDate": "20241030",
            "endDate": "20241203",
            "itemSku": "   7501017372737",
            "category": "",
            "providerType": "0",
            "requiredQuantity": "001.000",
            "discount": "00095.010",
            "discountType": " ",
            "optative": " ",
            "description": "RYC B11 2024                            ",
            "itemSubcategory": "",
            "itemSegment": "",
            "itemSubsegment": "",
            "durationCode": "1000023591111111",
            "grouper": "000.000",
            "percent": "000.00",
            "optativeOne": " ",
            "sent": " ",
            "action": "A",
            "binCode": "",
            "messagePsg": ""
        },
        {
            "lineNumber": "10",
            "folio": "  19705276",
            "itemCategory": " 1",
            "type": "03",
            "startDate": "20241030",
            "endDate": "20241203",
            "itemSku": "   7502247545014",
            "category": "",
            "providerType": "0",
            "requiredQuantity": "001.000",
            "discount": "00002.030",
            "discountType": " ",
            "optative": " ",
            "description": "RYC B11 2024                            ",
            "itemSubcategory": "",
            "itemSegment": "",
            "itemSubsegment": "",
            "durationCode": "1000023591111111",
            "grouper": "000.000",
            "percent": "000.00",
            "optativeOne": " ",
            "sent": " ",
            "action": "A",
            "binCode": "",
            "messagePsg": ""
        }
    ]
}