{
  "organizationCountry": "MX",
  "organizationName": "FEMSA Comercio",
  "businessName": "OXXO",
  "departmentId": "12NEO",
  "storeId": "52RSW",
  "numberOfRecords": "80",
  "searchId": "000000000000000000000000",
  "searchDate": "2024-11-12 20:50:01",
  "promotions": [
    {
      "lineNumber": "1",
      "folio": "  19704696",
      "itemCategory": " 1",
      "type": "00",
      "startDate": "20241024",
      "endDate": "20241113",
      "itemSku": "   7501792406924",
      "category": "",
      "providerType": "0",
      "requiredQuantity": "003.000",
      "discount": "00033.300",
      "discountType": "P",
      "optative": "1",
      "description": "Variedad pan de muerto 3x2              ",
      "itemSubcategory": "    ",
      "itemSegment": "    ",
      "itemSubsegment": "    ",
      "durationCode": "1000023591111111",
      "grouper": "001.000",
      "percent": "000.00",
      "optativeOne": " ",
      "sent": " ",
      "action": "A",
      "binCode": "",
      "messagePsg": ""
    },
    {
      "lineNumber": "2",
      "folio": "  19704696",
      "itemCategory": " 1",
      "type": "00",
      "startDate": "20241024",
      "endDate": "20241113",
      "itemSku": "   7501792406030",
      "category": "",
      "providerType": "0",
      "requiredQuantity": "003.000",
      "discount": "00033.300",
      "discountType": "P",
      "optative": "1",
      "description": "Variedad pan de muerto 3x2              ",
      "itemSubcategory": "    ",
      "itemSegment": "    ",
      "itemSubsegment": "    ",
      "durationCode": "1000023591111111",
      "grouper": "001.000",
      "percent": "000.00",
      "optativeOne": " ",
      "sent": " ",
      "action": "A",
      "binCode": "",
      "messagePsg": ""
    },
    {
      "lineNumber": "3",
      "folio": "  19705181",
      "itemCategory": " 1",
      "type": "03",
      "startDate": "20241030",
      "endDate": "20241113",
      "itemSku": "   7500435108256",
      "category": "",
      "providerType": "0",
      "requiredQuantity": "001.000",
      "discount": "00027.000",
      "discountType": " ",
      "optative": " ",
      "description": "PSP SIMPLES NACIONAL B11                ",
      "itemSubcategory": "",
      "itemSegment": "",
      "itemSubsegment": "",
      "durationCode": "1000023591111111",
      "grouper": "000.000",
      "percent": "000.00",
      "optativeOne": " ",
      "sent": " ",
      "action": "A",
      "binCode": "",
      "messagePsg": ""
    },
    {
      "lineNumber": "4",
      "folio": "  19705181",
      "itemCategory": " 1",
      "type": "03",
      "startDate": "20241030",
      "endDate": "20241113",
      "itemSku": "   7500435138772",
      "category": "",
      "providerType": "0",
      "requiredQuantity": "001.000",
      "discount": "00036.000",
      "discountType": " ",
      "optative": " ",
      "description": "PSP SIMPLES NACIONAL B11                ",
      "itemSubcategory": "",
      "itemSegment": "",
      "itemSubsegment": "",
      "durationCode": "1000023591111111",
      "grouper": "000.000",
      "percent": "000.00",
      "optativeOne": " ",
      "sent": " ",
      "action": "A",
      "binCode": "",
      "messagePsg": ""
    },
    {
      "lineNumber": "5",
      "folio": "  19705181",
      "itemCategory": " 1",
      "type": "03",
      "startDate": "20241030",
      "endDate": "20241113",
      "itemSku": "   7500435150736",
      "category": "",
      "providerType": "0",
      "requiredQuantity": "001.000",
      "discount": "00164.000",
      "discountType": " ",
      "optative": " ",
      "description": "PSP SIMPLES NACIONAL B11                ",
      "itemSubcategory": "",
      "itemSegment": "",
      "itemSubsegment": "",
      "durationCode": "1000023591111111",
      "grouper": "000.000",
      "percent": "000.00",
      "optativeOne": " ",
      "sent": " ",
      "action": "A",
      "binCode": "",
      "messagePsg": ""
    },
    {
      "lineNumber": "6",
      "folio": "  19705181",
      "itemCategory": " 1",
      "type": "03",
      "startDate": "20241030",
      "endDate": "20241113",
      "itemSku": "   7500435161275",
      "category": "",
      "providerType": "0",
      "requiredQuantity": "001.000",
      "discount": "00033.000",
      "discountType": " ",
      "optative": " ",
      "description": "PSP SIMPLES NACIONAL B11                ",
      "itemSubcategory": "",
      "itemSegment": "",
      "itemSubsegment": "",
      "durationCode": "1000023591111111",
      "grouper": "000.000",
      "percent": "000.00",
      "optativeOne": " ",
      "sent": " ",
      "action": "A",
      "binCode": "",
      "messagePsg": ""
    },
    {
      "lineNumber": "7",
      "folio": "  19705181",
      "itemCategory": " 1",
      "type": "03",
      "startDate": "20241030",
      "endDate": "20241113",
      "itemSku": "   7500459001571",
      "category": "",
      "providerType": "0",
      "requiredQuantity": "001.000",
      "discount": "00025.000",
      "discountType": " ",
      "optative": " ",
      "description": "PSP SIMPLES NACIONAL B11                ",
      "itemSubcategory": "",
      "itemSegment": "",
      "itemSubsegment": "",
      "durationCode": "1000023591111111",
      "grouper": "000.000",
      "percent": "000.00",
      "optativeOne": " ",
      "sent": " ",
      "action": "A",
      "binCode": "",
      "messagePsg": ""
    },
    {
      "lineNumber": "8",
      "folio": "  19705181",
      "itemCategory": " 1",
      "type": "03",
      "startDate": "20241030",
      "endDate": "20241113",
      "itemSku": "   7500459001595",
      "category": "",
      "providerType": "0",
      "requiredQuantity": "001.000",
      "discount": "00025.000",
      "discountType": " ",
      "optative": " ",
      "description": "PSP SIMPLES NACIONAL B11                ",
      "itemSubcategory": "",
      "itemSegment": "",
      "itemSubsegment": "",
      "durationCode": "1000023591111111",
      "grouper": "000.000",
      "percent": "000.00",
      "optativeOne": " ",
      "sent": " ",
      "action": "A",
      "binCode": "",
      "messagePsg": ""
    },
    {
      "lineNumber": "9",
      "folio": "  19705181",
      "itemCategory": " 1",
      "type": "03",
      "startDate": "20241030",
      "endDate": "20241113",
      "itemSku": "   7501000658404",
      "category": "",
      "providerType": "0",
      "requiredQuantity": "001.000",
      "discount": "00017.000",
      "discountType": " ",
      "optative": " ",
      "description": "PSP SIMPLES NACIONAL B11                ",
      "itemSubcategory": "",
      "itemSegment": "",
      "itemSubsegment": "",
      "durationCode": "1000023591111111",
      "grouper": "000.000",
      "percent": "000.00",
      "optativeOne": " ",
      "sent": " ",
      "action": "A",
      "binCode": "",
      "messagePsg": ""
    },
    {
      "lineNumber": "10",
      "folio": "  19705181",
      "itemCategory": " 1",
      "type": "03",
      "startDate": "20241030",
      "endDate": "20241113",
      "itemSku": "   7501003340122",
      "category": "",
      "providerType": "0",
      "requiredQuantity": "001.000",
      "discount": "00026.000",
      "discountType": " ",
      "optative": " ",
      "description": "PSP SIMPLES NACIONAL B11                ",
      "itemSubcategory": "",
      "itemSegment": "",
      "itemSubsegment": "",
      "durationCode": "1000023591111111",
      "grouper": "000.000",
      "percent": "000.00",
      "optativeOne": " ",
      "sent": " ",
      "action": "A",
      "binCode": "",
      "messagePsg": ""
    },
    {
      "lineNumber": "11",
      "folio": "  19705181",
      "itemCategory": " 1",
      "type": "03",
      "startDate": "20241030",
      "endDate": "20241113",
      "itemSku": "   7501008762097",
      "category": "",
      "providerType": "0",
      "requiredQuantity": "001.000",
      "discount": "00033.000",
      "discountType": " ",
      "optative": " ",
      "description": "PSP SIMPLES NACIONAL B11                ",
      "itemSubcategory": "",
      "itemSegment": "",
      "itemSubsegment": "",
      "durationCode": "1000023591111111",
      "grouper": "000.000",
      "percent": "000.00",
      "optativeOne": " ",
      "sent": " ",
      "action": "A",
      "binCode": "",
      "messagePsg": ""
    },
    {
      "lineNumber": "12",
      "folio": "  19705181",
      "itemCategory": " 1",
      "type": "03",
      "startDate": "20241030",
      "endDate": "20241113",
      "itemSku": "   7501008762899",
      "category": "",
      "providerType": "0",
      "requiredQuantity": "001.000",
      "discount": "00033.000",
      "discountType": " ",
      "optative": " ",
      "description": "PSP SIMPLES NACIONAL B11                ",
      "itemSubcategory": "",
      "itemSegment": "",
      "itemSubsegment": "",
      "durationCode": "1000023591111111",
      "grouper": "000.000",
      "percent": "000.00",
      "optativeOne": " ",
      "sent": " ",
      "action": "A",
      "binCode": "",
      "messagePsg": ""
    },
    {
      "lineNumber": "13",
      "folio": "  19705181",
      "itemCategory": " 1",
      "type": "03",
      "startDate": "20241030",
      "endDate": "20241113",
      "itemSku": "   7501018310943",
      "category": "",
      "providerType": "0",
      "requiredQuantity": "001.000",
      "discount": "00019.000",
      "discountType": " ",
      "optative": " ",
      "description": "PSP SIMPLES NACIONAL B11                ",
      "itemSubcategory": "",
      "itemSegment": "",
      "itemSubsegment": "",
      "durationCode": "1000023591111111",
      "grouper": "000.000",
      "percent": "000.00",
      "optativeOne": " ",
      "sent": " ",
      "action": "A",
      "binCode": "",
      "messagePsg": ""
    },
    {
      "lineNumber": "14",
      "folio": "  19705181",
      "itemCategory": " 1",
      "type": "03",
      "startDate": "20241030",
      "endDate": "20241113",
      "itemSku": "   7501020500080",
      "category": "",
      "providerType": "0",
      "requiredQuantity": "001.000",
      "discount": "00078.000",
      "discountType": " ",
      "optative": " ",
      "description": "PSP SIMPLES NACIONAL B11                ",
      "itemSubcategory": "",
      "itemSegment": "",
      "itemSubsegment": "",
      "durationCode": "1000023591111111",
      "grouper": "000.000",
      "percent": "000.00",
      "optativeOne": " ",
      "sent": " ",
      "action": "A",
      "binCode": "",
      "messagePsg": ""
    },
    {
      "lineNumber": "15",
      "folio": "  19705181",
      "itemCategory": " 1",
      "type": "03",
      "startDate": "20241030",
      "endDate": "20241113",
      "itemSku": "   7501020547047",
      "category": "",
      "providerType": "0",
      "requiredQuantity": "001.000",
      "discount": "00040.000",
      "discountType": " ",
      "optative": " ",
      "description": "PSP SIMPLES NACIONAL B11                ",
      "itemSubcategory": "",
      "itemSegment": "",
      "itemSubsegment": "",
      "durationCode": "1000023591111111",
      "grouper": "000.000",
      "percent": "000.00",
      "optativeOne": " ",
      "sent": " ",
      "action": "A",
      "binCode": "",
      "messagePsg": ""
    },
    {
      "lineNumber": "16",
      "folio": "  19705181",
      "itemCategory": " 1",
      "type": "03",
      "startDate": "20241030",
      "endDate": "20241113",
      "itemSku": "   7501020562040",
      "category": "",
      "providerType": "0",
      "requiredQuantity": "001.000",
      "discount": "00038.000",
      "discountType": " ",
      "optative": " ",
      "description": "PSP SIMPLES NACIONAL B11                ",
      "itemSubcategory": "",
      "itemSegment": "",
      "itemSubsegment": "",
      "durationCode": "1000023591111111",
      "grouper": "000.000",
      "percent": "000.00",
      "optativeOne": " ",
      "sent": " ",
      "action": "A",
      "binCode": "",
      "messagePsg": ""
    },
    {
      "lineNumber": "17",
      "folio": "  19705181",
      "itemCategory": " 1",
      "type": "03",
      "startDate": "20241030",
      "endDate": "20241113",
      "itemSku": "   7501020563733",
      "category": "",
      "providerType": "0",
      "requiredQuantity": "001.000",
      "discount": "00035.000",
      "discountType": " ",
      "optative": " ",
      "description": "PSP SIMPLES NACIONAL B11                ",
      "itemSubcategory": "",
      "itemSegment": "",
      "itemSubsegment": "",
      "durationCode": "1000023591111111",
      "grouper": "000.000",
      "percent": "000.00",
      "optativeOne": " ",
      "sent": " ",
      "action": "A",
      "binCode": "",
      "messagePsg": ""
    },
    {
      "lineNumber": "18",
      "folio": "  19705181",
      "itemCategory": " 1",
      "type": "03",
      "startDate": "20241030",
      "endDate": "20241113",
      "itemSku": "   7501035910034",
      "category": "",
      "providerType": "0",
      "requiredQuantity": "001.000",
      "discount": "00027.000",
      "discountType": " ",
      "optative": " ",
      "description": "PSP SIMPLES NACIONAL B11                ",
      "itemSubcategory": "",
      "itemSegment": "",
      "itemSubsegment": "",
      "durationCode": "1000023591111111",
      "grouper": "000.000",
      "percent": "000.00",
      "optativeOne": " ",
      "sent": " ",
      "action": "A",
      "binCode": "",
      "messagePsg": ""
    },
    {
      "lineNumber": "19",
      "folio": "  19705181",
      "itemCategory": " 1",
      "type": "03",
      "startDate": "20241030",
      "endDate": "20241113",
      "itemSku": "   7501035910041",
      "category": "",
      "providerType": "0",
      "requiredQuantity": "001.000",
      "discount": "00027.000",
      "discountType": " ",
      "optative": " ",
      "description": "PSP SIMPLES NACIONAL B11                ",
      "itemSubcategory": "",
      "itemSegment": "",
      "itemSubsegment": "",
      "durationCode": "1000023591111111",
      "grouper": "000.000",
      "percent": "000.00",
      "optativeOne": " ",
      "sent": " ",
      "action": "A",
      "binCode": "",
      "messagePsg": ""
    },
    {
      "lineNumber": "20",
      "folio": "  19705181",
      "itemCategory": " 1",
      "type": "03",
      "startDate": "20241030",
      "endDate": "20241113",
      "itemSku": "   7501039120149",
      "category": "",
      "providerType": "0",
      "requiredQuantity": "001.000",
      "discount": "00040.000",
      "discountType": " ",
      "optative": " ",
      "description": "PSP SIMPLES NACIONAL B11                ",
      "itemSubcategory": "",
      "itemSegment": "",
      "itemSubsegment": "",
      "durationCode": "1000023591111111",
      "grouper": "000.000",
      "percent": "000.00",
      "optativeOne": " ",
      "sent": " ",
      "action": "A",
      "binCode": "",
      "messagePsg": ""
    },
    {
      "lineNumber": "21",
      "folio": "  19705181",
      "itemCategory": " 1",
      "type": "03",
      "startDate": "20241030",
      "endDate": "20241113",
      "itemSku": "   7501039121993",
      "category": "",
      "providerType": "0",
      "requiredQuantity": "001.000",
      "discount": "00021.000",
      "discountType": " ",
      "optative": " ",
      "description": "PSP SIMPLES NACIONAL B11                ",
      "itemSubcategory": "",
      "itemSegment": "",
      "itemSubsegment": "",
      "durationCode": "1000023591111111",
      "grouper": "000.000",
      "percent": "000.00",
      "optativeOne": " ",
      "sent": " ",
      "action": "A",
      "binCode": "",
      "messagePsg": ""
    },
    {
      "lineNumber": "22",
      "folio": "  19705181",
      "itemCategory": " 1",
      "type": "03",
      "startDate": "20241030",
      "endDate": "20241113",
      "itemSku": "   7501039122099",
      "category": "",
      "providerType": "0",
      "requiredQuantity": "001.000",
      "discount": "00032.000",
      "discountType": " ",
      "optative": " ",
      "description": "PSP SIMPLES NACIONAL B11                ",
      "itemSubcategory": "",
      "itemSegment": "",
      "itemSubsegment": "",
      "durationCode": "1000023591111111",
      "grouper": "000.000",
      "percent": "000.00",
      "optativeOne": " ",
      "sent": " ",
      "action": "A",
      "binCode": "",
      "messagePsg": ""
    },
    {
      "lineNumber": "23",
      "folio": "  19705181",
      "itemCategory": " 1",
      "type": "03",
      "startDate": "20241030",
      "endDate": "20241113",
      "itemSku": "   7501045403007",
      "category": "",
      "providerType": "0",
      "requiredQuantity": "001.000",
      "discount": "00020.000",
      "discountType": " ",
      "optative": " ",
      "description": "PSP SIMPLES NACIONAL B11                ",
      "itemSubcategory": "",
      "itemSegment": "",
      "itemSubsegment": "",
      "durationCode": "1000023591111111",
      "grouper": "000.000",
      "percent": "000.00",
      "optativeOne": " ",
      "sent": " ",
      "action": "A",
      "binCode": "",
      "messagePsg": ""
    },
    {
      "lineNumber": "24",
      "folio": "  19705181",
      "itemCategory": " 1",
      "type": "03",
      "startDate": "20241030",
      "endDate": "20241113",
      "itemSku": "   7501045403014",
      "category": "",
      "providerType": "0",
      "requiredQuantity": "001.000",
      "discount": "00020.000",
      "discountType": " ",
      "optative": " ",
      "description": "PSP SIMPLES NACIONAL B11                ",
      "itemSubcategory": "",
      "itemSegment": "",
      "itemSubsegment": "",
      "durationCode": "1000023591111111",
      "grouper": "000.000",
      "percent": "000.00",
      "optativeOne": " ",
      "sent": " ",
      "action": "A",
      "binCode": "",
      "messagePsg": ""
    },
    {
      "lineNumber": "25",
      "folio": "  19705181",
      "itemCategory": " 1",
      "type": "03",
      "startDate": "20241030",
      "endDate": "20241113",
      "itemSku": "   7501045403281",
      "category": "",
      "providerType": "0",
      "requiredQuantity": "001.000",
      "discount": "00039.000",
      "discountType": " ",
      "optative": " ",
      "description": "PSP SIMPLES NACIONAL B11                ",
      "itemSubcategory": "",
      "itemSegment": "",
      "itemSubsegment": "",
      "durationCode": "1000023591111111",
      "grouper": "000.000",
      "percent": "000.00",
      "optativeOne": " ",
      "sent": " ",
      "action": "A",
      "binCode": "",
      "messagePsg": ""
    },
    {
      "lineNumber": "26",
      "folio": "  19705181",
      "itemCategory": " 1",
      "type": "03",
      "startDate": "20241030",
      "endDate": "20241113",
      "itemSku": "   7501048102501",
      "category": "",
      "providerType": "0",
      "requiredQuantity": "001.000",
      "discount": "00035.000",
      "discountType": " ",
      "optative": " ",
      "description": "PSP SIMPLES NACIONAL B11                ",
      "itemSubcategory": "",
      "itemSegment": "",
      "itemSubsegment": "",
      "durationCode": "1000023591111111",
      "grouper": "000.000",
      "percent": "000.00",
      "optativeOne": " ",
      "sent": " ",
      "action": "A",
      "binCode": "",
      "messagePsg": ""
    },
    {
      "lineNumber": "27",
      "folio": "  19705181",
      "itemCategory": " 1",
      "type": "03",
      "startDate": "20241030",
      "endDate": "20241113",
      "itemSku": "   7501058715364",
      "category": "",
      "providerType": "0",
      "requiredQuantity": "001.000",
      "discount": "00025.000",
      "discountType": " ",
      "optative": " ",
      "description": "PSP SIMPLES NACIONAL B11                ",
      "itemSubcategory": "",
      "itemSegment": "",
      "itemSubsegment": "",
      "durationCode": "1000023591111111",
      "grouper": "000.000",
      "percent": "000.00",
      "optativeOne": " ",
      "sent": " ",
      "action": "A",
      "binCode": "",
      "messagePsg": ""
    },
    {
      "lineNumber": "28",
      "folio": "  19705181",
      "itemCategory": " 1",
      "type": "03",
      "startDate": "20241030",
      "endDate": "20241113",
      "itemSku": "   7501058757463",
      "category": "",
      "providerType": "0",
      "requiredQuantity": "001.000",
      "discount": "00025.000",
      "discountType": " ",
      "optative": " ",
      "description": "PSP SIMPLES NACIONAL B11                ",
      "itemSubcategory": "",
      "itemSegment": "",
      "itemSubsegment": "",
      "durationCode": "1000023591111111",
      "grouper": "000.000",
      "percent": "000.00",
      "optativeOne": " ",
      "sent": " ",
      "action": "A",
      "binCode": "",
      "messagePsg": ""
    },
    {
      "lineNumber": "29",
      "folio": "  19705181",
      "itemCategory": " 1",
      "type": "03",
      "startDate": "20241030",
      "endDate": "20241113",
      "itemSku": "   7501059225350",
      "category": "",
      "providerType": "0",
      "requiredQuantity": "001.000",
      "discount": "00153.000",
      "discountType": " ",
      "optative": " ",
      "description": "PSP SIMPLES NACIONAL B11                ",
      "itemSubcategory": "",
      "itemSegment": "",
      "itemSubsegment": "",
      "durationCode": "1000023591111111",
      "grouper": "000.000",
      "percent": "000.00",
      "optativeOne": " ",
      "sent": " ",
      "action": "A",
      "binCode": "",
      "messagePsg": ""
    },
    {
      "lineNumber": "30",
      "folio": "  19705181",
      "itemCategory": " 1",
      "type": "03",
      "startDate": "20241030",
      "endDate": "20241113",
      "itemSku": "   7501071301087",
      "category": "",
      "providerType": "0",
      "requiredQuantity": "001.000",
      "discount": "00030.000",
      "discountType": " ",
      "optative": " ",
      "description": "PSP SIMPLES NACIONAL B11                ",
      "itemSubcategory": "",
      "itemSegment": "",
      "itemSubsegment": "",
      "durationCode": "1000023591111111",
      "grouper": "000.000",
      "percent": "000.00",
      "optativeOne": " ",
      "sent": " ",
      "action": "A",
      "binCode": "",
      "messagePsg": ""
    },
    {
      "lineNumber": "31",
      "folio": "  19705181",
      "itemCategory": " 1",
      "type": "03",
      "startDate": "20241030",
      "endDate": "20241113",
      "itemSku": "   7501071301148",
      "category": "",
      "providerType": "0",
      "requiredQuantity": "001.000",
      "discount": "00020.000",
      "discountType": " ",
      "optative": " ",
      "description": "PSP SIMPLES NACIONAL B11                ",
      "itemSubcategory": "",
      "itemSegment": "",
      "itemSubsegment": "",
      "durationCode": "1000023591111111",
      "grouper": "000.000",
      "percent": "000.00",
      "optativeOne": " ",
      "sent": " ",
      "action": "A",
      "binCode": "",
      "messagePsg": ""
    },
    {
      "lineNumber": "32",
      "folio": "  19705181",
      "itemCategory": " 1",
      "type": "03",
      "startDate": "20241030",
      "endDate": "20241113",
      "itemSku": "   7501071301698",
      "category": "",
      "providerType": "0",
      "requiredQuantity": "001.000",
      "discount": "00032.000",
      "discountType": " ",
      "optative": " ",
      "description": "PSP SIMPLES NACIONAL B11                ",
      "itemSubcategory": "",
      "itemSegment": "",
      "itemSubsegment": "",
      "durationCode": "1000023591111111",
      "grouper": "000.000",
      "percent": "000.00",
      "optativeOne": " ",
      "sent": " ",
      "action": "A",
      "binCode": "",
      "messagePsg": ""
    },
    {
      "lineNumber": "33",
      "folio": "  19705181",
      "itemCategory": " 1",
      "type": "03",
      "startDate": "20241030",
      "endDate": "20241113",
      "itemSku": "   7501199413280",
      "category": "",
      "providerType": "0",
      "requiredQuantity": "001.000",
      "discount": "00035.000",
      "discountType": " ",
      "optative": " ",
      "description": "PSP SIMPLES NACIONAL B11                ",
      "itemSubcategory": "",
      "itemSegment": "",
      "itemSubsegment": "",
      "durationCode": "1000023591111111",
      "grouper": "000.000",
      "percent": "000.00",
      "optativeOne": " ",
      "sent": " ",
      "action": "A",
      "binCode": "",
      "messagePsg": ""
    },
    {
      "lineNumber": "34",
      "folio": "  19705181",
      "itemCategory": " 1",
      "type": "03",
      "startDate": "20241030",
      "endDate": "20241113",
      "itemSku": "   7501199413297",
      "category": "",
      "providerType": "0",
      "requiredQuantity": "001.000",
      "discount": "00035.000",
      "discountType": " ",
      "optative": " ",
      "description": "PSP SIMPLES NACIONAL B11                ",
      "itemSubcategory": "",
      "itemSegment": "",
      "itemSubsegment": "",
      "durationCode": "1000023591111111",
      "grouper": "000.000",
      "percent": "000.00",
      "optativeOne": " ",
      "sent": " ",
      "action": "A",
      "binCode": "",
      "messagePsg": ""
    },
    {
      "lineNumber": "35",
      "folio": "  19705181",
      "itemCategory": " 1",
      "type": "03",
      "startDate": "20241030",
      "endDate": "20241113",
      "itemSku": "   7501199413327",
      "category": "",
      "providerType": "0",
      "requiredQuantity": "001.000",
      "discount": "00075.000",
      "discountType": " ",
      "optative": " ",
      "description": "PSP SIMPLES NACIONAL B11                ",
      "itemSubcategory": "",
      "itemSegment": "",
      "itemSubsegment": "",
      "durationCode": "1000023591111111",
      "grouper": "000.000",
      "percent": "000.00",
      "optativeOne": " ",
      "sent": " ",
      "action": "A",
      "binCode": "",
      "messagePsg": ""
    },
    {
      "lineNumber": "36",
      "folio": "  19705181",
      "itemCategory": " 1",
      "type": "03",
      "startDate": "20241030",
      "endDate": "20241113",
      "itemSku": "   7501761869149",
      "category": "",
      "providerType": "0",
      "requiredQuantity": "001.000",
      "discount": "00039.500",
      "discountType": " ",
      "optative": " ",
      "description": "PSP SIMPLES NACIONAL B11                ",
      "itemSubcategory": "",
      "itemSegment": "",
      "itemSubsegment": "",
      "durationCode": "1000023591111111",
      "grouper": "000.000",
      "percent": "000.00",
      "optativeOne": " ",
      "sent": " ",
      "action": "A",
      "binCode": "",
      "messagePsg": ""
    },
    {
      "lineNumber": "37",
      "folio": "  19705181",
      "itemCategory": " 1",
      "type": "03",
      "startDate": "20241030",
      "endDate": "20241113",
      "itemSku": "   7502271157740",
      "category": "",
      "providerType": "0",
      "requiredQuantity": "001.000",
      "discount": "00024.000",
      "discountType": " ",
      "optative": " ",
      "description": "PSP SIMPLES NACIONAL B11                ",
      "itemSubcategory": "",
      "itemSegment": "",
      "itemSubsegment": "",
      "durationCode": "1000023591111111",
      "grouper": "000.000",
      "percent": "000.00",
      "optativeOne": " ",
      "sent": " ",
      "action": "A",
      "binCode": "",
      "messagePsg": ""
    },
    {
      "lineNumber": "38",
      "folio": "  19705181",
      "itemCategory": " 1",
      "type": "03",
      "startDate": "20241030",
      "endDate": "20241113",
      "itemSku": "   7502271157801",
      "category": "",
      "providerType": "0",
      "requiredQuantity": "001.000",
      "discount": "00016.000",
      "discountType": " ",
      "optative": " ",
      "description": "PSP SIMPLES NACIONAL B11                ",
      "itemSubcategory": "",
      "itemSegment": "",
      "itemSubsegment": "",
      "durationCode": "1000023591111111",
      "grouper": "000.000",
      "percent": "000.00",
      "optativeOne": " ",
      "sent": " ",
      "action": "A",
      "binCode": "",
      "messagePsg": ""
    },
    {
      "lineNumber": "39",
      "folio": "  19705181",
      "itemCategory": " 1",
      "type": "03",
      "startDate": "20241030",
      "endDate": "20241113",
      "itemSku": "   7502271158624",
      "category": "",
      "providerType": "0",
      "requiredQuantity": "001.000",
      "discount": "00005.500",
      "discountType": " ",
      "optative": " ",
      "description": "PSP SIMPLES NACIONAL B11                ",
      "itemSubcategory": "",
      "itemSegment": "",
      "itemSubsegment": "",
      "durationCode": "1000023591111111",
      "grouper": "000.000",
      "percent": "000.00",
      "optativeOne": " ",
      "sent": " ",
      "action": "A",
      "binCode": "",
      "messagePsg": ""
    },
    {
      "lineNumber": "40",
      "folio": "  19705181",
      "itemCategory": " 1",
      "type": "03",
      "startDate": "20241030",
      "endDate": "20241113",
      "itemSku": "   7502271158655",
      "category": "",
      "providerType": "0",
      "requiredQuantity": "001.000",
      "discount": "00005.500",
      "discountType": " ",
      "optative": " ",
      "description": "PSP SIMPLES NACIONAL B11                ",
      "itemSubcategory": "",
      "itemSegment": "",
      "itemSubsegment": "",
      "durationCode": "1000023591111111",
      "grouper": "000.000",
      "percent": "000.00",
      "optativeOne": " ",
      "sent": " ",
      "action": "A",
      "binCode": "",
      "messagePsg": ""
    },
    {
      "lineNumber": "41",
      "folio": "  19705181",
      "itemCategory": " 1",
      "type": "03",
      "startDate": "20241030",
      "endDate": "20241113",
      "itemSku": "   7502271159096",
      "category": "",
      "providerType": "0",
      "requiredQuantity": "001.000",
      "discount": "00035.000",
      "discountType": " ",
      "optative": " ",
      "description": "PSP SIMPLES NACIONAL B11                ",
      "itemSubcategory": "",
      "itemSegment": "",
      "itemSubsegment": "",
      "durationCode": "1000023591111111",
      "grouper": "000.000",
      "percent": "000.00",
      "optativeOne": " ",
      "sent": " ",
      "action": "A",
      "binCode": "",
      "messagePsg": ""
    },
    {
      "lineNumber": "42",
      "folio": "  19705181",
      "itemCategory": " 1",
      "type": "03",
      "startDate": "20241030",
      "endDate": "20241113",
      "itemSku": "   7502271159812",
      "category": "",
      "providerType": "0",
      "requiredQuantity": "001.000",
      "discount": "00035.000",
      "discountType": " ",
      "optative": " ",
      "description": "PSP SIMPLES NACIONAL B11                ",
      "itemSubcategory": "",
      "itemSegment": "",
      "itemSubsegment": "",
      "durationCode": "1000023591111111",
      "grouper": "000.000",
      "percent": "000.00",
      "optativeOne": " ",
      "sent": " ",
      "action": "A",
      "binCode": "",
      "messagePsg": ""
    },
    {
      "lineNumber": "43",
      "folio": "  19705181",
      "itemCategory": " 1",
      "type": "03",
      "startDate": "20241030",
      "endDate": "20241113",
      "itemSku": "   7502294220414",
      "category": "",
      "providerType": "0",
      "requiredQuantity": "001.000",
      "discount": "00025.000",
      "discountType": " ",
      "optative": " ",
      "description": "PSP SIMPLES NACIONAL B11                ",
      "itemSubcategory": "",
      "itemSegment": "",
      "itemSubsegment": "",
      "durationCode": "1000023591111111",
      "grouper": "000.000",
      "percent": "000.00",
      "optativeOne": " ",
      "sent": " ",
      "action": "A",
      "binCode": "",
      "messagePsg": ""
    },
    {
      "lineNumber": "44",
      "folio": "  19705181",
      "itemCategory": " 1",
      "type": "03",
      "startDate": "20241030",
      "endDate": "20241113",
      "itemSku": "   7502294221190",
      "category": "",
      "providerType": "0",
      "requiredQuantity": "001.000",
      "discount": "00053.000",
      "discountType": " ",
      "optative": " ",
      "description": "PSP SIMPLES NACIONAL B11                ",
      "itemSubcategory": "",
      "itemSegment": "",
      "itemSubsegment": "",
      "durationCode": "1000023591111111",
      "grouper": "000.000",
      "percent": "000.00",
      "optativeOne": " ",
      "sent": " ",
      "action": "A",
      "binCode": "",
      "messagePsg": ""
    },
    {
      "lineNumber": "45",
      "folio": "  19705181",
      "itemCategory": " 1",
      "type": "03",
      "startDate": "20241030",
      "endDate": "20241113",
      "itemSku": "   7502294221206",
      "category": "",
      "providerType": "0",
      "requiredQuantity": "001.000",
      "discount": "00029.000",
      "discountType": " ",
      "optative": " ",
      "description": "PSP SIMPLES NACIONAL B11                ",
      "itemSubcategory": "",
      "itemSegment": "",
      "itemSubsegment": "",
      "durationCode": "1000023591111111",
      "grouper": "000.000",
      "percent": "000.00",
      "optativeOne": " ",
      "sent": " ",
      "action": "A",
      "binCode": "",
      "messagePsg": ""
    },
    {
      "lineNumber": "46",
      "folio": "  19705181",
      "itemCategory": " 1",
      "type": "03",
      "startDate": "20241030",
      "endDate": "20241113",
      "itemSku": "   7502294221213",
      "category": "",
      "providerType": "0",
      "requiredQuantity": "001.000",
      "discount": "00025.000",
      "discountType": " ",
      "optative": " ",
      "description": "PSP SIMPLES NACIONAL B11                ",
      "itemSubcategory": "",
      "itemSegment": "",
      "itemSubsegment": "",
      "durationCode": "1000023591111111",
      "grouper": "000.000",
      "percent": "000.00",
      "optativeOne": " ",
      "sent": " ",
      "action": "A",
      "binCode": "",
      "messagePsg": ""
    },
    {
      "lineNumber": "47",
      "folio": "  19705181",
      "itemCategory": " 1",
      "type": "03",
      "startDate": "20241030",
      "endDate": "20241113",
      "itemSku": "   7502294222685",
      "category": "",
      "providerType": "0",
      "requiredQuantity": "001.000",
      "discount": "00018.000",
      "discountType": " ",
      "optative": " ",
      "description": "PSP SIMPLES NACIONAL B11                ",
      "itemSubcategory": "",
      "itemSegment": "",
      "itemSubsegment": "",
      "durationCode": "1000023591111111",
      "grouper": "000.000",
      "percent": "000.00",
      "optativeOne": " ",
      "sent": " ",
      "action": "A",
      "binCode": "",
      "messagePsg": ""
    },
    {
      "lineNumber": "48",
      "folio": "  19705181",
      "itemCategory": " 1",
      "type": "03",
      "startDate": "20241030",
      "endDate": "20241113",
      "itemSku": "   7502294223170",
      "category": "",
      "providerType": "0",
      "requiredQuantity": "001.000",
      "discount": "00029.500",
      "discountType": " ",
      "optative": " ",
      "description": "PSP SIMPLES NACIONAL B11                ",
      "itemSubcategory": "",
      "itemSegment": "",
      "itemSubsegment": "",
      "durationCode": "1000023591111111",
      "grouper": "000.000",
      "percent": "000.00",
      "optativeOne": " ",
      "sent": " ",
      "action": "A",
      "binCode": "",
      "messagePsg": ""
    },
    {
      "lineNumber": "49",
      "folio": "  19705181",
      "itemCategory": " 1",
      "type": "03",
      "startDate": "20241030",
      "endDate": "20241113",
      "itemSku": "   7502294223255",
      "category": "",
      "providerType": "0",
      "requiredQuantity": "001.000",
      "discount": "00055.000",
      "discountType": " ",
      "optative": " ",
      "description": "PSP SIMPLES NACIONAL B11                ",
      "itemSubcategory": "",
      "itemSegment": "",
      "itemSubsegment": "",
      "durationCode": "1000023591111111",
      "grouper": "000.000",
      "percent": "000.00",
      "optativeOne": " ",
      "sent": " ",
      "action": "A",
      "binCode": "",
      "messagePsg": ""
    },
    {
      "lineNumber": "50",
      "folio": "  19705181",
      "itemCategory": " 1",
      "type": "03",
      "startDate": "20241030",
      "endDate": "20241113",
      "itemSku": "   7503000437652",
      "category": "",
      "providerType": "0",
      "requiredQuantity": "001.000",
      "discount": "00043.000",
      "discountType": " ",
      "optative": " ",
      "description": "PSP SIMPLES NACIONAL B11                ",
      "itemSubcategory": "",
      "itemSegment": "",
      "itemSubsegment": "",
      "durationCode": "1000023591111111",
      "grouper": "000.000",
      "percent": "000.00",
      "optativeOne": " ",
      "sent": " ",
      "action": "A",
      "binCode": "",
      "messagePsg": ""
    },
    {
      "lineNumber": "51",
      "folio": "  19705181",
      "itemCategory": " 1",
      "type": "03",
      "startDate": "20241030",
      "endDate": "20241113",
      "itemSku": "   7503000438321",
      "category": "",
      "providerType": "0",
      "requiredQuantity": "001.000",
      "discount": "00036.000",
      "discountType": " ",
      "optative": " ",
      "description": "PSP SIMPLES NACIONAL B11                ",
      "itemSubcategory": "",
      "itemSegment": "",
      "itemSubsegment": "",
      "durationCode": "1000023591111111",
      "grouper": "000.000",
      "percent": "000.00",
      "optativeOne": " ",
      "sent": " ",
      "action": "A",
      "binCode": "",
      "messagePsg": ""
    },
    {
      "lineNumber": "52",
      "folio": "  19705181",
      "itemCategory": " 1",
      "type": "03",
      "startDate": "20241030",
      "endDate": "20241113",
      "itemSku": "   7506205807596",
      "category": "",
      "providerType": "0",
      "requiredQuantity": "001.000",
      "discount": "00044.000",
      "discountType": " ",
      "optative": " ",
      "description": "PSP SIMPLES NACIONAL B11                ",
      "itemSubcategory": "",
      "itemSegment": "",
      "itemSubsegment": "",
      "durationCode": "1000023591111111",
      "grouper": "000.000",
      "percent": "000.00",
      "optativeOne": " ",
      "sent": " ",
      "action": "A",
      "binCode": "",
      "messagePsg": ""
    },
    {
      "lineNumber": "53",
      "folio": "  19705181",
      "itemCategory": " 1",
      "type": "03",
      "startDate": "20241030",
      "endDate": "20241113",
      "itemSku": "   7506205807640",
      "category": "",
      "providerType": "0",
      "requiredQuantity": "001.000",
      "discount": "00044.000",
      "discountType": " ",
      "optative": " ",
      "description": "PSP SIMPLES NACIONAL B11                ",
      "itemSubcategory": "",
      "itemSegment": "",
      "itemSubsegment": "",
      "durationCode": "1000023591111111",
      "grouper": "000.000",
      "percent": "000.00",
      "optativeOne": " ",
      "sent": " ",
      "action": "A",
      "binCode": "",
      "messagePsg": ""
    },
    {
      "lineNumber": "54",
      "folio": "  19705181",
      "itemCategory": " 1",
      "type": "03",
      "startDate": "20241030",
      "endDate": "20241113",
      "itemSku": "   7506425622016",
      "category": "",
      "providerType": "0",
      "requiredQuantity": "001.000",
      "discount": "00033.500",
      "discountType": " ",
      "optative": " ",
      "description": "PSP SIMPLES NACIONAL B11                ",
      "itemSubcategory": "",
      "itemSegment": "",
      "itemSubsegment": "",
      "durationCode": "1000023591111111",
      "grouper": "000.000",
      "percent": "000.00",
      "optativeOne": " ",
      "sent": " ",
      "action": "A",
      "binCode": "",
      "messagePsg": ""
    },
    {
      "lineNumber": "55",
      "folio": "  19705181",
      "itemCategory": " 1",
      "type": "03",
      "startDate": "20241030",
      "endDate": "20241113",
      "itemSku": "   7506425645466",
      "category": "",
      "providerType": "0",
      "requiredQuantity": "001.000",
      "discount": "00020.000",
      "discountType": " ",
      "optative": " ",
      "description": "PSP SIMPLES NACIONAL B11                ",
      "itemSubcategory": "",
      "itemSegment": "",
      "itemSubsegment": "",
      "durationCode": "1000023591111111",
      "grouper": "000.000",
      "percent": "000.00",
      "optativeOne": " ",
      "sent": " ",
      "action": "A",
      "binCode": "",
      "messagePsg": ""
    },
    {
      "lineNumber": "56",
      "folio": "  19705181",
      "itemCategory": " 1",
      "type": "03",
      "startDate": "20241030",
      "endDate": "20241113",
      "itemSku": "   7506425647873",
      "category": "",
      "providerType": "0",
      "requiredQuantity": "001.000",
      "discount": "00099.500",
      "discountType": " ",
      "optative": " ",
      "description": "PSP SIMPLES NACIONAL B11                ",
      "itemSubcategory": "",
      "itemSegment": "",
      "itemSubsegment": "",
      "durationCode": "1000023591111111",
      "grouper": "000.000",
      "percent": "000.00",
      "optativeOne": " ",
      "sent": " ",
      "action": "A",
      "binCode": "",
      "messagePsg": ""
    },
    {
      "lineNumber": "57",
      "folio": "  19705181",
      "itemCategory": " 1",
      "type": "03",
      "startDate": "20241030",
      "endDate": "20241113",
      "itemSku": "   7506475110983",
      "category": "",
      "providerType": "0",
      "requiredQuantity": "001.000",
      "discount": "00055.000",
      "discountType": " ",
      "optative": " ",
      "description": "PSP SIMPLES NACIONAL B11                ",
      "itemSubcategory": "",
      "itemSegment": "",
      "itemSubsegment": "",
      "durationCode": "1000023591111111",
      "grouper": "000.000",
      "percent": "000.00",
      "optativeOne": " ",
      "sent": " ",
      "action": "A",
      "binCode": "",
      "messagePsg": ""
    },
    {
      "lineNumber": "58",
      "folio": "  19705181",
      "itemCategory": " 1",
      "type": "03",
      "startDate": "20241030",
      "endDate": "20241113",
      "itemSku": "   7509546017389",
      "category": "",
      "providerType": "0",
      "requiredQuantity": "001.000",
      "discount": "00055.000",
      "discountType": " ",
      "optative": " ",
      "description": "PSP SIMPLES NACIONAL B11                ",
      "itemSubcategory": "",
      "itemSegment": "",
      "itemSubsegment": "",
      "durationCode": "1000023591111111",
      "grouper": "000.000",
      "percent": "000.00",
      "optativeOne": " ",
      "sent": " ",
      "action": "A",
      "binCode": "",
      "messagePsg": ""
    },
    {
      "lineNumber": "59",
      "folio": "  19705181",
      "itemCategory": " 1",
      "type": "03",
      "startDate": "20241030",
      "endDate": "20241113",
      "itemSku": "   7509546072760",
      "category": "",
      "providerType": "0",
      "requiredQuantity": "001.000",
      "discount": "00045.000",
      "discountType": " ",
      "optative": " ",
      "description": "PSP SIMPLES NACIONAL B11                ",
      "itemSubcategory": "",
      "itemSegment": "",
      "itemSubsegment": "",
      "durationCode": "1000023591111111",
      "grouper": "000.000",
      "percent": "000.00",
      "optativeOne": " ",
      "sent": " ",
      "action": "A",
      "binCode": "",
      "messagePsg": ""
    },
    {
      "lineNumber": "60",
      "folio": "  19705181",
      "itemCategory": " 1",
      "type": "03",
      "startDate": "20241030",
      "endDate": "20241113",
      "itemSku": "   7509546680262",
      "category": "",
      "providerType": "0",
      "requiredQuantity": "001.000",
      "discount": "00019.000",
      "discountType": " ",
      "optative": " ",
      "description": "PSP SIMPLES NACIONAL B11                ",
      "itemSubcategory": "",
      "itemSegment": "",
      "itemSubsegment": "",
      "durationCode": "1000023591111111",
      "grouper": "000.000",
      "percent": "000.00",
      "optativeOne": " ",
      "sent": " ",
      "action": "A",
      "binCode": "",
      "messagePsg": ""
    },
    {
      "lineNumber": "61",
      "folio": "  19705181",
      "itemCategory": " 1",
      "type": "03",
      "startDate": "20241030",
      "endDate": "20241113",
      "itemSku": "   7509546680293",
      "category": "",
      "providerType": "0",
      "requiredQuantity": "001.000",
      "discount": "00019.000",
      "discountType": " ",
      "optative": " ",
      "description": "PSP SIMPLES NACIONAL B11                ",
      "itemSubcategory": "",
      "itemSegment": "",
      "itemSubsegment": "",
      "durationCode": "1000023591111111",
      "grouper": "000.000",
      "percent": "000.00",
      "optativeOne": " ",
      "sent": " ",
      "action": "A",
      "binCode": "",
      "messagePsg": ""
    },
    {
      "lineNumber": "62",
      "folio": "  19705918",
      "itemCategory": " 1",
      "type": "00",
      "startDate": "20241113",
      "endDate": "20241203",
      "itemSku": "   7502271157191",
      "category": "",
      "providerType": "0",
      "requiredQuantity": "001.000",
      "discount": "00024.000",
      "discountType": "F",
      "optative": "1",
      "description": "DESPENSA MP BARA                        ",
      "itemSubcategory": "    ",
      "itemSegment": "    ",
      "itemSubsegment": "    ",
      "durationCode": "1000023591111111",
      "grouper": "009.000",
      "percent": "000.00",
      "optativeOne": " ",
      "sent": " ",
      "action": "A",
      "binCode": "",
      "messagePsg": ""
    },
    {
      "lineNumber": "63",
      "folio": "  19705918",
      "itemCategory": " 1",
      "type": "00",
      "startDate": "20241113",
      "endDate": "20241203",
      "itemSku": "   7502294221015",
      "category": "",
      "providerType": "0",
      "requiredQuantity": "001.000",
      "discount": "00020.000",
      "discountType": "F",
      "optative": "2",
      "description": "DESPENSA MP BARA                        ",
      "itemSubcategory": "    ",
      "itemSegment": "    ",
      "itemSubsegment": "    ",
      "durationCode": "1000023591111111",
      "grouper": "009.000",
      "percent": "000.00",
      "optativeOne": " ",
      "sent": " ",
      "action": "A",
      "binCode": "",
      "messagePsg": ""
    },
    {
      "lineNumber": "64",
      "folio": "  19705918",
      "itemCategory": " 1",
      "type": "00",
      "startDate": "20241113",
      "endDate": "20241203",
      "itemSku": "   7502271157245",
      "category": "",
      "providerType": "0",
      "requiredQuantity": "001.000",
      "discount": "00014.000",
      "discountType": "F",
      "optative": "3",
      "description": "DESPENSA MP BARA                        ",
      "itemSubcategory": "    ",
      "itemSegment": "    ",
      "itemSubsegment": "    ",
      "durationCode": "1000023591111111",
      "grouper": "009.000",
      "percent": "000.00",
      "optativeOne": " ",
      "sent": " ",
      "action": "A",
      "binCode": "",
      "messagePsg": ""
    },
    {
      "lineNumber": "65",
      "folio": "  19705918",
      "itemCategory": " 1",
      "type": "00",
      "startDate": "20241113",
      "endDate": "20241203",
      "itemSku": "   7502271159881",
      "category": "",
      "providerType": "0",
      "requiredQuantity": "001.000",
      "discount": "00010.000",
      "discountType": "F",
      "optative": "4",
      "description": "DESPENSA MP BARA                        ",
      "itemSubcategory": "    ",
      "itemSegment": "    ",
      "itemSubsegment": "    ",
      "durationCode": "1000023591111111",
      "grouper": "009.000",
      "percent": "000.00",
      "optativeOne": " ",
      "sent": " ",
      "action": "A",
      "binCode": "",
      "messagePsg": ""
    },
    {
      "lineNumber": "66",
      "folio": "  19705918",
      "itemCategory": " 1",
      "type": "00",
      "startDate": "20241113",
      "endDate": "20241203",
      "itemSku": "   7502294225358",
      "category": "",
      "providerType": "0",
      "requiredQuantity": "001.000",
      "discount": "00010.500",
      "discountType": "F",
      "optative": "5",
      "description": "DESPENSA MP BARA                        ",
      "itemSubcategory": "    ",
      "itemSegment": "    ",
      "itemSubsegment": "    ",
      "durationCode": "1000023591111111",
      "grouper": "009.000",
      "percent": "000.00",
      "optativeOne": " ",
      "sent": " ",
      "action": "A",
      "binCode": "",
      "messagePsg": ""
    },
    {
      "lineNumber": "67",
      "folio": "  19705918",
      "itemCategory": " 1",
      "type": "00",
      "startDate": "20241113",
      "endDate": "20241203",
      "itemSku": "   7502294224979",
      "category": "",
      "providerType": "0",
      "requiredQuantity": "001.000",
      "discount": "00014.000",
      "discountType": "F",
      "optative": "6",
      "description": "DESPENSA MP BARA                        ",
      "itemSubcategory": "    ",
      "itemSegment": "    ",
      "itemSubsegment": "    ",
      "durationCode": "1000023591111111",
      "grouper": "009.000",
      "percent": "000.00",
      "optativeOne": " ",
      "sent": " ",
      "action": "A",
      "binCode": "",
      "messagePsg": ""
    },
    {
      "lineNumber": "68",
      "folio": "  19705918",
      "itemCategory": " 1",
      "type": "00",
      "startDate": "20241113",
      "endDate": "20241203",
      "itemSku": "   7502294224436",
      "category": "",
      "providerType": "0",
      "requiredQuantity": "001.000",
      "discount": "00011.500",
      "discountType": "F",
      "optative": "7",
      "description": "DESPENSA MP BARA                        ",
      "itemSubcategory": "    ",
      "itemSegment": "    ",
      "itemSubsegment": "    ",
      "durationCode": "1000023591111111",
      "grouper": "009.000",
      "percent": "000.00",
      "optativeOne": " ",
      "sent": " ",
      "action": "A",
      "binCode": "",
      "messagePsg": ""
    },
    {
      "lineNumber": "69",
      "folio": "  19705918",
      "itemCategory": " 1",
      "type": "00",
      "startDate": "20241113",
      "endDate": "20241203",
      "itemSku": "   7502271157238",
      "category": "",
      "providerType": "0",
      "requiredQuantity": "001.000",
      "discount": "00018.000",
      "discountType": "F",
      "optative": "8",
      "description": "DESPENSA MP BARA                        ",
      "itemSubcategory": "    ",
      "itemSegment": "    ",
      "itemSubsegment": "    ",
      "durationCode": "1000023591111111",
      "grouper": "009.000",
      "percent": "000.00",
      "optativeOne": " ",
      "sent": " ",
      "action": "A",
      "binCode": "",
      "messagePsg": ""
    },
    {
      "lineNumber": "70",
      "folio": "  19705918",
      "itemCategory": " 1",
      "type": "00",
      "startDate": "20241113",
      "endDate": "20241203",
      "itemSku": "   7502294220681",
      "category": "",
      "providerType": "0",
      "requiredQuantity": "001.000",
      "discount": "00014.000",
      "discountType": "F",
      "optative": "9",
      "description": "DESPENSA MP BARA                        ",
      "itemSubcategory": "    ",
      "itemSegment": "    ",
      "itemSubsegment": "    ",
      "durationCode": "1000023591111111",
      "grouper": "009.000",
      "percent": "000.00",
      "optativeOne": " ",
      "sent": " ",
      "action": "A",
      "binCode": "",
      "messagePsg": ""
    },
    {
      "lineNumber": "71",
      "folio": "  19705919",
      "itemCategory": " 1",
      "type": "02",
      "startDate": "20241113",
      "endDate": "20241203",
      "itemSku": "   7502271156811",
      "category": "",
      "providerType": "0",
      "requiredQuantity": "001.000",
      "discount": "00016.000",
      "discountType": "F",
      "optative": "1",
      "description": "DESPENSA MP BARA 1                      ",
      "itemSubcategory": "    ",
      "itemSegment": "    ",
      "itemSubsegment": "    ",
      "durationCode": "1000023591111111",
      "grouper": "009.000",
      "percent": "000.00",
      "optativeOne": " ",
      "sent": " ",
      "action": "A",
      "binCode": "",
      "messagePsg": ""
    },
    {
      "lineNumber": "72",
      "folio": "  19705919",
      "itemCategory": " 1",
      "type": "00",
      "startDate": "20241113",
      "endDate": "20241203",
      "itemSku": "   7502294222609",
      "category": "",
      "providerType": "0",
      "requiredQuantity": "001.000",
      "discount": "00017.000",
      "discountType": "F",
      "optative": "1",
      "description": "DESPENSA MP BARA 1                      ",
      "itemSubcategory": "    ",
      "itemSegment": "    ",
      "itemSubsegment": "    ",
      "durationCode": "1000023591111111",
      "grouper": "009.000",
      "percent": "000.00",
      "optativeOne": " ",
      "sent": " ",
      "action": "A",
      "binCode": "",
      "messagePsg": ""
    },
    {
      "lineNumber": "73",
      "folio": "  19705919",
      "itemCategory": " 1",
      "type": "00",
      "startDate": "20241113",
      "endDate": "20241203",
      "itemSku": "   7502294221787",
      "category": "",
      "providerType": "0",
      "requiredQuantity": "001.000",
      "discount": "00016.500",
      "discountType": "F",
      "optative": "2",
      "description": "DESPENSA MP BARA 1                      ",
      "itemSubcategory": "    ",
      "itemSegment": "    ",
      "itemSubsegment": "    ",
      "durationCode": "1000023591111111",
      "grouper": "009.000",
      "percent": "000.00",
      "optativeOne": " ",
      "sent": " ",
      "action": "A",
      "binCode": "",
      "messagePsg": ""
    },
    {
      "lineNumber": "74",
      "folio": "  19705919",
      "itemCategory": " 1",
      "type": "00",
      "startDate": "20241113",
      "endDate": "20241203",
      "itemSku": "   7502294222579",
      "category": "",
      "providerType": "0",
      "requiredQuantity": "001.000",
      "discount": "00016.500",
      "discountType": "F",
      "optative": "3",
      "description": "DESPENSA MP BARA 1                      ",
      "itemSubcategory": "    ",
      "itemSegment": "    ",
      "itemSubsegment": "    ",
      "durationCode": "1000023591111111",
      "grouper": "009.000",
      "percent": "000.00",
      "optativeOne": " ",
      "sent": " ",
      "action": "A",
      "binCode": "",
      "messagePsg": ""
    },
    {
      "lineNumber": "75",
      "folio": "  19705919",
      "itemCategory": " 1",
      "type": "00",
      "startDate": "20241113",
      "endDate": "20241203",
      "itemSku": "   7502271156958",
      "category": "",
      "providerType": "0",
      "requiredQuantity": "001.000",
      "discount": "00012.000",
      "discountType": "F",
      "optative": "5",
      "description": "DESPENSA MP BARA 1                      ",
      "itemSubcategory": "    ",
      "itemSegment": "    ",
      "itemSubsegment": "    ",
      "durationCode": "1000023591111111",
      "grouper": "009.000",
      "percent": "000.00",
      "optativeOne": " ",
      "sent": " ",
      "action": "A",
      "binCode": "",
      "messagePsg": ""
    },
    {
      "lineNumber": "76",
      "folio": "  19705919",
      "itemCategory": " 1",
      "type": "00",
      "startDate": "20241113",
      "endDate": "20241203",
      "itemSku": "   7502271157016",
      "category": "",
      "providerType": "0",
      "requiredQuantity": "001.000",
      "discount": "00019.000",
      "discountType": "F",
      "optative": "6",
      "description": "DESPENSA MP BARA 1                      ",
      "itemSubcategory": "    ",
      "itemSegment": "    ",
      "itemSubsegment": "    ",
      "durationCode": "1000023591111111",
      "grouper": "009.000",
      "percent": "000.00",
      "optativeOne": " ",
      "sent": " ",
      "action": "A",
      "binCode": "",
      "messagePsg": ""
    },
    {
      "lineNumber": "77",
      "folio": "  19705919",
      "itemCategory": " 1",
      "type": "00",
      "startDate": "20241113",
      "endDate": "20241203",
      "itemSku": "   7502294221220",
      "category": "",
      "providerType": "0",
      "requiredQuantity": "001.000",
      "discount": "00019.500",
      "discountType": "F",
      "optative": "7",
      "description": "DESPENSA MP BARA 1                      ",
      "itemSubcategory": "    ",
      "itemSegment": "    ",
      "itemSubsegment": "    ",
      "durationCode": "1000023591111111",
      "grouper": "009.000",
      "percent": "000.00",
      "optativeOne": " ",
      "sent": " ",
      "action": "A",
      "binCode": "",
      "messagePsg": ""
    },
    {
      "lineNumber": "78",
      "folio": "  19705919",
      "itemCategory": " 1",
      "type": "00",
      "startDate": "20241113",
      "endDate": "20241203",
      "itemSku": "   7502294221640",
      "category": "",
      "providerType": "0",
      "requiredQuantity": "001.000",
      "discount": "00034.000",
      "discountType": "F",
      "optative": "8",
      "description": "DESPENSA MP BARA 1                      ",
      "itemSubcategory": "    ",
      "itemSegment": "    ",
      "itemSubsegment": "    ",
      "durationCode": "1000023591111111",
      "grouper": "009.000",
      "percent": "000.00",
      "optativeOne": " ",
      "sent": " ",
      "action": "A",
      "binCode": "",
      "messagePsg": ""
    },
    {
      "lineNumber": "79",
      "folio": "  19705919",
      "itemCategory": " 1",
      "type": "00",
      "startDate": "20241113",
      "endDate": "20241203",
      "itemSku": "   7502294221282",
      "category": "",
      "providerType": "0",
      "requiredQuantity": "001.000",
      "discount": "00017.500",
      "discountType": "F",
      "optative": "9",
      "description": "DESPENSA MP BARA 1                      ",
      "itemSubcategory": "    ",
      "itemSegment": "    ",
      "itemSubsegment": "    ",
      "durationCode": "1000023591111111",
      "grouper": "009.000",
      "percent": "000.00",
      "optativeOne": " ",
      "sent": " ",
      "action": "A",
      "binCode": "",
      "messagePsg": ""
    },
    {
      "lineNumber": "80",
      "folio": "  19705920",
      "itemCategory": " 1",
      "type": "00",
      "startDate": "20241113",
      "endDate": "20241202",
      "itemSku": "   7501064112546",
      "category": "",
      "providerType": "0",
      "requiredQuantity": "006.000",
      "discount": "00120.000",
      "discountType": "F",
      "optative": "1",
      "description": "Cerveza Model Esp Lata 355ml 6X$120     ",
      "itemSubcategory": "    ",
      "itemSegment": "    ",
      "itemSubsegment": "    ",
      "durationCode": "1000023591111111",
      "grouper": "001.000",
      "percent": "000.00",
      "optativeOne": " ",
      "sent": " ",
      "action": "A",
      "binCode": "",
      "messagePsg": ""
    }
  ]
}
