{
    "organizationCountry": "MX",
    "organizationName": "FEMSA Comercio",
    "businessName": "OXXO",
    "departmentId": "12NEO",
    "storeId": "52RSW",
    "numberOfRecords": "20",
    "searchId": "000000000000000000000000",
    "searchDate": "2024-11-01 20:51:08",
    "promotions": [
        {
            "lineNumber": "1",
            "folio": "  19705478",
            "itemCategory": " 1",
            "type": "00",
            "startDate": "20241102",
            "endDate": "20241104",
            "itemSku": "   7502271157191",
            "category": "",
            "providerType": "0",
            "requiredQuantity": "001.000",
            "discount": "00027.000",
            "discountType": "F",
            "optative": "1",
            "description": "DESPENSA MP BARA $146.00                ",
            "itemSubcategory": "    ",
            "itemSegment": "    ",
            "itemSubsegment": "    ",
            "durationCode": "1000023591000011",
            "grouper": "010.000",
            "percent": "000.00",
            "optativeOne": " ",
            "sent": " ",
            "action": "A",
            "binCode": "",
            "messagePsg": ""
        },
        {
            "lineNumber": "2",
            "folio": "  19705478",
            "itemCategory": " 1",
            "type": "00",
            "startDate": "20241102",
            "endDate": "20241104",
            "itemSku": "   7502294221015",
            "category": "",
            "providerType": "0",
            "requiredQuantity": "001.000",
            "discount": "00021.000",
            "discountType": "F",
            "optative": "2",
            "description": "DESPENSA MP BARA $146.00                ",
            "itemSubcategory": "    ",
            "itemSegment": "    ",
            "itemSubsegment": "    ",
            "durationCode": "1000023591000011",
            "grouper": "010.000",
            "percent": "000.00",
            "optativeOne": " ",
            "sent": " ",
            "action": "A",
            "binCode": "",
            "messagePsg": ""
        },
        {
            "lineNumber": "3",
            "folio": "  19705478",
            "itemCategory": " 1",
            "type": "00",
            "startDate": "20241102",
            "endDate": "20241104",
            "itemSku": "   7502271157245",
            "category": "",
            "providerType": "0",
            "requiredQuantity": "001.000",
            "discount": "00015.500",
            "discountType": "F",
            "optative": "3",
            "description": "DESPENSA MP BARA $146.00                ",
            "itemSubcategory": "    ",
            "itemSegment": "    ",
            "itemSubsegment": "    ",
            "durationCode": "1000023591000011",
            "grouper": "010.000",
            "percent": "000.00",
            "optativeOne": " ",
            "sent": " ",
            "action": "A",
            "binCode": "",
            "messagePsg": ""
        },
        {
            "lineNumber": "4",
            "folio": "  19705478",
            "itemCategory": " 1",
            "type": "00",
            "startDate": "20241102",
            "endDate": "20241104",
            "itemSku": "   7502271159881",
            "category": "",
            "providerType": "0",
            "requiredQuantity": "001.000",
            "discount": "00010.500",
            "discountType": "F",
            "optative": "4",
            "description": "DESPENSA MP BARA $146.00                ",
            "itemSubcategory": "    ",
            "itemSegment": "    ",
            "itemSubsegment": "    ",
            "durationCode": "1000023591000011",
            "grouper": "010.000",
            "percent": "000.00",
            "optativeOne": " ",
            "sent": " ",
            "action": "A",
            "binCode": "",
            "messagePsg": ""
        },
        {
            "lineNumber": "5",
            "folio": "  19705478",
            "itemCategory": " 1",
            "type": "00",
            "startDate": "20241102",
            "endDate": "20241104",
            "itemSku": "   7502294225358",
            "category": "",
            "providerType": "0",
            "requiredQuantity": "001.000",
            "discount": "00011.500",
            "discountType": "F",
            "optative": "5",
            "description": "DESPENSA MP BARA $146.00                ",
            "itemSubcategory": "    ",
            "itemSegment": "    ",
            "itemSubsegment": "    ",
            "durationCode": "1000023591000011",
            "grouper": "010.000",
            "percent": "000.00",
            "optativeOne": " ",
            "sent": " ",
            "action": "A",
            "binCode": "",
            "messagePsg": ""
        },
        {
            "lineNumber": "6",
            "folio": "  19705478",
            "itemCategory": " 1",
            "type": "00",
            "startDate": "20241102",
            "endDate": "20241104",
            "itemSku": "   7502294224979",
            "category": "",
            "providerType": "0",
            "requiredQuantity": "001.000",
            "discount": "00014.000",
            "discountType": "F",
            "optative": "6",
            "description": "DESPENSA MP BARA $146.00                ",
            "itemSubcategory": "    ",
            "itemSegment": "    ",
            "itemSubsegment": "    ",
            "durationCode": "1000023591000011",
            "grouper": "010.000",
            "percent": "000.00",
            "optativeOne": " ",
            "sent": " ",
            "action": "A",
            "binCode": "",
            "messagePsg": ""
        },
        {
            "lineNumber": "7",
            "folio": "  19705478",
            "itemCategory": " 1",
            "type": "00",
            "startDate": "20241102",
            "endDate": "20241104",
            "itemSku": "   7502294224436",
            "category": "",
            "providerType": "0",
            "requiredQuantity": "001.000",
            "discount": "00013.500",
            "discountType": "F",
            "optative": "7",
            "description": "DESPENSA MP BARA $146.00                ",
            "itemSubcategory": "    ",
            "itemSegment": "    ",
            "itemSubsegment": "    ",
            "durationCode": "1000023591000011",
            "grouper": "010.000",
            "percent": "000.00",
            "optativeOne": " ",
            "sent": " ",
            "action": "A",
            "binCode": "",
            "messagePsg": ""
        },
        {
            "lineNumber": "8",
            "folio": "  19705478",
            "itemCategory": " 1",
            "type": "00",
            "startDate": "20241102",
            "endDate": "20241104",
            "itemSku": "   7502271157238",
            "category": "",
            "providerType": "0",
            "requiredQuantity": "001.000",
            "discount": "00019.000",
            "discountType": "F",
            "optative": "8",
            "description": "DESPENSA MP BARA $146.00                ",
            "itemSubcategory": "    ",
            "itemSegment": "    ",
            "itemSubsegment": "    ",
            "durationCode": "1000023591000011",
            "grouper": "010.000",
            "percent": "000.00",
            "optativeOne": " ",
            "sent": " ",
            "action": "A",
            "binCode": "",
            "messagePsg": ""
        },
        {
            "lineNumber": "9",
            "folio": "  19705478",
            "itemCategory": " 1",
            "type": "00",
            "startDate": "20241102",
            "endDate": "20241104",
            "itemSku": "   7502294220681",
            "category": "",
            "providerType": "0",
            "requiredQuantity": "001.000",
            "discount": "00013.000",
            "discountType": "F",
            "optative": "9",
            "description": "DESPENSA MP BARA $146.00                ",
            "itemSubcategory": "    ",
            "itemSegment": "    ",
            "itemSubsegment": "    ",
            "durationCode": "1000023591000011",
            "grouper": "010.000",
            "percent": "000.00",
            "optativeOne": " ",
            "sent": " ",
            "action": "A",
            "binCode": "",
            "messagePsg": ""
        },
        {
            "lineNumber": "10",
            "folio": "  19705478",
            "itemCategory": " 1",
            "type": "02",
            "startDate": "20241102",
            "endDate": "20241104",
            "itemSku": "   7500383097213",
            "category": "",
            "providerType": "0",
            "requiredQuantity": "001.000",
            "discount": "00001.000",
            "discountType": "F",
            "optative": "1",
            "description": "DESPENSA MP BARA $146.00                ",
            "itemSubcategory": "    ",
            "itemSegment": "    ",
            "itemSubsegment": "    ",
            "durationCode": "1000023591000011",
            "grouper": "010.000",
            "percent": "000.00",
            "optativeOne": " ",
            "sent": " ",
            "action": "A",
            "binCode": "",
            "messagePsg": ""
        },
        {
            "lineNumber": "11",
            "folio": "  19705479",
            "itemCategory": " 1",
            "type": "00",
            "startDate": "20241102",
            "endDate": "20241104",
            "itemSku": "   7500383097213",
            "category": "",
            "providerType": "0",
            "requiredQuantity": "001.000",
            "discount": "00008.000",
            "discountType": "F",
            "optative": "1",
            "description": "DESPENSA MP BARA $178.00                ",
            "itemSubcategory": "    ",
            "itemSegment": "    ",
            "itemSubsegment": "    ",
            "durationCode": "1000023591000011",
            "grouper": "010.000",
            "percent": "000.00",
            "optativeOne": " ",
            "sent": " ",
            "action": "A",
            "binCode": "",
            "messagePsg": ""
        },
        {
            "lineNumber": "12",
            "folio": "  19705479",
            "itemCategory": " 1",
            "type": "00",
            "startDate": "20241102",
            "endDate": "20241104",
            "itemSku": "   7502294222609",
            "category": "",
            "providerType": "0",
            "requiredQuantity": "001.000",
            "discount": "00019.000",
            "discountType": "F",
            "optative": "2",
            "description": "DESPENSA MP BARA $178.00                ",
            "itemSubcategory": "    ",
            "itemSegment": "    ",
            "itemSubsegment": "    ",
            "durationCode": "1000023591000011",
            "grouper": "010.000",
            "percent": "000.00",
            "optativeOne": " ",
            "sent": " ",
            "action": "A",
            "binCode": "",
            "messagePsg": ""
        },
        {
            "lineNumber": "13",
            "folio": "  19705479",
            "itemCategory": " 1",
            "type": "00",
            "startDate": "20241102",
            "endDate": "20241104",
            "itemSku": "   7502294221787",
            "category": "",
            "providerType": "0",
            "requiredQuantity": "001.000",
            "discount": "00017.000",
            "discountType": "F",
            "optative": "3",
            "description": "DESPENSA MP BARA $178.00                ",
            "itemSubcategory": "    ",
            "itemSegment": "    ",
            "itemSubsegment": "    ",
            "durationCode": "1000023591000011",
            "grouper": "010.000",
            "percent": "000.00",
            "optativeOne": " ",
            "sent": " ",
            "action": "A",
            "binCode": "",
            "messagePsg": ""
        },
        {
            "lineNumber": "14",
            "folio": "  19705479",
            "itemCategory": " 1",
            "type": "00",
            "startDate": "20241102",
            "endDate": "20241104",
            "itemSku": "   7502294222579",
            "category": "",
            "providerType": "0",
            "requiredQuantity": "001.000",
            "discount": "00017.000",
            "discountType": "F",
            "optative": "4",
            "description": "DESPENSA MP BARA $178.00                ",
            "itemSubcategory": "    ",
            "itemSegment": "    ",
            "itemSubsegment": "    ",
            "durationCode": "1000023591000011",
            "grouper": "010.000",
            "percent": "000.00",
            "optativeOne": " ",
            "sent": " ",
            "action": "A",
            "binCode": "",
            "messagePsg": ""
        },
        {
            "lineNumber": "15",
            "folio": "  19705479",
            "itemCategory": " 1",
            "type": "00",
            "startDate": "20241102",
            "endDate": "20241104",
            "itemSku": "   7502271156811",
            "category": "",
            "providerType": "0",
            "requiredQuantity": "001.000",
            "discount": "00017.000",
            "discountType": "F",
            "optative": "5",
            "description": "DESPENSA MP BARA $178.00                ",
            "itemSubcategory": "    ",
            "itemSegment": "    ",
            "itemSubsegment": "    ",
            "durationCode": "1000023591000011",
            "grouper": "010.000",
            "percent": "000.00",
            "optativeOne": " ",
            "sent": " ",
            "action": "A",
            "binCode": "",
            "messagePsg": ""
        },
        {
            "lineNumber": "16",
            "folio": "  19705479",
            "itemCategory": " 1",
            "type": "00",
            "startDate": "20241102",
            "endDate": "20241104",
            "itemSku": "   7502271156958",
            "category": "",
            "providerType": "0",
            "requiredQuantity": "001.000",
            "discount": "00012.000",
            "discountType": "F",
            "optative": "6",
            "description": "DESPENSA MP BARA $178.00                ",
            "itemSubcategory": "    ",
            "itemSegment": "    ",
            "itemSubsegment": "    ",
            "durationCode": "1000023591000011",
            "grouper": "010.000",
            "percent": "000.00",
            "optativeOne": " ",
            "sent": " ",
            "action": "A",
            "binCode": "",
            "messagePsg": ""
        },
        {
            "lineNumber": "17",
            "folio": "  19705479",
            "itemCategory": " 1",
            "type": "00",
            "startDate": "20241102",
            "endDate": "20241104",
            "itemSku": "   7502271157016",
            "category": "",
            "providerType": "0",
            "requiredQuantity": "001.000",
            "discount": "00021.000",
            "discountType": "F",
            "optative": "7",
            "description": "DESPENSA MP BARA $178.00                ",
            "itemSubcategory": "    ",
            "itemSegment": "    ",
            "itemSubsegment": "    ",
            "durationCode": "1000023591000011",
            "grouper": "010.000",
            "percent": "000.00",
            "optativeOne": " ",
            "sent": " ",
            "action": "A",
            "binCode": "",
            "messagePsg": ""
        },
        {
            "lineNumber": "18",
            "folio": "  19705479",
            "itemCategory": " 1",
            "type": "00",
            "startDate": "20241102",
            "endDate": "20241104",
            "itemSku": "   7502294221220",
            "category": "",
            "providerType": "0",
            "requiredQuantity": "001.000",
            "discount": "00018.500",
            "discountType": "F",
            "optative": "8",
            "description": "DESPENSA MP BARA $178.00                ",
            "itemSubcategory": "    ",
            "itemSegment": "    ",
            "itemSubsegment": "    ",
            "durationCode": "1000023591000011",
            "grouper": "010.000",
            "percent": "000.00",
            "optativeOne": " ",
            "sent": " ",
            "action": "A",
            "binCode": "",
            "messagePsg": ""
        },
        {
            "lineNumber": "19",
            "folio": "  19705479",
            "itemCategory": " 1",
            "type": "00",
            "startDate": "20241102",
            "endDate": "20241104",
            "itemSku": "   7502294221640",
            "category": "",
            "providerType": "0",
            "requiredQuantity": "001.000",
            "discount": "00034.000",
            "discountType": "F",
            "optative": "9",
            "description": "DESPENSA MP BARA $178.00                ",
            "itemSubcategory": "    ",
            "itemSegment": "    ",
            "itemSubsegment": "    ",
            "durationCode": "1000023591000011",
            "grouper": "010.000",
            "percent": "000.00",
            "optativeOne": " ",
            "sent": " ",
            "action": "A",
            "binCode": "",
            "messagePsg": ""
        },
        {
            "lineNumber": "20",
            "folio": "  19705479",
            "itemCategory": " 1",
            "type": "02",
            "startDate": "20241102",
            "endDate": "20241104",
            "itemSku": "   7502294221282",
            "category": "",
            "providerType": "0",
            "requiredQuantity": "001.000",
            "discount": "00014.500",
            "discountType": "F",
            "optative": "1",
            "description": "DESPENSA MP BARA $178.00                ",
            "itemSubcategory": "    ",
            "itemSegment": "    ",
            "itemSubsegment": "    ",
            "durationCode": "1000023591000011",
            "grouper": "010.000",
            "percent": "000.00",
            "optativeOne": " ",
            "sent": " ",
            "action": "A",
            "binCode": "",
            "messagePsg": ""
        }
    ]
}