{
    "organizationCountry": "MX",
    "organizationName": "FEMSA Comercio",
    "businessName": "OXXO",
    "departmentId": "12NEO",
    "storeId": "52RSW",
    "numberOfRecords": "2",
    "searchId": "000000000000000000000000",
    "searchDate": "2025-01-31 13:48:00",
    "promotions": [
        {
            "lineNumber": "1",
            "folio": "  19710481",
            "itemCategory": " 1",
            "type": "00",
            "startDate": "20250201",
            "endDate": "20250206",
            "itemSku": "   7501064112546",
            "category": "",
            "providerType": "0",
            "requiredQuantity": "006.000",
            "discount": "00120.000",
            "discountType": "F",
            "optative": "1",
            "description": "Modelo Especial Lata 355ml 6x$120       ",
            "itemSubcategory": "    ",
            "itemSegment": "    ",
            "itemSubsegment": "    ",
            "durationCode": "1000023591111011",
            "grouper": "001.000",
            "percent": "000.00",
            "optativeOne": " ",
            "sent": " ",
            "action": "A",
            "binCode": "",
            "messagePsg": ""
        },
        {
            "lineNumber": "2",
            "folio": "  19710482",
            "itemCategory": " 1",
            "type": "03",
            "startDate": "20250201",
            "endDate": "20250206",
            "itemSku": "   7501064120268",
            "category": "",
            "providerType": "0",
            "requiredQuantity": "001.000",
            "discount": "00230.000",
            "discountType": " ",
            "optative": " ",
            "description": "Modelo Especial 12P 355ml $230          ",
            "itemSubcategory": "",
            "itemSegment": "",
            "itemSubsegment": "",
            "durationCode": "1000023591111011",
            "grouper": "000.000",
            "percent": "000.00",
            "optativeOne": " ",
            "sent": " ",
            "action": "A",
            "binCode": "",
            "messagePsg": ""
        }
    ]
}