{
    "organizationCountry": "MX",
    "organizationName": "FEMSA Comercio",
    "businessName": "OXXO",
    "departmentId": "12NEO",
    "storeId": "52RSW",
    "numberOfRecords": "5",
    "searchId": "000000000000000000000000",
    "searchDate": "2025-02-06 13:50:08",
    "promotions": [
        {
            "lineNumber": "1",
            "folio": "  19709525",
            "itemCategory": " 1",
            "type": "00",
            "startDate": "19900101",
            "endDate": "20250205",
            "itemSku": "   7501055379941",
            "category": "",
            "providerType": "0",
            "requiredQuantity": "002.000",
            "discount": "00046.000",
            "discountType": "F",
            "optative": "1",
            "description": "PB PB SABORES CC 2L                     ",
            "itemSubcategory": "    ",
            "itemSegment": "    ",
            "itemSubsegment": "    ",
            "durationCode": "1000023591111111",
            "grouper": "000.000",
            "percent": "000.00",
            "optativeOne": " ",
            "sent": " ",
            "action": "F",
            "binCode": "",
            "messagePsg": ""
        },
        {
            "lineNumber": "2",
            "folio": "  19710573",
            "itemCategory": " 1",
            "type": "00",
            "startDate": "19900101",
            "endDate": "20250205",
            "itemSku": "   7501055376810",
            "category": "",
            "providerType": "0",
            "requiredQuantity": "012.000",
            "discount": "00065.000",
            "discountType": "F",
            "optative": "1",
            "description": "Variedad CC sabores SA 355ml NR 12x$65  ",
            "itemSubcategory": "    ",
            "itemSegment": "    ",
            "itemSubsegment": "    ",
            "durationCode": "1000023591111111",
            "grouper": "000.000",
            "percent": "000.00",
            "optativeOne": " ",
            "sent": " ",
            "action": "F",
            "binCode": "",
            "messagePsg": ""
        },
        {
            "lineNumber": "3",
            "folio": "  19710573",
            "itemCategory": " 1",
            "type": "00",
            "startDate": "19900101",
            "endDate": "20250205",
            "itemSku": "   7501055373901",
            "category": "",
            "providerType": "0",
            "requiredQuantity": "012.000",
            "discount": "00065.000",
            "discountType": "F",
            "optative": "1",
            "description": "Variedad CC sabores SA 355ml NR 12x$65  ",
            "itemSubcategory": "    ",
            "itemSegment": "    ",
            "itemSubsegment": "    ",
            "durationCode": "1000023591111111",
            "grouper": "000.000",
            "percent": "000.00",
            "optativeOne": " ",
            "sent": " ",
            "action": "F",
            "binCode": "",
            "messagePsg": ""
        },
        {
            "lineNumber": "4",
            "folio": "  19710573",
            "itemCategory": " 1",
            "type": "00",
            "startDate": "19900101",
            "endDate": "20250205",
            "itemSku": "   7501055376827",
            "category": "",
            "providerType": "0",
            "requiredQuantity": "012.000",
            "discount": "00065.000",
            "discountType": "F",
            "optative": "1",
            "description": "Variedad CC sabores SA 355ml NR 12x$65  ",
            "itemSubcategory": "    ",
            "itemSegment": "    ",
            "itemSubsegment": "    ",
            "durationCode": "1000023591111111",
            "grouper": "000.000",
            "percent": "000.00",
            "optativeOne": " ",
            "sent": " ",
            "action": "F",
            "binCode": "",
            "messagePsg": ""
        },
        {
            "lineNumber": "5",
            "folio": "  19710573",
            "itemCategory": " 1",
            "type": "00",
            "startDate": "19900101",
            "endDate": "20250205",
            "itemSku": "   7501055376803",
            "category": "",
            "providerType": "0",
            "requiredQuantity": "012.000",
            "discount": "00065.000",
            "discountType": "F",
            "optative": "1",
            "description": "Variedad CC sabores SA 355ml NR 12x$65  ",
            "itemSubcategory": "    ",
            "itemSegment": "    ",
            "itemSubsegment": "    ",
            "durationCode": "1000023591111111",
            "grouper": "000.000",
            "percent": "000.00",
            "optativeOne": " ",
            "sent": " ",
            "action": "F",
            "binCode": "",
            "messagePsg": ""
        }
    ]
}