{
    "organizationCountry": "MX",
    "organizationName": "FEMSA Comercio",
    "businessName": "OXXO",
    "departmentId": "12NEO",
    "storeId": "52RSW",
    "numberOfRecords": "20",
    "searchId": "000000000000000000000000",
    "searchDate": "2024-12-31 02:26:28",
    "promotions": [
        {
            "lineNumber": "1",
            "folio": "  19708210",
            "itemCategory": " 1",
            "type": "03",
            "startDate": "20250101",
            "endDate": "20250202",
            "itemSku": "   7501064196959",
            "category": "",
            "providerType": "0",
            "requiredQuantity": "001.000",
            "discount": "00072.000",
            "discountType": " ",
            "optative": " ",
            "description": "Barrilito 6P 355ml o 6P 325ml $72       ",
            "itemSubcategory": "",
            "itemSegment": "",
            "itemSubsegment": "",
            "durationCode": "1000023591111111",
            "grouper": "000.000",
            "percent": "000.00",
            "optativeOne": " ",
            "sent": " ",
            "action": "A",
            "binCode": "",
            "messagePsg": ""
        },
        {
            "lineNumber": "2",
            "folio": "  19708210",
            "itemCategory": " 1",
            "type": "03",
            "startDate": "20250101",
            "endDate": "20250202",
            "itemSku": "   7501064114359",
            "category": "",
            "providerType": "0",
            "requiredQuantity": "001.000",
            "discount": "00072.000",
            "discountType": " ",
            "optative": " ",
            "description": "Barrilito 6P 355ml o 6P 325ml $72       ",
            "itemSubcategory": "",
            "itemSegment": "",
            "itemSubsegment": "",
            "durationCode": "1000023591111111",
            "grouper": "000.000",
            "percent": "000.00",
            "optativeOne": " ",
            "sent": " ",
            "action": "A",
            "binCode": "",
            "messagePsg": ""
        },
        {
            "lineNumber": "3",
            "folio": "  19708211",
            "itemCategory": " 1",
            "type": "03",
            "startDate": "20250101",
            "endDate": "20250202",
            "itemSku": "   7501064120268",
            "category": "",
            "providerType": "0",
            "requiredQuantity": "001.000",
            "discount": "00240.000",
            "discountType": " ",
            "optative": " ",
            "description": "Modelo Especial 12P 355ml $240          ",
            "itemSubcategory": "",
            "itemSegment": "",
            "itemSubsegment": "",
            "durationCode": "1000023591111111",
            "grouper": "000.000",
            "percent": "000.00",
            "optativeOne": " ",
            "sent": " ",
            "action": "A",
            "binCode": "",
            "messagePsg": ""
        },
        {
            "lineNumber": "4",
            "folio": "  19708212",
            "itemCategory": " 1",
            "type": "03",
            "startDate": "20250101",
            "endDate": "20250202",
            "itemSku": "   7501064193842",
            "category": "",
            "providerType": "0",
            "requiredQuantity": "001.000",
            "discount": "00210.000",
            "discountType": " ",
            "optative": " ",
            "description": "Cor Ex 12P 355ml o Vic 12P 355ml $210   ",
            "itemSubcategory": "",
            "itemSegment": "",
            "itemSubsegment": "",
            "durationCode": "1000023591111111",
            "grouper": "000.000",
            "percent": "000.00",
            "optativeOne": " ",
            "sent": " ",
            "action": "A",
            "binCode": "",
            "messagePsg": ""
        },
        {
            "lineNumber": "5",
            "folio": "  19708212",
            "itemCategory": " 1",
            "type": "03",
            "startDate": "20250101",
            "endDate": "20250202",
            "itemSku": "   7501064197482",
            "category": "",
            "providerType": "0",
            "requiredQuantity": "001.000",
            "discount": "00210.000",
            "discountType": " ",
            "optative": " ",
            "description": "Cor Ex 12P 355ml o Vic 12P 355ml $210   ",
            "itemSubcategory": "",
            "itemSegment": "",
            "itemSubsegment": "",
            "durationCode": "1000023591111111",
            "grouper": "000.000",
            "percent": "000.00",
            "optativeOne": " ",
            "sent": " ",
            "action": "A",
            "binCode": "",
            "messagePsg": ""
        },
        {
            "lineNumber": "6",
            "folio": "  19708213",
            "itemCategory": " 1",
            "type": "03",
            "startDate": "20250101",
            "endDate": "20250202",
            "itemSku": "   7501064194214",
            "category": "",
            "providerType": "0",
            "requiredQuantity": "001.000",
            "discount": "00200.000",
            "discountType": " ",
            "optative": " ",
            "description": "Corona Light 12 Pack 355ml $200         ",
            "itemSubcategory": "",
            "itemSegment": "",
            "itemSubsegment": "",
            "durationCode": "1000023591111111",
            "grouper": "000.000",
            "percent": "000.00",
            "optativeOne": " ",
            "sent": " ",
            "action": "A",
            "binCode": "",
            "messagePsg": ""
        },
        {
            "lineNumber": "7",
            "folio": "  19708214",
            "itemCategory": " 1",
            "type": "00",
            "startDate": "20250101",
            "endDate": "20250202",
            "itemSku": "   7501064101205",
            "category": "",
            "providerType": "0",
            "requiredQuantity": "002.000",
            "discount": "00093.000",
            "discountType": "F",
            "optative": "1",
            "description": "Corona o Victoria Ret 1.2L 2x$93        ",
            "itemSubcategory": "    ",
            "itemSegment": "    ",
            "itemSubsegment": "    ",
            "durationCode": "1000023591111111",
            "grouper": "001.000",
            "percent": "000.00",
            "optativeOne": " ",
            "sent": " ",
            "action": "A",
            "binCode": "",
            "messagePsg": ""
        },
        {
            "lineNumber": "8",
            "folio": "  19708214",
            "itemCategory": " 1",
            "type": "00",
            "startDate": "20250101",
            "endDate": "20250202",
            "itemSku": "   7501064191909",
            "category": "",
            "providerType": "0",
            "requiredQuantity": "002.000",
            "discount": "00093.000",
            "discountType": "F",
            "optative": "1",
            "description": "Corona o Victoria Ret 1.2L 2x$93        ",
            "itemSubcategory": "    ",
            "itemSegment": "    ",
            "itemSubsegment": "    ",
            "durationCode": "1000023591111111",
            "grouper": "001.000",
            "percent": "000.00",
            "optativeOne": " ",
            "sent": " ",
            "action": "A",
            "binCode": "",
            "messagePsg": ""
        },
        {
            "lineNumber": "9",
            "folio": "  19708216",
            "itemCategory": " 1",
            "type": "00",
            "startDate": "20250101",
            "endDate": "20250202",
            "itemSku": "   7501064194962",
            "category": "",
            "providerType": "0",
            "requiredQuantity": "004.000",
            "discount": "00096.000",
            "discountType": "F",
            "optative": "1",
            "description": "Cor Ext o Light o Vict 473ml 4x$96      ",
            "itemSubcategory": "    ",
            "itemSegment": "    ",
            "itemSubsegment": "    ",
            "durationCode": "1000023591111111",
            "grouper": "001.000",
            "percent": "000.00",
            "optativeOne": " ",
            "sent": " ",
            "action": "A",
            "binCode": "",
            "messagePsg": ""
        },
        {
            "lineNumber": "10",
            "folio": "  19708216",
            "itemCategory": " 1",
            "type": "00",
            "startDate": "20250101",
            "endDate": "20250202",
            "itemSku": "   7501064193859",
            "category": "",
            "providerType": "0",
            "requiredQuantity": "004.000",
            "discount": "00096.000",
            "discountType": "F",
            "optative": "1",
            "description": "Cor Ext o Light o Vict 473ml 4x$96      ",
            "itemSubcategory": "    ",
            "itemSegment": "    ",
            "itemSubsegment": "    ",
            "durationCode": "1000023591111111",
            "grouper": "001.000",
            "percent": "000.00",
            "optativeOne": " ",
            "sent": " ",
            "action": "A",
            "binCode": "",
            "messagePsg": ""
        },
        {
            "lineNumber": "11",
            "folio": "  19708216",
            "itemCategory": " 1",
            "type": "00",
            "startDate": "20250101",
            "endDate": "20250202",
            "itemSku": "   7501064194139",
            "category": "",
            "providerType": "0",
            "requiredQuantity": "004.000",
            "discount": "00096.000",
            "discountType": "F",
            "optative": "1",
            "description": "Cor Ext o Light o Vict 473ml 4x$96      ",
            "itemSubcategory": "    ",
            "itemSegment": "    ",
            "itemSubsegment": "    ",
            "durationCode": "1000023591111111",
            "grouper": "001.000",
            "percent": "000.00",
            "optativeOne": " ",
            "sent": " ",
            "action": "A",
            "binCode": "",
            "messagePsg": ""
        },
        {
            "lineNumber": "12",
            "folio": "  19708218",
            "itemCategory": " 1",
            "type": "00",
            "startDate": "20250101",
            "endDate": "20250202",
            "itemSku": "   7501064191886",
            "category": "",
            "providerType": "0",
            "requiredQuantity": "004.000",
            "discount": "00106.000",
            "discountType": "F",
            "optative": "1",
            "description": "Modelo Especial Laton 473ml 4x$106      ",
            "itemSubcategory": "    ",
            "itemSegment": "    ",
            "itemSubsegment": "    ",
            "durationCode": "1000023591111111",
            "grouper": "001.000",
            "percent": "000.00",
            "optativeOne": " ",
            "sent": " ",
            "action": "A",
            "binCode": "",
            "messagePsg": ""
        },
        {
            "lineNumber": "13",
            "folio": "  19708219",
            "itemCategory": " 1",
            "type": "00",
            "startDate": "20250101",
            "endDate": "20250202",
            "itemSku": "   7501064190711",
            "category": "",
            "providerType": "0",
            "requiredQuantity": "006.000",
            "discount": "00111.000",
            "discountType": "F",
            "optative": "1",
            "description": "Corona 355ml o Victoria 355ml 6x$111    ",
            "itemSubcategory": "    ",
            "itemSegment": "    ",
            "itemSubsegment": "    ",
            "durationCode": "1000023591111111",
            "grouper": "001.000",
            "percent": "000.00",
            "optativeOne": " ",
            "sent": " ",
            "action": "A",
            "binCode": "",
            "messagePsg": ""
        },
        {
            "lineNumber": "14",
            "folio": "  19708219",
            "itemCategory": " 1",
            "type": "00",
            "startDate": "20250101",
            "endDate": "20250202",
            "itemSku": "   7501064195310",
            "category": "",
            "providerType": "0",
            "requiredQuantity": "006.000",
            "discount": "00111.000",
            "discountType": "F",
            "optative": "1",
            "description": "Corona 355ml o Victoria 355ml 6x$111    ",
            "itemSubcategory": "    ",
            "itemSegment": "    ",
            "itemSubsegment": "    ",
            "durationCode": "1000023591111111",
            "grouper": "001.000",
            "percent": "000.00",
            "optativeOne": " ",
            "sent": " ",
            "action": "A",
            "binCode": "",
            "messagePsg": ""
        },
        {
            "lineNumber": "15",
            "folio": "  19708220",
            "itemCategory": " 1",
            "type": "00",
            "startDate": "20250101",
            "endDate": "20250202",
            "itemSku": "   7501064107153",
            "category": "",
            "providerType": "0",
            "requiredQuantity": "006.000",
            "discount": "00106.000",
            "discountType": "F",
            "optative": "1",
            "description": "Cerveza Corona Light Lata 355ml 6x$106  ",
            "itemSubcategory": "    ",
            "itemSegment": "    ",
            "itemSubsegment": "    ",
            "durationCode": "1000023591111111",
            "grouper": "001.000",
            "percent": "000.00",
            "optativeOne": " ",
            "sent": " ",
            "action": "A",
            "binCode": "",
            "messagePsg": ""
        },
        {
            "lineNumber": "16",
            "folio": "  19708221",
            "itemCategory": " 1",
            "type": "00",
            "startDate": "20250101",
            "endDate": "20250202",
            "itemSku": "   7501064194504",
            "category": "",
            "providerType": "0",
            "requiredQuantity": "006.000",
            "discount": "00123.000",
            "discountType": "F",
            "optative": "1",
            "description": "Michelob Ultra Lata 355ml 6x$123        ",
            "itemSubcategory": "    ",
            "itemSegment": "    ",
            "itemSubsegment": "    ",
            "durationCode": "1000023591111111",
            "grouper": "001.000",
            "percent": "000.00",
            "optativeOne": " ",
            "sent": " ",
            "action": "A",
            "binCode": "",
            "messagePsg": ""
        },
        {
            "lineNumber": "17",
            "folio": "  19708222",
            "itemCategory": " 1",
            "type": "00",
            "startDate": "20250101",
            "endDate": "20250202",
            "itemSku": "   7501064198168",
            "category": "",
            "providerType": "0",
            "requiredQuantity": "006.000",
            "discount": "00124.000",
            "discountType": "F",
            "optative": "1",
            "description": "Michelob Ultra NR 355ml 6x$124          ",
            "itemSubcategory": "    ",
            "itemSegment": "    ",
            "itemSubsegment": "    ",
            "durationCode": "1000023591111111",
            "grouper": "001.000",
            "percent": "000.00",
            "optativeOne": " ",
            "sent": " ",
            "action": "A",
            "binCode": "",
            "messagePsg": ""
        },
        {
            "lineNumber": "18",
            "folio": "  19708223",
            "itemCategory": " 1",
            "type": "00",
            "startDate": "20250101",
            "endDate": "20250202",
            "itemSku": "   7501064112546",
            "category": "",
            "providerType": "0",
            "requiredQuantity": "006.000",
            "discount": "00125.000",
            "discountType": "F",
            "optative": "1",
            "description": "Modelo Especial Lata 355ml 6x$125       ",
            "itemSubcategory": "    ",
            "itemSegment": "    ",
            "itemSubsegment": "    ",
            "durationCode": "1000023591111111",
            "grouper": "001.000",
            "percent": "000.00",
            "optativeOne": " ",
            "sent": " ",
            "action": "A",
            "binCode": "",
            "messagePsg": ""
        },
        {
            "lineNumber": "19",
            "folio": "  19708224",
            "itemCategory": " 1",
            "type": "00",
            "startDate": "20250101",
            "endDate": "20250202",
            "itemSku": "        75027278",
            "category": "",
            "providerType": "0",
            "requiredQuantity": "006.000",
            "discount": "00144.000",
            "discountType": "F",
            "optative": "1",
            "description": "Modelo Especial NR 355ml 6x$144         ",
            "itemSubcategory": "    ",
            "itemSegment": "    ",
            "itemSubsegment": "    ",
            "durationCode": "1000023591111111",
            "grouper": "001.000",
            "percent": "000.00",
            "optativeOne": " ",
            "sent": " ",
            "action": "A",
            "binCode": "",
            "messagePsg": ""
        },
        {
            "lineNumber": "20",
            "folio": "  19708225",
            "itemCategory": " 1",
            "type": "00",
            "startDate": "20250101",
            "endDate": "20250202",
            "itemSku": "   7501064196935",
            "category": "",
            "providerType": "0",
            "requiredQuantity": "006.000",
            "discount": "00130.000",
            "discountType": "F",
            "optative": "1",
            "description": "Negra Modelo Lata 355ml 6x$130          ",
            "itemSubcategory": "    ",
            "itemSegment": "    ",
            "itemSubsegment": "    ",
            "durationCode": "1000023591111111",
            "grouper": "001.000",
            "percent": "000.00",
            "optativeOne": " ",
            "sent": " ",
            "action": "A",
            "binCode": "",
            "messagePsg": ""
        }
    ]
}