{
    "organizationCountry": "MX",
    "organizationName": "FEMSA Comercio",
    "businessName": "OXXO",
    "departmentId": "12NEO",
    "storeId": "52RSW",
    "numberOfRecords": "1",
    "searchId": "000000000000000000000000",
    "searchDate": "2025-02-27 20:45:27",
    "promotions": [
        {
            "lineNumber": "1",
            "folio": "  19710976",
            "itemCategory": " 1",
            "type": "03",
            "startDate": "20250220",
            "endDate": "20250304",
            "itemSku": "   7501055356256",
            "category": "",
            "providerType": "0",
            "requiredQuantity": "001.000",
            "discount": "00005.000",
            "discountType": " ",
            "optative": " ",
            "description": "Coca Cola SA Chubby 355ml Pet $5        ",
            "itemSubcategory": "",
            "itemSegment": "",
            "itemSubsegment": "",
            "durationCode": "1000023591111111",
            "grouper": "000.000",
            "percent": "000.00",
            "optativeOne": " ",
            "sent": " ",
            "action": "A",
            "binCode": "",
            "messagePsg": ""
        }
    ]
}