{
    "organizationCountry": "MX",
    "organizationName": "FEMSA Comercio",
    "businessName": "OXXO",
    "departmentId": "12NEO",
    "storeId": "52DUG",
    "numberOfRecords": "6",
    "searchId": "000000000000000000000000",
    "searchDate": "2025-03-10 13:35:35",
    "items": [
        {
            "lineNumber": "1",
            "code": "000000",
            "sku": "   7501040009839",
            "supplierCode": "00000",
            "shortDescription": "FUD SALCHI HTDOG 500     ",
            "piecesPerPackage": "0000",
            "taxRate": "00.00",
            "afeGpo": "00",
            "paiCode": "000",
            "famCode": "000",
            "salePrice": "000000.00",
            "costPrice": "000000.00",
            "status": "3",
            "priceControl": "0",
            "unitMeasure": "  ",
            "saleRestriction": "Y",
            "keyNumber": "00",
            "isps": "0.0000",
            "facDes": "1.0000",
            "decimal": "F",
            "movementCode": "C",
            "movementFolio": "000000",
            "previousSaleDate": "000000.00",
            "cedisSupplier": "0000",
            "unitOfMeasure": "",
            "saleTaxCode": "",
            "subcategory": "",
            "segment": "",
            "subsegment": "",
            "effectiveDate": "20250310",
            "movementInternalFolio": "244950        ",
            "transactionalLevel": "ITM",
            "type": "",
            "returnableIndicator": "",
            "rounding": "   ",
            "fpgUds": "0000.00",
            "fpgCtd": "0000.00000",
            "merchandiseType": "",
            "longDescription": "",
            "shrinkageType": "",
            "pricePerPackage": "",
            "unitQuantity": "",
            "taxValue": "0.0",
            "skuFactor": "0.0",
            "maxUnits": "",
            "assortmentLine": "",
            "replenishmentDate": "",
            "assortmentfrequency": "",
            "diasfre": "",
            "isAssortment": "",
            "isSalable": "",
            "transactionType": "25",
            "returnPeriod": "",
            "returnReasonCode": "",
            "returnMaxUnits": "",
            "effectiveStartDate": "",
            "effectiveEndDate": "",
            "shorTae": "",
            "parentSKU": "",
            "category": ""
        },
        {
            "lineNumber": "2",
            "code": "000000",
            "sku": "   7501040023705",
            "supplierCode": "00000",
            "shortDescription": "FUD PAVO CUIDT 230GR     ",
            "piecesPerPackage": "0000",
            "taxRate": "00.00",
            "afeGpo": "00",
            "paiCode": "000",
            "famCode": "000",
            "salePrice": "000000.00",
            "costPrice": "000000.00",
            "status": "3",
            "priceControl": "0",
            "unitMeasure": "  ",
            "saleRestriction": "Y",
            "keyNumber": "00",
            "isps": "0.0000",
            "facDes": "1.0000",
            "decimal": "F",
            "movementCode": "C",
            "movementFolio": "000000",
            "previousSaleDate": "000000.00",
            "cedisSupplier": "0000",
            "unitOfMeasure": "",
            "saleTaxCode": "",
            "subcategory": "",
            "segment": "",
            "subsegment": "",
            "effectiveDate": "20250310",
            "movementInternalFolio": "244950        ",
            "transactionalLevel": "ITM",
            "type": "",
            "returnableIndicator": "",
            "rounding": "   ",
            "fpgUds": "0000.00",
            "fpgCtd": "0000.00000",
            "merchandiseType": "",
            "longDescription": "",
            "shrinkageType": "",
            "pricePerPackage": "",
            "unitQuantity": "",
            "taxValue": "0.0",
            "skuFactor": "0.0",
            "maxUnits": "",
            "assortmentLine": "",
            "replenishmentDate": "",
            "assortmentfrequency": "",
            "diasfre": "",
            "isAssortment": "",
            "isSalable": "",
            "transactionType": "25",
            "returnPeriod": "",
            "returnReasonCode": "",
            "returnMaxUnits": "",
            "effectiveStartDate": "",
            "effectiveEndDate": "",
            "shorTae": "",
            "parentSKU": "",
            "category": ""
        },
        {
            "lineNumber": "3",
            "code": "000000",
            "sku": "   7501040023712",
            "supplierCode": "00000",
            "shortDescription": "FUD CUIDAT SALCH 400     ",
            "piecesPerPackage": "0000",
            "taxRate": "00.00",
            "afeGpo": "00",
            "paiCode": "000",
            "famCode": "000",
            "salePrice": "000000.00",
            "costPrice": "000000.00",
            "status": "3",
            "priceControl": "0",
            "unitMeasure": "  ",
            "saleRestriction": "Y",
            "keyNumber": "00",
            "isps": "0.0000",
            "facDes": "1.0000",
            "decimal": "F",
            "movementCode": "C",
            "movementFolio": "000000",
            "previousSaleDate": "000000.00",
            "cedisSupplier": "0000",
            "unitOfMeasure": "",
            "saleTaxCode": "",
            "subcategory": "",
            "segment": "",
            "subsegment": "",
            "effectiveDate": "20250310",
            "movementInternalFolio": "244950        ",
            "transactionalLevel": "ITM",
            "type": "",
            "returnableIndicator": "",
            "rounding": "   ",
            "fpgUds": "0000.00",
            "fpgCtd": "0000.00000",
            "merchandiseType": "",
            "longDescription": "",
            "shrinkageType": "",
            "pricePerPackage": "",
            "unitQuantity": "",
            "taxValue": "0.0",
            "skuFactor": "0.0",
            "maxUnits": "",
            "assortmentLine": "",
            "replenishmentDate": "",
            "assortmentfrequency": "",
            "diasfre": "",
            "isAssortment": "",
            "isSalable": "",
            "transactionType": "25",
            "returnPeriod": "",
            "returnReasonCode": "",
            "returnMaxUnits": "",
            "effectiveStartDate": "",
            "effectiveEndDate": "",
            "shorTae": "",
            "parentSKU": "",
            "category": ""
        },
        {
            "lineNumber": "4",
            "code": "000000",
            "sku": "   7501040083709",
            "supplierCode": "00000",
            "shortDescription": "FUD QUESO PANEL 400G     ",
            "piecesPerPackage": "0000",
            "taxRate": "00.00",
            "afeGpo": "00",
            "paiCode": "000",
            "famCode": "000",
            "salePrice": "000000.00",
            "costPrice": "000000.00",
            "status": " ",
            "priceControl": "0",
            "unitMeasure": "  ",
            "saleRestriction": "Y",
            "keyNumber": "00",
            "isps": "0.0000",
            "facDes": "1.0000",
            "decimal": "F",
            "movementCode": "C",
            "movementFolio": "000000",
            "previousSaleDate": "000000.00",
            "cedisSupplier": "0000",
            "unitOfMeasure": "",
            "saleTaxCode": "",
            "subcategory": "",
            "segment": "",
            "subsegment": "",
            "effectiveDate": "20250310",
            "movementInternalFolio": "244950        ",
            "transactionalLevel": "ITM",
            "type": "",
            "returnableIndicator": "",
            "rounding": "   ",
            "fpgUds": "0000.00",
            "fpgCtd": "0000.00000",
            "merchandiseType": "",
            "longDescription": "",
            "shrinkageType": "",
            "pricePerPackage": "",
            "unitQuantity": "",
            "taxValue": "0.0",
            "skuFactor": "0.0",
            "maxUnits": "",
            "assortmentLine": "",
            "replenishmentDate": "",
            "assortmentfrequency": "",
            "diasfre": "",
            "isAssortment": "",
            "isSalable": "",
            "transactionType": "10",
            "returnPeriod": "",
            "returnReasonCode": "",
            "returnMaxUnits": "",
            "effectiveStartDate": "",
            "effectiveEndDate": "",
            "shorTae": "",
            "parentSKU": "",
            "category": ""
        },
        {
            "lineNumber": "5",
            "code": "000000",
            "sku": "   7501040083709",
            "supplierCode": "00000",
            "shortDescription": "QUESO PANELA FUD 400     ",
            "piecesPerPackage": "0000",
            "taxRate": "00.00",
            "afeGpo": "00",
            "paiCode": "000",
            "famCode": "000",
            "salePrice": "000000.00",
            "costPrice": "000000.00",
            "status": "3",
            "priceControl": "0",
            "unitMeasure": "  ",
            "saleRestriction": "Y",
            "keyNumber": "00",
            "isps": "0.0000",
            "facDes": "1.0000",
            "decimal": "F",
            "movementCode": "C",
            "movementFolio": "000000",
            "previousSaleDate": "000000.00",
            "cedisSupplier": "0000",
            "unitOfMeasure": "",
            "saleTaxCode": "",
            "subcategory": "",
            "segment": "",
            "subsegment": "",
            "effectiveDate": "20250310",
            "movementInternalFolio": "244950        ",
            "transactionalLevel": "ITM",
            "type": "",
            "returnableIndicator": "",
            "rounding": "   ",
            "fpgUds": "0000.00",
            "fpgCtd": "0000.00000",
            "merchandiseType": "",
            "longDescription": "",
            "shrinkageType": "",
            "pricePerPackage": "",
            "unitQuantity": "",
            "taxValue": "0.0",
            "skuFactor": "0.0",
            "maxUnits": "",
            "assortmentLine": "",
            "replenishmentDate": "",
            "assortmentfrequency": "",
            "diasfre": "",
            "isAssortment": "",
            "isSalable": "",
            "transactionType": "25",
            "returnPeriod": "",
            "returnReasonCode": "",
            "returnMaxUnits": "",
            "effectiveStartDate": "",
            "effectiveEndDate": "",
            "shorTae": "",
            "parentSKU": "",
            "category": ""
        },
        {
            "lineNumber": "6",
            "code": "000000",
            "sku": "   7502261881013",
            "supplierCode": "00000",
            "shortDescription": "SNROQUE QSO RAN 150G     ",
            "piecesPerPackage": "0000",
            "taxRate": "00.00",
            "afeGpo": "00",
            "paiCode": "000",
            "famCode": "000",
            "salePrice": "000000.00",
            "costPrice": "000000.00",
            "status": "3",
            "priceControl": "0",
            "unitMeasure": "  ",
            "saleRestriction": "Y",
            "keyNumber": "00",
            "isps": "0.0000",
            "facDes": "1.0000",
            "decimal": "F",
            "movementCode": "C",
            "movementFolio": "000000",
            "previousSaleDate": "000000.00",
            "cedisSupplier": "0000",
            "unitOfMeasure": "",
            "saleTaxCode": "",
            "subcategory": "",
            "segment": "",
            "subsegment": "",
            "effectiveDate": "20250310",
            "movementInternalFolio": "244950        ",
            "transactionalLevel": "ITM",
            "type": "",
            "returnableIndicator": "",
            "rounding": "   ",
            "fpgUds": "0000.00",
            "fpgCtd": "0000.00000",
            "merchandiseType": "",
            "longDescription": "",
            "shrinkageType": "",
            "pricePerPackage": "",
            "unitQuantity": "",
            "taxValue": "0.0",
            "skuFactor": "0.0",
            "maxUnits": "",
            "assortmentLine": "",
            "replenishmentDate": "",
            "assortmentfrequency": "",
            "diasfre": "",
            "isAssortment": "",
            "isSalable": "",
            "transactionType": "25",
            "returnPeriod": "",
            "returnReasonCode": "",
            "returnMaxUnits": "",
            "effectiveStartDate": "",
            "effectiveEndDate": "",
            "shorTae": "",
            "parentSKU": "",
            "category": ""
        }
    ]
}