{
    "organizationCountry": "MX",
    "organizationName": "FEMSA Comercio",
    "businessName": "OXXO",
    "departmentId": "12NEO",
    "storeId": "52DUG",
    "numberOfRecords": "27",
    "searchId": "000000000000000000000000",
    "searchDate": "2025-03-19 20:33:19",
    "items": [
        {
            "lineNumber": "1",
            "code": "000000",
            "sku": "           10381",
            "supplierCode": "00000",
            "shortDescription": "",
            "piecesPerPackage": "0000",
            "taxRate": "00.00",
            "afeGpo": "00",
            "paiCode": "000",
            "famCode": "000",
            "salePrice": "000000.00",
            "costPrice": "000000.00",
            "status": " ",
            "priceControl": "0",
            "unitMeasure": "  ",
            "saleRestriction": "Y",
            "keyNumber": "00",
            "isps": "0.0000",
            "facDes": "1.0000",
            "decimal": "F",
            "movementCode": "C",
            "movementFolio": "000000",
            "previousSaleDate": "000000.00",
            "cedisSupplier": "0000",
            "unitOfMeasure": "",
            "saleTaxCode": "",
            "subcategory": "",
            "segment": "",
            "subsegment": "",
            "effectiveDate": "20250319",
            "movementInternalFolio": "245510        ",
            "transactionalLevel": "ITM",
            "type": "",
            "returnableIndicator": "Y",
            "rounding": "   ",
            "fpgUds": "0000.00",
            "fpgCtd": "0000.00000",
            "merchandiseType": "",
            "longDescription": "",
            "shrinkageType": "",
            "pricePerPackage": "",
            "unitQuantity": "",
            "taxValue": "0.0",
            "skuFactor": "0.0",
            "maxUnits": "",
            "assortmentLine": "",
            "replenishmentDate": "",
            "assortmentfrequency": "",
            "diasfre": "",
            "isAssortment": "",
            "isSalable": "",
            "transactionType": "62",
            "returnPeriod": "",
            "returnReasonCode": "",
            "returnMaxUnits": "",
            "effectiveStartDate": "",
            "effectiveEndDate": "",
            "shorTae": "",
            "parentSKU": "",
            "category": ""
        },
        {
            "lineNumber": "2",
            "code": "000000",
            "sku": "           10381",
            "supplierCode": "00000",
            "shortDescription": "",
            "piecesPerPackage": "0000",
            "taxRate": "00.00",
            "afeGpo": "00",
            "paiCode": "000",
            "famCode": "000",
            "salePrice": "000000.00",
            "costPrice": "000000.00",
            "status": "",
            "priceControl": "0",
            "unitMeasure": "  ",
            "saleRestriction": "Y",
            "keyNumber": "00",
            "isps": "0.0000",
            "facDes": "1.0000",
            "decimal": "F",
            "movementCode": "C",
            "movementFolio": "000000",
            "previousSaleDate": "000000.00",
            "cedisSupplier": "0000",
            "unitOfMeasure": "",
            "saleTaxCode": "",
            "subcategory": "",
            "segment": "",
            "subsegment": "",
            "effectiveDate": "20250319",
            "movementInternalFolio": "245510        ",
            "transactionalLevel": "ITM",
            "type": "",
            "returnableIndicator": "",
            "rounding": "   ",
            "fpgUds": "0000.00",
            "fpgCtd": "0000.00000",
            "merchandiseType": "900",
            "longDescription": "",
            "shrinkageType": "",
            "pricePerPackage": "",
            "unitQuantity": "",
            "taxValue": "0.0",
            "skuFactor": "0.0",
            "maxUnits": "",
            "assortmentLine": "",
            "replenishmentDate": "",
            "assortmentfrequency": "",
            "diasfre": "",
            "isAssortment": "",
            "isSalable": "",
            "transactionType": "65",
            "returnPeriod": "25033",
            "returnReasonCode": "4",
            "returnMaxUnits": "900",
            "effectiveStartDate": "20250320",
            "effectiveEndDate": "20500131",
            "shorTae": "",
            "parentSKU": "",
            "category": ""
        },
        {
            "lineNumber": "3",
            "code": "000000",
            "sku": "            2868",
            "supplierCode": "00000",
            "shortDescription": "",
            "piecesPerPackage": "0000",
            "taxRate": "00.00",
            "afeGpo": "00",
            "paiCode": "000",
            "famCode": "000",
            "salePrice": "000000.00",
            "costPrice": "000000.00",
            "status": " ",
            "priceControl": "0",
            "unitMeasure": "  ",
            "saleRestriction": "Y",
            "keyNumber": "00",
            "isps": "0.0000",
            "facDes": "1.0000",
            "decimal": "F",
            "movementCode": "C",
            "movementFolio": "000000",
            "previousSaleDate": "000000.00",
            "cedisSupplier": "0000",
            "unitOfMeasure": "",
            "saleTaxCode": "",
            "subcategory": "",
            "segment": "",
            "subsegment": "",
            "effectiveDate": "20250319",
            "movementInternalFolio": "245510        ",
            "transactionalLevel": "ITM",
            "type": "",
            "returnableIndicator": "Y",
            "rounding": "   ",
            "fpgUds": "0000.00",
            "fpgCtd": "0000.00000",
            "merchandiseType": "",
            "longDescription": "",
            "shrinkageType": "",
            "pricePerPackage": "",
            "unitQuantity": "",
            "taxValue": "0.0",
            "skuFactor": "0.0",
            "maxUnits": "",
            "assortmentLine": "",
            "replenishmentDate": "",
            "assortmentfrequency": "",
            "diasfre": "",
            "isAssortment": "",
            "isSalable": "",
            "transactionType": "62",
            "returnPeriod": "",
            "returnReasonCode": "",
            "returnMaxUnits": "",
            "effectiveStartDate": "",
            "effectiveEndDate": "",
            "shorTae": "",
            "parentSKU": "",
            "category": ""
        },
        {
            "lineNumber": "4",
            "code": "000000",
            "sku": "            2868",
            "supplierCode": "00000",
            "shortDescription": "",
            "piecesPerPackage": "0000",
            "taxRate": "00.00",
            "afeGpo": "00",
            "paiCode": "000",
            "famCode": "000",
            "salePrice": "000000.00",
            "costPrice": "000000.00",
            "status": "",
            "priceControl": "0",
            "unitMeasure": "  ",
            "saleRestriction": "Y",
            "keyNumber": "00",
            "isps": "0.0000",
            "facDes": "1.0000",
            "decimal": "F",
            "movementCode": "C",
            "movementFolio": "000000",
            "previousSaleDate": "000000.00",
            "cedisSupplier": "0000",
            "unitOfMeasure": "",
            "saleTaxCode": "",
            "subcategory": "",
            "segment": "",
            "subsegment": "",
            "effectiveDate": "20250319",
            "movementInternalFolio": "245510        ",
            "transactionalLevel": "ITM",
            "type": "",
            "returnableIndicator": "",
            "rounding": "   ",
            "fpgUds": "0000.00",
            "fpgCtd": "0000.00000",
            "merchandiseType": "900",
            "longDescription": "",
            "shrinkageType": "",
            "pricePerPackage": "",
            "unitQuantity": "",
            "taxValue": "0.0",
            "skuFactor": "0.0",
            "maxUnits": "",
            "assortmentLine": "",
            "replenishmentDate": "",
            "assortmentfrequency": "",
            "diasfre": "",
            "isAssortment": "",
            "isSalable": "",
            "transactionType": "65",
            "returnPeriod": "25033",
            "returnReasonCode": "4",
            "returnMaxUnits": "900",
            "effectiveStartDate": "20250320",
            "effectiveEndDate": "20500131",
            "shorTae": "",
            "parentSKU": "",
            "category": ""
        },
        {
            "lineNumber": "5",
            "code": "000000",
            "sku": "            2870",
            "supplierCode": "00000",
            "shortDescription": "",
            "piecesPerPackage": "0000",
            "taxRate": "00.00",
            "afeGpo": "00",
            "paiCode": "000",
            "famCode": "000",
            "salePrice": "000000.00",
            "costPrice": "000000.00",
            "status": " ",
            "priceControl": "0",
            "unitMeasure": "  ",
            "saleRestriction": "Y",
            "keyNumber": "00",
            "isps": "0.0000",
            "facDes": "1.0000",
            "decimal": "F",
            "movementCode": "C",
            "movementFolio": "000000",
            "previousSaleDate": "000000.00",
            "cedisSupplier": "0000",
            "unitOfMeasure": "",
            "saleTaxCode": "",
            "subcategory": "",
            "segment": "",
            "subsegment": "",
            "effectiveDate": "20250319",
            "movementInternalFolio": "245510        ",
            "transactionalLevel": "ITM",
            "type": "",
            "returnableIndicator": "Y",
            "rounding": "   ",
            "fpgUds": "0000.00",
            "fpgCtd": "0000.00000",
            "merchandiseType": "",
            "longDescription": "",
            "shrinkageType": "",
            "pricePerPackage": "",
            "unitQuantity": "",
            "taxValue": "0.0",
            "skuFactor": "0.0",
            "maxUnits": "",
            "assortmentLine": "",
            "replenishmentDate": "",
            "assortmentfrequency": "",
            "diasfre": "",
            "isAssortment": "",
            "isSalable": "",
            "transactionType": "62",
            "returnPeriod": "",
            "returnReasonCode": "",
            "returnMaxUnits": "",
            "effectiveStartDate": "",
            "effectiveEndDate": "",
            "shorTae": "",
            "parentSKU": "",
            "category": ""
        },
        {
            "lineNumber": "6",
            "code": "000000",
            "sku": "            2870",
            "supplierCode": "00000",
            "shortDescription": "",
            "piecesPerPackage": "0000",
            "taxRate": "00.00",
            "afeGpo": "00",
            "paiCode": "000",
            "famCode": "000",
            "salePrice": "000000.00",
            "costPrice": "000000.00",
            "status": "",
            "priceControl": "0",
            "unitMeasure": "  ",
            "saleRestriction": "Y",
            "keyNumber": "00",
            "isps": "0.0000",
            "facDes": "1.0000",
            "decimal": "F",
            "movementCode": "C",
            "movementFolio": "000000",
            "previousSaleDate": "000000.00",
            "cedisSupplier": "0000",
            "unitOfMeasure": "",
            "saleTaxCode": "",
            "subcategory": "",
            "segment": "",
            "subsegment": "",
            "effectiveDate": "20250319",
            "movementInternalFolio": "245510        ",
            "transactionalLevel": "ITM",
            "type": "",
            "returnableIndicator": "",
            "rounding": "   ",
            "fpgUds": "0000.00",
            "fpgCtd": "0000.00000",
            "merchandiseType": "900",
            "longDescription": "",
            "shrinkageType": "",
            "pricePerPackage": "",
            "unitQuantity": "",
            "taxValue": "0.0",
            "skuFactor": "0.0",
            "maxUnits": "",
            "assortmentLine": "",
            "replenishmentDate": "",
            "assortmentfrequency": "",
            "diasfre": "",
            "isAssortment": "",
            "isSalable": "",
            "transactionType": "65",
            "returnPeriod": "25033",
            "returnReasonCode": "4",
            "returnMaxUnits": "900",
            "effectiveStartDate": "20250320",
            "effectiveEndDate": "20500131",
            "shorTae": "",
            "parentSKU": "",
            "category": ""
        },
        {
            "lineNumber": "7",
            "code": "000000",
            "sku": "            2871",
            "supplierCode": "00000",
            "shortDescription": "",
            "piecesPerPackage": "0000",
            "taxRate": "00.00",
            "afeGpo": "00",
            "paiCode": "000",
            "famCode": "000",
            "salePrice": "000000.00",
            "costPrice": "000000.00",
            "status": " ",
            "priceControl": "0",
            "unitMeasure": "  ",
            "saleRestriction": "Y",
            "keyNumber": "00",
            "isps": "0.0000",
            "facDes": "1.0000",
            "decimal": "F",
            "movementCode": "C",
            "movementFolio": "000000",
            "previousSaleDate": "000000.00",
            "cedisSupplier": "0000",
            "unitOfMeasure": "",
            "saleTaxCode": "",
            "subcategory": "",
            "segment": "",
            "subsegment": "",
            "effectiveDate": "20250319",
            "movementInternalFolio": "245510        ",
            "transactionalLevel": "ITM",
            "type": "",
            "returnableIndicator": "Y",
            "rounding": "   ",
            "fpgUds": "0000.00",
            "fpgCtd": "0000.00000",
            "merchandiseType": "",
            "longDescription": "",
            "shrinkageType": "",
            "pricePerPackage": "",
            "unitQuantity": "",
            "taxValue": "0.0",
            "skuFactor": "0.0",
            "maxUnits": "",
            "assortmentLine": "",
            "replenishmentDate": "",
            "assortmentfrequency": "",
            "diasfre": "",
            "isAssortment": "",
            "isSalable": "",
            "transactionType": "62",
            "returnPeriod": "",
            "returnReasonCode": "",
            "returnMaxUnits": "",
            "effectiveStartDate": "",
            "effectiveEndDate": "",
            "shorTae": "",
            "parentSKU": "",
            "category": ""
        },
        {
            "lineNumber": "8",
            "code": "000000",
            "sku": "            2871",
            "supplierCode": "00000",
            "shortDescription": "",
            "piecesPerPackage": "0000",
            "taxRate": "00.00",
            "afeGpo": "00",
            "paiCode": "000",
            "famCode": "000",
            "salePrice": "000000.00",
            "costPrice": "000000.00",
            "status": "",
            "priceControl": "0",
            "unitMeasure": "  ",
            "saleRestriction": "Y",
            "keyNumber": "00",
            "isps": "0.0000",
            "facDes": "1.0000",
            "decimal": "F",
            "movementCode": "C",
            "movementFolio": "000000",
            "previousSaleDate": "000000.00",
            "cedisSupplier": "0000",
            "unitOfMeasure": "",
            "saleTaxCode": "",
            "subcategory": "",
            "segment": "",
            "subsegment": "",
            "effectiveDate": "20250319",
            "movementInternalFolio": "245510        ",
            "transactionalLevel": "ITM",
            "type": "",
            "returnableIndicator": "",
            "rounding": "   ",
            "fpgUds": "0000.00",
            "fpgCtd": "0000.00000",
            "merchandiseType": "900",
            "longDescription": "",
            "shrinkageType": "",
            "pricePerPackage": "",
            "unitQuantity": "",
            "taxValue": "0.0",
            "skuFactor": "0.0",
            "maxUnits": "",
            "assortmentLine": "",
            "replenishmentDate": "",
            "assortmentfrequency": "",
            "diasfre": "",
            "isAssortment": "",
            "isSalable": "",
            "transactionType": "65",
            "returnPeriod": "25033",
            "returnReasonCode": "4",
            "returnMaxUnits": "900",
            "effectiveStartDate": "20250320",
            "effectiveEndDate": "20500131",
            "shorTae": "",
            "parentSKU": "",
            "category": ""
        },
        {
            "lineNumber": "9",
            "code": "000000",
            "sku": "           29651",
            "supplierCode": "00000",
            "shortDescription": "",
            "piecesPerPackage": "0000",
            "taxRate": "00.00",
            "afeGpo": "00",
            "paiCode": "000",
            "famCode": "000",
            "salePrice": "000000.00",
            "costPrice": "000000.00",
            "status": " ",
            "priceControl": "0",
            "unitMeasure": "  ",
            "saleRestriction": "Y",
            "keyNumber": "00",
            "isps": "0.0000",
            "facDes": "1.0000",
            "decimal": "F",
            "movementCode": "C",
            "movementFolio": "000000",
            "previousSaleDate": "000000.00",
            "cedisSupplier": "0000",
            "unitOfMeasure": "",
            "saleTaxCode": "",
            "subcategory": "",
            "segment": "",
            "subsegment": "",
            "effectiveDate": "20250319",
            "movementInternalFolio": "245510        ",
            "transactionalLevel": "ITM",
            "type": "",
            "returnableIndicator": "Y",
            "rounding": "   ",
            "fpgUds": "0000.00",
            "fpgCtd": "0000.00000",
            "merchandiseType": "",
            "longDescription": "",
            "shrinkageType": "",
            "pricePerPackage": "",
            "unitQuantity": "",
            "taxValue": "0.0",
            "skuFactor": "0.0",
            "maxUnits": "",
            "assortmentLine": "",
            "replenishmentDate": "",
            "assortmentfrequency": "",
            "diasfre": "",
            "isAssortment": "",
            "isSalable": "",
            "transactionType": "62",
            "returnPeriod": "",
            "returnReasonCode": "",
            "returnMaxUnits": "",
            "effectiveStartDate": "",
            "effectiveEndDate": "",
            "shorTae": "",
            "parentSKU": "",
            "category": ""
        },
        {
            "lineNumber": "10",
            "code": "000000",
            "sku": "           29651",
            "supplierCode": "00000",
            "shortDescription": "",
            "piecesPerPackage": "0000",
            "taxRate": "00.00",
            "afeGpo": "00",
            "paiCode": "000",
            "famCode": "000",
            "salePrice": "000000.00",
            "costPrice": "000000.00",
            "status": "",
            "priceControl": "0",
            "unitMeasure": "  ",
            "saleRestriction": "Y",
            "keyNumber": "00",
            "isps": "0.0000",
            "facDes": "1.0000",
            "decimal": "F",
            "movementCode": "C",
            "movementFolio": "000000",
            "previousSaleDate": "000000.00",
            "cedisSupplier": "0000",
            "unitOfMeasure": "",
            "saleTaxCode": "",
            "subcategory": "",
            "segment": "",
            "subsegment": "",
            "effectiveDate": "20250319",
            "movementInternalFolio": "245510        ",
            "transactionalLevel": "ITM",
            "type": "",
            "returnableIndicator": "",
            "rounding": "   ",
            "fpgUds": "0000.00",
            "fpgCtd": "0000.00000",
            "merchandiseType": "900",
            "longDescription": "",
            "shrinkageType": "",
            "pricePerPackage": "",
            "unitQuantity": "",
            "taxValue": "0.0",
            "skuFactor": "0.0",
            "maxUnits": "",
            "assortmentLine": "",
            "replenishmentDate": "",
            "assortmentfrequency": "",
            "diasfre": "",
            "isAssortment": "",
            "isSalable": "",
            "transactionType": "65",
            "returnPeriod": "25033",
            "returnReasonCode": "4",
            "returnMaxUnits": "900",
            "effectiveStartDate": "20250320",
            "effectiveEndDate": "20500131",
            "shorTae": "",
            "parentSKU": "",
            "category": ""
        },
        {
            "lineNumber": "11",
            "code": "000000",
            "sku": "           29652",
            "supplierCode": "00000",
            "shortDescription": "",
            "piecesPerPackage": "0000",
            "taxRate": "00.00",
            "afeGpo": "00",
            "paiCode": "000",
            "famCode": "000",
            "salePrice": "000000.00",
            "costPrice": "000000.00",
            "status": " ",
            "priceControl": "0",
            "unitMeasure": "  ",
            "saleRestriction": "Y",
            "keyNumber": "00",
            "isps": "0.0000",
            "facDes": "1.0000",
            "decimal": "F",
            "movementCode": "C",
            "movementFolio": "000000",
            "previousSaleDate": "000000.00",
            "cedisSupplier": "0000",
            "unitOfMeasure": "",
            "saleTaxCode": "",
            "subcategory": "",
            "segment": "",
            "subsegment": "",
            "effectiveDate": "20250319",
            "movementInternalFolio": "245510        ",
            "transactionalLevel": "ITM",
            "type": "",
            "returnableIndicator": "Y",
            "rounding": "   ",
            "fpgUds": "0000.00",
            "fpgCtd": "0000.00000",
            "merchandiseType": "",
            "longDescription": "",
            "shrinkageType": "",
            "pricePerPackage": "",
            "unitQuantity": "",
            "taxValue": "0.0",
            "skuFactor": "0.0",
            "maxUnits": "",
            "assortmentLine": "",
            "replenishmentDate": "",
            "assortmentfrequency": "",
            "diasfre": "",
            "isAssortment": "",
            "isSalable": "",
            "transactionType": "62",
            "returnPeriod": "",
            "returnReasonCode": "",
            "returnMaxUnits": "",
            "effectiveStartDate": "",
            "effectiveEndDate": "",
            "shorTae": "",
            "parentSKU": "",
            "category": ""
        },
        {
            "lineNumber": "12",
            "code": "000000",
            "sku": "           29652",
            "supplierCode": "00000",
            "shortDescription": "",
            "piecesPerPackage": "0000",
            "taxRate": "00.00",
            "afeGpo": "00",
            "paiCode": "000",
            "famCode": "000",
            "salePrice": "000000.00",
            "costPrice": "000000.00",
            "status": "",
            "priceControl": "0",
            "unitMeasure": "  ",
            "saleRestriction": "Y",
            "keyNumber": "00",
            "isps": "0.0000",
            "facDes": "1.0000",
            "decimal": "F",
            "movementCode": "C",
            "movementFolio": "000000",
            "previousSaleDate": "000000.00",
            "cedisSupplier": "0000",
            "unitOfMeasure": "",
            "saleTaxCode": "",
            "subcategory": "",
            "segment": "",
            "subsegment": "",
            "effectiveDate": "20250319",
            "movementInternalFolio": "245510        ",
            "transactionalLevel": "ITM",
            "type": "",
            "returnableIndicator": "",
            "rounding": "   ",
            "fpgUds": "0000.00",
            "fpgCtd": "0000.00000",
            "merchandiseType": "900",
            "longDescription": "",
            "shrinkageType": "",
            "pricePerPackage": "",
            "unitQuantity": "",
            "taxValue": "0.0",
            "skuFactor": "0.0",
            "maxUnits": "",
            "assortmentLine": "",
            "replenishmentDate": "",
            "assortmentfrequency": "",
            "diasfre": "",
            "isAssortment": "",
            "isSalable": "",
            "transactionType": "65",
            "returnPeriod": "25033",
            "returnReasonCode": "4",
            "returnMaxUnits": "900",
            "effectiveStartDate": "20250320",
            "effectiveEndDate": "20500131",
            "shorTae": "",
            "parentSKU": "",
            "category": ""
        },
        {
            "lineNumber": "13",
            "code": "000000",
            "sku": "   7501073839861",
            "supplierCode": "00000",
            "shortDescription": "",
            "piecesPerPackage": "0000",
            "taxRate": "00.00",
            "afeGpo": "00",
            "paiCode": "000",
            "famCode": "000",
            "salePrice": "000000.00",
            "costPrice": "000000.00",
            "status": " ",
            "priceControl": "0",
            "unitMeasure": "  ",
            "saleRestriction": "Y",
            "keyNumber": "00",
            "isps": "0.0000",
            "facDes": "1.0000",
            "decimal": "F",
            "movementCode": "C",
            "movementFolio": "000000",
            "previousSaleDate": "000000.00",
            "cedisSupplier": "0000",
            "unitOfMeasure": "",
            "saleTaxCode": "",
            "subcategory": "",
            "segment": "",
            "subsegment": "",
            "effectiveDate": "20250319",
            "movementInternalFolio": "245510        ",
            "transactionalLevel": "ITM",
            "type": "",
            "returnableIndicator": "Y",
            "rounding": "   ",
            "fpgUds": "0000.00",
            "fpgCtd": "0000.00000",
            "merchandiseType": "",
            "longDescription": "",
            "shrinkageType": "",
            "pricePerPackage": "",
            "unitQuantity": "",
            "taxValue": "0.0",
            "skuFactor": "0.0",
            "maxUnits": "",
            "assortmentLine": "",
            "replenishmentDate": "",
            "assortmentfrequency": "",
            "diasfre": "",
            "isAssortment": "",
            "isSalable": "",
            "transactionType": "62",
            "returnPeriod": "",
            "returnReasonCode": "",
            "returnMaxUnits": "",
            "effectiveStartDate": "",
            "effectiveEndDate": "",
            "shorTae": "",
            "parentSKU": "",
            "category": ""
        },
        {
            "lineNumber": "14",
            "code": "000000",
            "sku": "   7501073839861",
            "supplierCode": "00000",
            "shortDescription": "",
            "piecesPerPackage": "0000",
            "taxRate": "00.00",
            "afeGpo": "00",
            "paiCode": "000",
            "famCode": "000",
            "salePrice": "000000.00",
            "costPrice": "000000.00",
            "status": "",
            "priceControl": "0",
            "unitMeasure": "  ",
            "saleRestriction": "Y",
            "keyNumber": "00",
            "isps": "0.0000",
            "facDes": "1.0000",
            "decimal": "F",
            "movementCode": "C",
            "movementFolio": "000000",
            "previousSaleDate": "000000.00",
            "cedisSupplier": "0000",
            "unitOfMeasure": "",
            "saleTaxCode": "",
            "subcategory": "",
            "segment": "",
            "subsegment": "",
            "effectiveDate": "20250319",
            "movementInternalFolio": "245510        ",
            "transactionalLevel": "ITM",
            "type": "",
            "returnableIndicator": "",
            "rounding": "   ",
            "fpgUds": "0000.00",
            "fpgCtd": "0000.00000",
            "merchandiseType": "0",
            "longDescription": "",
            "shrinkageType": "",
            "pricePerPackage": "",
            "unitQuantity": "",
            "taxValue": "0.0",
            "skuFactor": "0.0",
            "maxUnits": "",
            "assortmentLine": "",
            "replenishmentDate": "",
            "assortmentfrequency": "",
            "diasfre": "",
            "isAssortment": "",
            "isSalable": "",
            "transactionType": "65",
            "returnPeriod": "25031",
            "returnReasonCode": "7",
            "returnMaxUnits": "0",
            "effectiveStartDate": "20250320",
            "effectiveEndDate": "20500131",
            "shorTae": "",
            "parentSKU": "",
            "category": ""
        },
        {
            "lineNumber": "15",
            "code": "000000",
            "sku": "   7502271156781",
            "supplierCode": "00000",
            "shortDescription": "",
            "piecesPerPackage": "0000",
            "taxRate": "00.00",
            "afeGpo": "00",
            "paiCode": "000",
            "famCode": "000",
            "salePrice": "000115.00",
            "costPrice": "000000.00",
            "status": " ",
            "priceControl": "0",
            "unitMeasure": "  ",
            "saleRestriction": "Y",
            "keyNumber": "00",
            "isps": "0.0000",
            "facDes": "1.0000",
            "decimal": "F",
            "movementCode": "P",
            "movementFolio": "000000",
            "previousSaleDate": "000000.00",
            "cedisSupplier": "0000",
            "unitOfMeasure": "EA  ",
            "saleTaxCode": "",
            "subcategory": "",
            "segment": "",
            "subsegment": "",
            "effectiveDate": "20250320",
            "movementInternalFolio": "245510        ",
            "transactionalLevel": "ITM",
            "type": "",
            "returnableIndicator": "",
            "rounding": "   ",
            "fpgUds": "0000.00",
            "fpgCtd": "0000.00000",
            "merchandiseType": "",
            "longDescription": "",
            "shrinkageType": "",
            "pricePerPackage": "",
            "unitQuantity": "",
            "taxValue": "0.0",
            "skuFactor": "0.0",
            "maxUnits": "",
            "assortmentLine": "",
            "replenishmentDate": "",
            "assortmentfrequency": "",
            "diasfre": "",
            "isAssortment": "",
            "isSalable": "",
            "transactionType": "11",
            "returnPeriod": "",
            "returnReasonCode": "",
            "returnMaxUnits": "",
            "effectiveStartDate": "",
            "effectiveEndDate": "",
            "shorTae": "",
            "parentSKU": "",
            "category": ""
        },
        {
            "lineNumber": "16",
            "code": "000000",
            "sku": "   7502271156798",
            "supplierCode": "00000",
            "shortDescription": "",
            "piecesPerPackage": "0000",
            "taxRate": "00.00",
            "afeGpo": "00",
            "paiCode": "000",
            "famCode": "000",
            "salePrice": "000019.50",
            "costPrice": "000000.00",
            "status": " ",
            "priceControl": "0",
            "unitMeasure": "  ",
            "saleRestriction": "Y",
            "keyNumber": "00",
            "isps": "0.0000",
            "facDes": "1.0000",
            "decimal": "F",
            "movementCode": "P",
            "movementFolio": "000000",
            "previousSaleDate": "000000.00",
            "cedisSupplier": "0000",
            "unitOfMeasure": "EA  ",
            "saleTaxCode": "",
            "subcategory": "",
            "segment": "",
            "subsegment": "",
            "effectiveDate": "20250320",
            "movementInternalFolio": "245510        ",
            "transactionalLevel": "ITM",
            "type": "",
            "returnableIndicator": "",
            "rounding": "   ",
            "fpgUds": "0000.00",
            "fpgCtd": "0000.00000",
            "merchandiseType": "",
            "longDescription": "",
            "shrinkageType": "",
            "pricePerPackage": "",
            "unitQuantity": "",
            "taxValue": "0.0",
            "skuFactor": "0.0",
            "maxUnits": "",
            "assortmentLine": "",
            "replenishmentDate": "",
            "assortmentfrequency": "",
            "diasfre": "",
            "isAssortment": "",
            "isSalable": "",
            "transactionType": "11",
            "returnPeriod": "",
            "returnReasonCode": "",
            "returnMaxUnits": "",
            "effectiveStartDate": "",
            "effectiveEndDate": "",
            "shorTae": "",
            "parentSKU": "",
            "category": ""
        },
        {
            "lineNumber": "17",
            "code": "000000",
            "sku": "   7502271156804",
            "supplierCode": "00000",
            "shortDescription": "",
            "piecesPerPackage": "0000",
            "taxRate": "00.00",
            "afeGpo": "00",
            "paiCode": "000",
            "famCode": "000",
            "salePrice": "000085.00",
            "costPrice": "000000.00",
            "status": " ",
            "priceControl": "0",
            "unitMeasure": "  ",
            "saleRestriction": "Y",
            "keyNumber": "00",
            "isps": "0.0000",
            "facDes": "1.0000",
            "decimal": "F",
            "movementCode": "P",
            "movementFolio": "000000",
            "previousSaleDate": "000000.00",
            "cedisSupplier": "0000",
            "unitOfMeasure": "EA  ",
            "saleTaxCode": "",
            "subcategory": "",
            "segment": "",
            "subsegment": "",
            "effectiveDate": "20250320",
            "movementInternalFolio": "245510        ",
            "transactionalLevel": "ITM",
            "type": "",
            "returnableIndicator": "",
            "rounding": "   ",
            "fpgUds": "0000.00",
            "fpgCtd": "0000.00000",
            "merchandiseType": "",
            "longDescription": "",
            "shrinkageType": "",
            "pricePerPackage": "",
            "unitQuantity": "",
            "taxValue": "0.0",
            "skuFactor": "0.0",
            "maxUnits": "",
            "assortmentLine": "",
            "replenishmentDate": "",
            "assortmentfrequency": "",
            "diasfre": "",
            "isAssortment": "",
            "isSalable": "",
            "transactionType": "11",
            "returnPeriod": "",
            "returnReasonCode": "",
            "returnMaxUnits": "",
            "effectiveStartDate": "",
            "effectiveEndDate": "",
            "shorTae": "",
            "parentSKU": "",
            "category": ""
        },
        {
            "lineNumber": "18",
            "code": "000000",
            "sku": "   7502271156811",
            "supplierCode": "00000",
            "shortDescription": "",
            "piecesPerPackage": "0000",
            "taxRate": "00.00",
            "afeGpo": "00",
            "paiCode": "000",
            "famCode": "000",
            "salePrice": "000019.50",
            "costPrice": "000000.00",
            "status": " ",
            "priceControl": "0",
            "unitMeasure": "  ",
            "saleRestriction": "Y",
            "keyNumber": "00",
            "isps": "0.0000",
            "facDes": "1.0000",
            "decimal": "F",
            "movementCode": "P",
            "movementFolio": "000000",
            "previousSaleDate": "000000.00",
            "cedisSupplier": "0000",
            "unitOfMeasure": "EA  ",
            "saleTaxCode": "",
            "subcategory": "",
            "segment": "",
            "subsegment": "",
            "effectiveDate": "20250320",
            "movementInternalFolio": "245510        ",
            "transactionalLevel": "ITM",
            "type": "",
            "returnableIndicator": "",
            "rounding": "   ",
            "fpgUds": "0000.00",
            "fpgCtd": "0000.00000",
            "merchandiseType": "",
            "longDescription": "",
            "shrinkageType": "",
            "pricePerPackage": "",
            "unitQuantity": "",
            "taxValue": "0.0",
            "skuFactor": "0.0",
            "maxUnits": "",
            "assortmentLine": "",
            "replenishmentDate": "",
            "assortmentfrequency": "",
            "diasfre": "",
            "isAssortment": "",
            "isSalable": "",
            "transactionType": "11",
            "returnPeriod": "",
            "returnReasonCode": "",
            "returnMaxUnits": "",
            "effectiveStartDate": "",
            "effectiveEndDate": "",
            "shorTae": "",
            "parentSKU": "",
            "category": ""
        },
        {
            "lineNumber": "19",
            "code": "000000",
            "sku": "   7502271156828",
            "supplierCode": "00000",
            "shortDescription": "",
            "piecesPerPackage": "0000",
            "taxRate": "00.00",
            "afeGpo": "00",
            "paiCode": "000",
            "famCode": "000",
            "salePrice": "000085.00",
            "costPrice": "000000.00",
            "status": " ",
            "priceControl": "0",
            "unitMeasure": "  ",
            "saleRestriction": "Y",
            "keyNumber": "00",
            "isps": "0.0000",
            "facDes": "1.0000",
            "decimal": "F",
            "movementCode": "P",
            "movementFolio": "000000",
            "previousSaleDate": "000000.00",
            "cedisSupplier": "0000",
            "unitOfMeasure": "EA  ",
            "saleTaxCode": "",
            "subcategory": "",
            "segment": "",
            "subsegment": "",
            "effectiveDate": "20250320",
            "movementInternalFolio": "245510        ",
            "transactionalLevel": "ITM",
            "type": "",
            "returnableIndicator": "",
            "rounding": "   ",
            "fpgUds": "0000.00",
            "fpgCtd": "0000.00000",
            "merchandiseType": "",
            "longDescription": "",
            "shrinkageType": "",
            "pricePerPackage": "",
            "unitQuantity": "",
            "taxValue": "0.0",
            "skuFactor": "0.0",
            "maxUnits": "",
            "assortmentLine": "",
            "replenishmentDate": "",
            "assortmentfrequency": "",
            "diasfre": "",
            "isAssortment": "",
            "isSalable": "",
            "transactionType": "11",
            "returnPeriod": "",
            "returnReasonCode": "",
            "returnMaxUnits": "",
            "effectiveStartDate": "",
            "effectiveEndDate": "",
            "shorTae": "",
            "parentSKU": "",
            "category": ""
        },
        {
            "lineNumber": "20",
            "code": "000000",
            "sku": "   7502271158662",
            "supplierCode": "00000",
            "shortDescription": "",
            "piecesPerPackage": "0000",
            "taxRate": "00.00",
            "afeGpo": "00",
            "paiCode": "000",
            "famCode": "000",
            "salePrice": "000028.00",
            "costPrice": "000000.00",
            "status": " ",
            "priceControl": "0",
            "unitMeasure": "  ",
            "saleRestriction": "Y",
            "keyNumber": "00",
            "isps": "0.0000",
            "facDes": "1.0000",
            "decimal": "F",
            "movementCode": "P",
            "movementFolio": "000000",
            "previousSaleDate": "000000.00",
            "cedisSupplier": "0000",
            "unitOfMeasure": "EA  ",
            "saleTaxCode": "",
            "subcategory": "",
            "segment": "",
            "subsegment": "",
            "effectiveDate": "20250320",
            "movementInternalFolio": "245510        ",
            "transactionalLevel": "ITM",
            "type": "",
            "returnableIndicator": "",
            "rounding": "   ",
            "fpgUds": "0000.00",
            "fpgCtd": "0000.00000",
            "merchandiseType": "",
            "longDescription": "",
            "shrinkageType": "",
            "pricePerPackage": "",
            "unitQuantity": "",
            "taxValue": "0.0",
            "skuFactor": "0.0",
            "maxUnits": "",
            "assortmentLine": "",
            "replenishmentDate": "",
            "assortmentfrequency": "",
            "diasfre": "",
            "isAssortment": "",
            "isSalable": "",
            "transactionType": "11",
            "returnPeriod": "",
            "returnReasonCode": "",
            "returnMaxUnits": "",
            "effectiveStartDate": "",
            "effectiveEndDate": "",
            "shorTae": "",
            "parentSKU": "",
            "category": ""
        },
        {
            "lineNumber": "21",
            "code": "000000",
            "sku": "   7502294221206",
            "supplierCode": "00000",
            "shortDescription": "",
            "piecesPerPackage": "0000",
            "taxRate": "00.00",
            "afeGpo": "00",
            "paiCode": "000",
            "famCode": "000",
            "salePrice": "000032.00",
            "costPrice": "000000.00",
            "status": " ",
            "priceControl": "0",
            "unitMeasure": "  ",
            "saleRestriction": "Y",
            "keyNumber": "00",
            "isps": "0.0000",
            "facDes": "1.0000",
            "decimal": "F",
            "movementCode": "P",
            "movementFolio": "000000",
            "previousSaleDate": "000000.00",
            "cedisSupplier": "0000",
            "unitOfMeasure": "EA  ",
            "saleTaxCode": "",
            "subcategory": "",
            "segment": "",
            "subsegment": "",
            "effectiveDate": "20250320",
            "movementInternalFolio": "245510        ",
            "transactionalLevel": "ITM",
            "type": "",
            "returnableIndicator": "",
            "rounding": "   ",
            "fpgUds": "0000.00",
            "fpgCtd": "0000.00000",
            "merchandiseType": "",
            "longDescription": "",
            "shrinkageType": "",
            "pricePerPackage": "",
            "unitQuantity": "",
            "taxValue": "0.0",
            "skuFactor": "0.0",
            "maxUnits": "",
            "assortmentLine": "",
            "replenishmentDate": "",
            "assortmentfrequency": "",
            "diasfre": "",
            "isAssortment": "",
            "isSalable": "",
            "transactionType": "11",
            "returnPeriod": "",
            "returnReasonCode": "",
            "returnMaxUnits": "",
            "effectiveStartDate": "",
            "effectiveEndDate": "",
            "shorTae": "",
            "parentSKU": "",
            "category": ""
        },
        {
            "lineNumber": "22",
            "code": "000000",
            "sku": "   7502294221213",
            "supplierCode": "00000",
            "shortDescription": "",
            "piecesPerPackage": "0000",
            "taxRate": "00.00",
            "afeGpo": "00",
            "paiCode": "000",
            "famCode": "000",
            "salePrice": "000020.00",
            "costPrice": "000000.00",
            "status": " ",
            "priceControl": "0",
            "unitMeasure": "  ",
            "saleRestriction": "Y",
            "keyNumber": "00",
            "isps": "0.0000",
            "facDes": "1.0000",
            "decimal": "F",
            "movementCode": "P",
            "movementFolio": "000000",
            "previousSaleDate": "000000.00",
            "cedisSupplier": "0000",
            "unitOfMeasure": "EA  ",
            "saleTaxCode": "",
            "subcategory": "",
            "segment": "",
            "subsegment": "",
            "effectiveDate": "20250320",
            "movementInternalFolio": "245510        ",
            "transactionalLevel": "ITM",
            "type": "",
            "returnableIndicator": "",
            "rounding": "   ",
            "fpgUds": "0000.00",
            "fpgCtd": "0000.00000",
            "merchandiseType": "",
            "longDescription": "",
            "shrinkageType": "",
            "pricePerPackage": "",
            "unitQuantity": "",
            "taxValue": "0.0",
            "skuFactor": "0.0",
            "maxUnits": "",
            "assortmentLine": "",
            "replenishmentDate": "",
            "assortmentfrequency": "",
            "diasfre": "",
            "isAssortment": "",
            "isSalable": "",
            "transactionType": "11",
            "returnPeriod": "",
            "returnReasonCode": "",
            "returnMaxUnits": "",
            "effectiveStartDate": "",
            "effectiveEndDate": "",
            "shorTae": "",
            "parentSKU": "",
            "category": ""
        },
        {
            "lineNumber": "23",
            "code": "000000",
            "sku": "   7502294221237",
            "supplierCode": "00000",
            "shortDescription": "",
            "piecesPerPackage": "0000",
            "taxRate": "00.00",
            "afeGpo": "00",
            "paiCode": "000",
            "famCode": "000",
            "salePrice": "000050.00",
            "costPrice": "000000.00",
            "status": " ",
            "priceControl": "0",
            "unitMeasure": "  ",
            "saleRestriction": "Y",
            "keyNumber": "00",
            "isps": "0.0000",
            "facDes": "1.0000",
            "decimal": "F",
            "movementCode": "P",
            "movementFolio": "000000",
            "previousSaleDate": "000000.00",
            "cedisSupplier": "0000",
            "unitOfMeasure": "EA  ",
            "saleTaxCode": "",
            "subcategory": "",
            "segment": "",
            "subsegment": "",
            "effectiveDate": "20250320",
            "movementInternalFolio": "245510        ",
            "transactionalLevel": "ITM",
            "type": "",
            "returnableIndicator": "",
            "rounding": "   ",
            "fpgUds": "0000.00",
            "fpgCtd": "0000.00000",
            "merchandiseType": "",
            "longDescription": "",
            "shrinkageType": "",
            "pricePerPackage": "",
            "unitQuantity": "",
            "taxValue": "0.0",
            "skuFactor": "0.0",
            "maxUnits": "",
            "assortmentLine": "",
            "replenishmentDate": "",
            "assortmentfrequency": "",
            "diasfre": "",
            "isAssortment": "",
            "isSalable": "",
            "transactionType": "11",
            "returnPeriod": "",
            "returnReasonCode": "",
            "returnMaxUnits": "",
            "effectiveStartDate": "",
            "effectiveEndDate": "",
            "shorTae": "",
            "parentSKU": "",
            "category": ""
        },
        {
            "lineNumber": "24",
            "code": "000000",
            "sku": "   7502294222685",
            "supplierCode": "00000",
            "shortDescription": "",
            "piecesPerPackage": "0000",
            "taxRate": "00.00",
            "afeGpo": "00",
            "paiCode": "000",
            "famCode": "000",
            "salePrice": "000018.00",
            "costPrice": "000000.00",
            "status": " ",
            "priceControl": "0",
            "unitMeasure": "  ",
            "saleRestriction": "Y",
            "keyNumber": "00",
            "isps": "0.0000",
            "facDes": "1.0000",
            "decimal": "F",
            "movementCode": "P",
            "movementFolio": "000000",
            "previousSaleDate": "000000.00",
            "cedisSupplier": "0000",
            "unitOfMeasure": "EA  ",
            "saleTaxCode": "",
            "subcategory": "",
            "segment": "",
            "subsegment": "",
            "effectiveDate": "20250320",
            "movementInternalFolio": "245510        ",
            "transactionalLevel": "ITM",
            "type": "",
            "returnableIndicator": "",
            "rounding": "   ",
            "fpgUds": "0000.00",
            "fpgCtd": "0000.00000",
            "merchandiseType": "",
            "longDescription": "",
            "shrinkageType": "",
            "pricePerPackage": "",
            "unitQuantity": "",
            "taxValue": "0.0",
            "skuFactor": "0.0",
            "maxUnits": "",
            "assortmentLine": "",
            "replenishmentDate": "",
            "assortmentfrequency": "",
            "diasfre": "",
            "isAssortment": "",
            "isSalable": "",
            "transactionType": "11",
            "returnPeriod": "",
            "returnReasonCode": "",
            "returnMaxUnits": "",
            "effectiveStartDate": "",
            "effectiveEndDate": "",
            "shorTae": "",
            "parentSKU": "",
            "category": ""
        },
        {
            "lineNumber": "25",
            "code": "000000",
            "sku": "   7502294222708",
            "supplierCode": "00000",
            "shortDescription": "",
            "piecesPerPackage": "0000",
            "taxRate": "00.00",
            "afeGpo": "00",
            "paiCode": "000",
            "famCode": "000",
            "salePrice": "000107.00",
            "costPrice": "000000.00",
            "status": " ",
            "priceControl": "0",
            "unitMeasure": "  ",
            "saleRestriction": "Y",
            "keyNumber": "00",
            "isps": "0.0000",
            "facDes": "1.0000",
            "decimal": "F",
            "movementCode": "P",
            "movementFolio": "000000",
            "previousSaleDate": "000000.00",
            "cedisSupplier": "0000",
            "unitOfMeasure": "EA  ",
            "saleTaxCode": "",
            "subcategory": "",
            "segment": "",
            "subsegment": "",
            "effectiveDate": "20250320",
            "movementInternalFolio": "245510        ",
            "transactionalLevel": "ITM",
            "type": "",
            "returnableIndicator": "",
            "rounding": "   ",
            "fpgUds": "0000.00",
            "fpgCtd": "0000.00000",
            "merchandiseType": "",
            "longDescription": "",
            "shrinkageType": "",
            "pricePerPackage": "",
            "unitQuantity": "",
            "taxValue": "0.0",
            "skuFactor": "0.0",
            "maxUnits": "",
            "assortmentLine": "",
            "replenishmentDate": "",
            "assortmentfrequency": "",
            "diasfre": "",
            "isAssortment": "",
            "isSalable": "",
            "transactionType": "11",
            "returnPeriod": "",
            "returnReasonCode": "",
            "returnMaxUnits": "",
            "effectiveStartDate": "",
            "effectiveEndDate": "",
            "shorTae": "",
            "parentSKU": "",
            "category": ""
        },
        {
            "lineNumber": "26",
            "code": "000000",
            "sku": "   7502294224351",
            "supplierCode": "00000",
            "shortDescription": "",
            "piecesPerPackage": "0000",
            "taxRate": "00.00",
            "afeGpo": "00",
            "paiCode": "000",
            "famCode": "000",
            "salePrice": "000028.00",
            "costPrice": "000000.00",
            "status": " ",
            "priceControl": "0",
            "unitMeasure": "  ",
            "saleRestriction": "Y",
            "keyNumber": "00",
            "isps": "0.0000",
            "facDes": "1.0000",
            "decimal": "F",
            "movementCode": "P",
            "movementFolio": "000000",
            "previousSaleDate": "000000.00",
            "cedisSupplier": "0000",
            "unitOfMeasure": "EA  ",
            "saleTaxCode": "",
            "subcategory": "",
            "segment": "",
            "subsegment": "",
            "effectiveDate": "20250320",
            "movementInternalFolio": "245510        ",
            "transactionalLevel": "ITM",
            "type": "",
            "returnableIndicator": "",
            "rounding": "   ",
            "fpgUds": "0000.00",
            "fpgCtd": "0000.00000",
            "merchandiseType": "",
            "longDescription": "",
            "shrinkageType": "",
            "pricePerPackage": "",
            "unitQuantity": "",
            "taxValue": "0.0",
            "skuFactor": "0.0",
            "maxUnits": "",
            "assortmentLine": "",
            "replenishmentDate": "",
            "assortmentfrequency": "",
            "diasfre": "",
            "isAssortment": "",
            "isSalable": "",
            "transactionType": "11",
            "returnPeriod": "",
            "returnReasonCode": "",
            "returnMaxUnits": "",
            "effectiveStartDate": "",
            "effectiveEndDate": "",
            "shorTae": "",
            "parentSKU": "",
            "category": ""
        },
        {
            "lineNumber": "27",
            "code": "000000",
            "sku": "   7502294224887",
            "supplierCode": "00000",
            "shortDescription": "",
            "piecesPerPackage": "0000",
            "taxRate": "00.00",
            "afeGpo": "00",
            "paiCode": "000",
            "famCode": "000",
            "salePrice": "000024.00",
            "costPrice": "000000.00",
            "status": " ",
            "priceControl": "0",
            "unitMeasure": "  ",
            "saleRestriction": "Y",
            "keyNumber": "00",
            "isps": "0.0000",
            "facDes": "1.0000",
            "decimal": "F",
            "movementCode": "P",
            "movementFolio": "000000",
            "previousSaleDate": "000000.00",
            "cedisSupplier": "0000",
            "unitOfMeasure": "EA  ",
            "saleTaxCode": "",
            "subcategory": "",
            "segment": "",
            "subsegment": "",
            "effectiveDate": "20250320",
            "movementInternalFolio": "245510        ",
            "transactionalLevel": "ITM",
            "type": "",
            "returnableIndicator": "",
            "rounding": "   ",
            "fpgUds": "0000.00",
            "fpgCtd": "0000.00000",
            "merchandiseType": "",
            "longDescription": "",
            "shrinkageType": "",
            "pricePerPackage": "",
            "unitQuantity": "",
            "taxValue": "0.0",
            "skuFactor": "0.0",
            "maxUnits": "",
            "assortmentLine": "",
            "replenishmentDate": "",
            "assortmentfrequency": "",
            "diasfre": "",
            "isAssortment": "",
            "isSalable": "",
            "transactionType": "11",
            "returnPeriod": "",
            "returnReasonCode": "",
            "returnMaxUnits": "",
            "effectiveStartDate": "",
            "effectiveEndDate": "",
            "shorTae": "",
            "parentSKU": "",
            "category": ""
        }
    ]
}