{
    "organizationCountry": "MX",
    "organizationName": "FEMSA Comercio",
    "businessName": "OXXO",
    "departmentId": "12NEO",
    "storeId": "52DUG",
    "numberOfRecords": "3",
    "searchId": "000000000000000000000000",
    "searchDate": "2025-04-03 02:15:21",
    "promotions": [
        {
            "lineNumber": "1",
            "folio": "  19713376",
            "itemCategory": " 1",
            "type": "00",
            "startDate": "20250404",
            "endDate": "20250406",
            "itemSku": "   7506390201933",
            "category": "",
            "providerType": "0",
            "requiredQuantity": "002.000",
            "discount": "00045.000",
            "discountType": "F",
            "optative": "1",
            "description": "PB Variedad Nestle palethelad 2x$45.00  ",
            "itemSubcategory": "    ",
            "itemSegment": "    ",
            "itemSubsegment": "    ",
            "durationCode": "1000023590000111",
            "grouper": "001.000",
            "percent": "000.00",
            "optativeOne": " ",
            "sent": " ",
            "action": "A",
            "binCode": "",
            "messagePsg": ""
        },
        {
            "lineNumber": "2",
            "folio": "  19713376",
            "itemCategory": " 1",
            "type": "00",
            "startDate": "20250404",
            "endDate": "20250406",
            "itemSku": "   7506390200912",
            "category": "",
            "providerType": "0",
            "requiredQuantity": "002.000",
            "discount": "00045.000",
            "discountType": "F",
            "optative": "1",
            "description": "PB Variedad Nestle palethelad 2x$45.00  ",
            "itemSubcategory": "    ",
            "itemSegment": "    ",
            "itemSubsegment": "    ",
            "durationCode": "1000023590000111",
            "grouper": "001.000",
            "percent": "000.00",
            "optativeOne": " ",
            "sent": " ",
            "action": "A",
            "binCode": "",
            "messagePsg": ""
        },
        {
            "lineNumber": "3",
            "folio": "  19713376",
            "itemCategory": " 1",
            "type": "00",
            "startDate": "20250404",
            "endDate": "20250406",
            "itemSku": "   7506390201926",
            "category": "",
            "providerType": "0",
            "requiredQuantity": "002.000",
            "discount": "00045.000",
            "discountType": "F",
            "optative": "1",
            "description": "PB Variedad Nestle palethelad 2x$45.00  ",
            "itemSubcategory": "    ",
            "itemSegment": "    ",
            "itemSubsegment": "    ",
            "durationCode": "1000023590000111",
            "grouper": "001.000",
            "percent": "000.00",
            "optativeOne": " ",
            "sent": " ",
            "action": "A",
            "binCode": "",
            "messagePsg": ""
        }
    ]
}