{
    "organizationCountry": "MX",
    "organizationName": "FEMSA Comercio",
    "businessName": "OXXO",
    "departmentId": "12NEO",
    "storeId": "52DUG",
    "numberOfRecords": "55",
    "searchId": "000000000000000000000000",
    "searchDate": "2025-04-14 13:44:00",
    "promotions": [
        {
            "lineNumber": "1",
            "folio": "  19713190",
            "itemCategory": " 1",
            "type": "03",
            "startDate": "20250402",
            "endDate": "20250429",
            "itemSku": "    735257002490",
            "category": "",
            "providerType": "0",
            "requiredQuantity": "001.000",
            "discount": "00012.500",
            "discountType": " ",
            "optative": " ",
            "description": "PSP SIMPLES NACIONAL B04                ",
            "itemSubcategory": "",
            "itemSegment": "",
            "itemSubsegment": "",
            "durationCode": "1000023591111111",
            "grouper": "000.000",
            "percent": "000.00",
            "optativeOne": " ",
            "sent": " ",
            "action": "A",
            "binCode": "",
            "messagePsg": ""
        },
        {
            "lineNumber": "2",
            "folio": "  19713190",
            "itemCategory": " 1",
            "type": "03",
            "startDate": "20250402",
            "endDate": "20250429",
            "itemSku": "   8445290925299",
            "category": "",
            "providerType": "0",
            "requiredQuantity": "001.000",
            "discount": "00011.000",
            "discountType": " ",
            "optative": " ",
            "description": "PSP SIMPLES NACIONAL B04                ",
            "itemSubcategory": "",
            "itemSegment": "",
            "itemSubsegment": "",
            "durationCode": "1000023591111111",
            "grouper": "000.000",
            "percent": "000.00",
            "optativeOne": " ",
            "sent": " ",
            "action": "A",
            "binCode": "",
            "messagePsg": ""
        },
        {
            "lineNumber": "3",
            "folio": "  19713190",
            "itemCategory": " 1",
            "type": "03",
            "startDate": "20250402",
            "endDate": "20250429",
            "itemSku": "    735257002513",
            "category": "",
            "providerType": "0",
            "requiredQuantity": "001.000",
            "discount": "00012.500",
            "discountType": " ",
            "optative": " ",
            "description": "PSP SIMPLES NACIONAL B04                ",
            "itemSubcategory": "",
            "itemSegment": "",
            "itemSubsegment": "",
            "durationCode": "1000023591111111",
            "grouper": "000.000",
            "percent": "000.00",
            "optativeOne": " ",
            "sent": " ",
            "action": "A",
            "binCode": "",
            "messagePsg": ""
        },
        {
            "lineNumber": "4",
            "folio": "  19713190",
            "itemCategory": " 1",
            "type": "03",
            "startDate": "20250402",
            "endDate": "20250429",
            "itemSku": "    735257002636",
            "category": "",
            "providerType": "0",
            "requiredQuantity": "001.000",
            "discount": "00012.500",
            "discountType": " ",
            "optative": " ",
            "description": "PSP SIMPLES NACIONAL B04                ",
            "itemSubcategory": "",
            "itemSegment": "",
            "itemSubsegment": "",
            "durationCode": "1000023591111111",
            "grouper": "000.000",
            "percent": "000.00",
            "optativeOne": " ",
            "sent": " ",
            "action": "A",
            "binCode": "",
            "messagePsg": ""
        },
        {
            "lineNumber": "5",
            "folio": "  19713190",
            "itemCategory": " 1",
            "type": "03",
            "startDate": "20250402",
            "endDate": "20250429",
            "itemSku": "    735257003909",
            "category": "",
            "providerType": "0",
            "requiredQuantity": "001.000",
            "discount": "00010.500",
            "discountType": " ",
            "optative": " ",
            "description": "PSP SIMPLES NACIONAL B04                ",
            "itemSubcategory": "",
            "itemSegment": "",
            "itemSubsegment": "",
            "durationCode": "1000023591111111",
            "grouper": "000.000",
            "percent": "000.00",
            "optativeOne": " ",
            "sent": " ",
            "action": "A",
            "binCode": "",
            "messagePsg": ""
        },
        {
            "lineNumber": "6",
            "folio": "  19713190",
            "itemCategory": " 1",
            "type": "03",
            "startDate": "20250402",
            "endDate": "20250429",
            "itemSku": "    735257006306",
            "category": "",
            "providerType": "0",
            "requiredQuantity": "001.000",
            "discount": "00029.000",
            "discountType": " ",
            "optative": " ",
            "description": "PSP SIMPLES NACIONAL B04                ",
            "itemSubcategory": "",
            "itemSegment": "",
            "itemSubsegment": "",
            "durationCode": "1000023591111111",
            "grouper": "000.000",
            "percent": "000.00",
            "optativeOne": " ",
            "sent": " ",
            "action": "A",
            "binCode": "",
            "messagePsg": ""
        },
        {
            "lineNumber": "7",
            "folio": "  19713190",
            "itemCategory": " 1",
            "type": "03",
            "startDate": "20250402",
            "endDate": "20250429",
            "itemSku": "        75000615",
            "category": "",
            "providerType": "0",
            "requiredQuantity": "001.000",
            "discount": "00019.000",
            "discountType": " ",
            "optative": " ",
            "description": "PSP SIMPLES NACIONAL B04                ",
            "itemSubcategory": "",
            "itemSegment": "",
            "itemSubsegment": "",
            "durationCode": "1000023591111111",
            "grouper": "000.000",
            "percent": "000.00",
            "optativeOne": " ",
            "sent": " ",
            "action": "A",
            "binCode": "",
            "messagePsg": ""
        },
        {
            "lineNumber": "8",
            "folio": "  19713190",
            "itemCategory": " 1",
            "type": "03",
            "startDate": "20250402",
            "endDate": "20250429",
            "itemSku": "        75002794",
            "category": "",
            "providerType": "0",
            "requiredQuantity": "001.000",
            "discount": "00025.000",
            "discountType": " ",
            "optative": " ",
            "description": "PSP SIMPLES NACIONAL B04                ",
            "itemSubcategory": "",
            "itemSegment": "",
            "itemSubsegment": "",
            "durationCode": "1000023591111111",
            "grouper": "000.000",
            "percent": "000.00",
            "optativeOne": " ",
            "sent": " ",
            "action": "A",
            "binCode": "",
            "messagePsg": ""
        },
        {
            "lineNumber": "9",
            "folio": "  19713190",
            "itemCategory": " 1",
            "type": "03",
            "startDate": "20250402",
            "endDate": "20250429",
            "itemSku": "   7500435144476",
            "category": "",
            "providerType": "0",
            "requiredQuantity": "001.000",
            "discount": "00025.000",
            "discountType": " ",
            "optative": " ",
            "description": "PSP SIMPLES NACIONAL B04                ",
            "itemSubcategory": "",
            "itemSegment": "",
            "itemSubsegment": "",
            "durationCode": "1000023591111111",
            "grouper": "000.000",
            "percent": "000.00",
            "optativeOne": " ",
            "sent": " ",
            "action": "A",
            "binCode": "",
            "messagePsg": ""
        },
        {
            "lineNumber": "10",
            "folio": "  19713190",
            "itemCategory": " 1",
            "type": "03",
            "startDate": "20250402",
            "endDate": "20250429",
            "itemSku": "   7500435152198",
            "category": "",
            "providerType": "0",
            "requiredQuantity": "001.000",
            "discount": "00095.000",
            "discountType": " ",
            "optative": " ",
            "description": "PSP SIMPLES NACIONAL B04                ",
            "itemSubcategory": "",
            "itemSegment": "",
            "itemSubsegment": "",
            "durationCode": "1000023591111111",
            "grouper": "000.000",
            "percent": "000.00",
            "optativeOne": " ",
            "sent": " ",
            "action": "A",
            "binCode": "",
            "messagePsg": ""
        },
        {
            "lineNumber": "11",
            "folio": "  19713190",
            "itemCategory": " 1",
            "type": "03",
            "startDate": "20250402",
            "endDate": "20250429",
            "itemSku": "   7501003110305",
            "category": "",
            "providerType": "0",
            "requiredQuantity": "001.000",
            "discount": "00020.000",
            "discountType": " ",
            "optative": " ",
            "description": "PSP SIMPLES NACIONAL B04                ",
            "itemSubcategory": "",
            "itemSegment": "",
            "itemSubsegment": "",
            "durationCode": "1000023591111111",
            "grouper": "000.000",
            "percent": "000.00",
            "optativeOne": " ",
            "sent": " ",
            "action": "A",
            "binCode": "",
            "messagePsg": ""
        },
        {
            "lineNumber": "12",
            "folio": "  19713190",
            "itemCategory": " 1",
            "type": "03",
            "startDate": "20250402",
            "endDate": "20250429",
            "itemSku": "   7501003305855",
            "category": "",
            "providerType": "0",
            "requiredQuantity": "001.000",
            "discount": "00075.000",
            "discountType": " ",
            "optative": " ",
            "description": "PSP SIMPLES NACIONAL B04                ",
            "itemSubcategory": "",
            "itemSegment": "",
            "itemSubsegment": "",
            "durationCode": "1000023591111111",
            "grouper": "000.000",
            "percent": "000.00",
            "optativeOne": " ",
            "sent": " ",
            "action": "A",
            "binCode": "",
            "messagePsg": ""
        },
        {
            "lineNumber": "13",
            "folio": "  19713190",
            "itemCategory": " 1",
            "type": "03",
            "startDate": "20250402",
            "endDate": "20250429",
            "itemSku": "   7501003311450",
            "category": "",
            "providerType": "0",
            "requiredQuantity": "001.000",
            "discount": "00020.000",
            "discountType": " ",
            "optative": " ",
            "description": "PSP SIMPLES NACIONAL B04                ",
            "itemSubcategory": "",
            "itemSegment": "",
            "itemSubsegment": "",
            "durationCode": "1000023591111111",
            "grouper": "000.000",
            "percent": "000.00",
            "optativeOne": " ",
            "sent": " ",
            "action": "A",
            "binCode": "",
            "messagePsg": ""
        },
        {
            "lineNumber": "14",
            "folio": "  19713190",
            "itemCategory": " 1",
            "type": "03",
            "startDate": "20250402",
            "endDate": "20250429",
            "itemSku": "   7501008703441",
            "category": "",
            "providerType": "0",
            "requiredQuantity": "001.000",
            "discount": "00010.000",
            "discountType": " ",
            "optative": " ",
            "description": "PSP SIMPLES NACIONAL B04                ",
            "itemSubcategory": "",
            "itemSegment": "",
            "itemSubsegment": "",
            "durationCode": "1000023591111111",
            "grouper": "000.000",
            "percent": "000.00",
            "optativeOne": " ",
            "sent": " ",
            "action": "A",
            "binCode": "",
            "messagePsg": ""
        },
        {
            "lineNumber": "15",
            "folio": "  19713190",
            "itemCategory": " 1",
            "type": "03",
            "startDate": "20250402",
            "endDate": "20250429",
            "itemSku": "   7501008731413",
            "category": "",
            "providerType": "0",
            "requiredQuantity": "001.000",
            "discount": "00023.000",
            "discountType": " ",
            "optative": " ",
            "description": "PSP SIMPLES NACIONAL B04                ",
            "itemSubcategory": "",
            "itemSegment": "",
            "itemSubsegment": "",
            "durationCode": "1000023591111111",
            "grouper": "000.000",
            "percent": "000.00",
            "optativeOne": " ",
            "sent": " ",
            "action": "A",
            "binCode": "",
            "messagePsg": ""
        },
        {
            "lineNumber": "16",
            "folio": "  19713190",
            "itemCategory": " 1",
            "type": "03",
            "startDate": "20250402",
            "endDate": "20250429",
            "itemSku": "   7501008762899",
            "category": "",
            "providerType": "0",
            "requiredQuantity": "001.000",
            "discount": "00033.000",
            "discountType": " ",
            "optative": " ",
            "description": "PSP SIMPLES NACIONAL B04                ",
            "itemSubcategory": "",
            "itemSegment": "",
            "itemSubsegment": "",
            "durationCode": "1000023591111111",
            "grouper": "000.000",
            "percent": "000.00",
            "optativeOne": " ",
            "sent": " ",
            "action": "A",
            "binCode": "",
            "messagePsg": ""
        },
        {
            "lineNumber": "17",
            "folio": "  19713190",
            "itemCategory": " 1",
            "type": "03",
            "startDate": "20250402",
            "endDate": "20250429",
            "itemSku": "   7501018310233",
            "category": "",
            "providerType": "0",
            "requiredQuantity": "001.000",
            "discount": "00009.000",
            "discountType": " ",
            "optative": " ",
            "description": "PSP SIMPLES NACIONAL B04                ",
            "itemSubcategory": "",
            "itemSegment": "",
            "itemSubsegment": "",
            "durationCode": "1000023591111111",
            "grouper": "000.000",
            "percent": "000.00",
            "optativeOne": " ",
            "sent": " ",
            "action": "A",
            "binCode": "",
            "messagePsg": ""
        },
        {
            "lineNumber": "18",
            "folio": "  19713190",
            "itemCategory": " 1",
            "type": "03",
            "startDate": "20250402",
            "endDate": "20250429",
            "itemSku": "   7501018310943",
            "category": "",
            "providerType": "0",
            "requiredQuantity": "001.000",
            "discount": "00019.000",
            "discountType": " ",
            "optative": " ",
            "description": "PSP SIMPLES NACIONAL B04                ",
            "itemSubcategory": "",
            "itemSegment": "",
            "itemSubsegment": "",
            "durationCode": "1000023591111111",
            "grouper": "000.000",
            "percent": "000.00",
            "optativeOne": " ",
            "sent": " ",
            "action": "A",
            "binCode": "",
            "messagePsg": ""
        },
        {
            "lineNumber": "19",
            "folio": "  19713190",
            "itemCategory": " 1",
            "type": "03",
            "startDate": "20250402",
            "endDate": "20250429",
            "itemSku": "   7501018310974",
            "category": "",
            "providerType": "0",
            "requiredQuantity": "001.000",
            "discount": "00019.000",
            "discountType": " ",
            "optative": " ",
            "description": "PSP SIMPLES NACIONAL B04                ",
            "itemSubcategory": "",
            "itemSegment": "",
            "itemSubsegment": "",
            "durationCode": "1000023591111111",
            "grouper": "000.000",
            "percent": "000.00",
            "optativeOne": " ",
            "sent": " ",
            "action": "A",
            "binCode": "",
            "messagePsg": ""
        },
        {
            "lineNumber": "20",
            "folio": "  19713190",
            "itemCategory": " 1",
            "type": "03",
            "startDate": "20250402",
            "endDate": "20250429",
            "itemSku": "   7501018311018",
            "category": "",
            "providerType": "0",
            "requiredQuantity": "001.000",
            "discount": "00019.000",
            "discountType": " ",
            "optative": " ",
            "description": "PSP SIMPLES NACIONAL B04                ",
            "itemSubcategory": "",
            "itemSegment": "",
            "itemSubsegment": "",
            "durationCode": "1000023591111111",
            "grouper": "000.000",
            "percent": "000.00",
            "optativeOne": " ",
            "sent": " ",
            "action": "A",
            "binCode": "",
            "messagePsg": ""
        },
        {
            "lineNumber": "21",
            "folio": "  19713190",
            "itemCategory": " 1",
            "type": "03",
            "startDate": "20250402",
            "endDate": "20250429",
            "itemSku": "   7501025416232",
            "category": "",
            "providerType": "0",
            "requiredQuantity": "001.000",
            "discount": "00020.000",
            "discountType": " ",
            "optative": " ",
            "description": "PSP SIMPLES NACIONAL B04                ",
            "itemSubcategory": "",
            "itemSegment": "",
            "itemSubsegment": "",
            "durationCode": "1000023591111111",
            "grouper": "000.000",
            "percent": "000.00",
            "optativeOne": " ",
            "sent": " ",
            "action": "A",
            "binCode": "",
            "messagePsg": ""
        },
        {
            "lineNumber": "22",
            "folio": "  19713190",
            "itemCategory": " 1",
            "type": "03",
            "startDate": "20250402",
            "endDate": "20250429",
            "itemSku": "   7501025430436",
            "category": "",
            "providerType": "0",
            "requiredQuantity": "001.000",
            "discount": "00020.000",
            "discountType": " ",
            "optative": " ",
            "description": "PSP SIMPLES NACIONAL B04                ",
            "itemSubcategory": "",
            "itemSegment": "",
            "itemSubsegment": "",
            "durationCode": "1000023591111111",
            "grouper": "000.000",
            "percent": "000.00",
            "optativeOne": " ",
            "sent": " ",
            "action": "A",
            "binCode": "",
            "messagePsg": ""
        },
        {
            "lineNumber": "23",
            "folio": "  19713190",
            "itemCategory": " 1",
            "type": "03",
            "startDate": "20250402",
            "endDate": "20250429",
            "itemSku": "   7501025440299",
            "category": "",
            "providerType": "0",
            "requiredQuantity": "001.000",
            "discount": "00015.000",
            "discountType": " ",
            "optative": " ",
            "description": "PSP SIMPLES NACIONAL B04                ",
            "itemSubcategory": "",
            "itemSegment": "",
            "itemSubsegment": "",
            "durationCode": "1000023591111111",
            "grouper": "000.000",
            "percent": "000.00",
            "optativeOne": " ",
            "sent": " ",
            "action": "A",
            "binCode": "",
            "messagePsg": ""
        },
        {
            "lineNumber": "24",
            "folio": "  19713190",
            "itemCategory": " 1",
            "type": "03",
            "startDate": "20250402",
            "endDate": "20250429",
            "itemSku": "   7501025440305",
            "category": "",
            "providerType": "0",
            "requiredQuantity": "001.000",
            "discount": "00015.000",
            "discountType": " ",
            "optative": " ",
            "description": "PSP SIMPLES NACIONAL B04                ",
            "itemSubcategory": "",
            "itemSegment": "",
            "itemSubsegment": "",
            "durationCode": "1000023591111111",
            "grouper": "000.000",
            "percent": "000.00",
            "optativeOne": " ",
            "sent": " ",
            "action": "A",
            "binCode": "",
            "messagePsg": ""
        },
        {
            "lineNumber": "25",
            "folio": "  19713190",
            "itemCategory": " 1",
            "type": "03",
            "startDate": "20250402",
            "endDate": "20250429",
            "itemSku": "   7501039122181",
            "category": "",
            "providerType": "0",
            "requiredQuantity": "001.000",
            "discount": "00121.000",
            "discountType": " ",
            "optative": " ",
            "description": "PSP SIMPLES NACIONAL B04                ",
            "itemSubcategory": "",
            "itemSegment": "",
            "itemSubsegment": "",
            "durationCode": "1000023591111111",
            "grouper": "000.000",
            "percent": "000.00",
            "optativeOne": " ",
            "sent": " ",
            "action": "A",
            "binCode": "",
            "messagePsg": ""
        },
        {
            "lineNumber": "26",
            "folio": "  19713190",
            "itemCategory": " 1",
            "type": "03",
            "startDate": "20250402",
            "endDate": "20250429",
            "itemSku": "   7501045403281",
            "category": "",
            "providerType": "0",
            "requiredQuantity": "001.000",
            "discount": "00039.500",
            "discountType": " ",
            "optative": " ",
            "description": "PSP SIMPLES NACIONAL B04                ",
            "itemSubcategory": "",
            "itemSegment": "",
            "itemSubsegment": "",
            "durationCode": "1000023591111111",
            "grouper": "000.000",
            "percent": "000.00",
            "optativeOne": " ",
            "sent": " ",
            "action": "A",
            "binCode": "",
            "messagePsg": ""
        },
        {
            "lineNumber": "27",
            "folio": "  19713190",
            "itemCategory": " 1",
            "type": "03",
            "startDate": "20250402",
            "endDate": "20250429",
            "itemSku": "   7501052420431",
            "category": "",
            "providerType": "0",
            "requiredQuantity": "001.000",
            "discount": "00016.000",
            "discountType": " ",
            "optative": " ",
            "description": "PSP SIMPLES NACIONAL B04                ",
            "itemSubcategory": "",
            "itemSegment": "",
            "itemSubsegment": "",
            "durationCode": "1000023591111111",
            "grouper": "000.000",
            "percent": "000.00",
            "optativeOne": " ",
            "sent": " ",
            "action": "A",
            "binCode": "",
            "messagePsg": ""
        },
        {
            "lineNumber": "28",
            "folio": "  19713190",
            "itemCategory": " 1",
            "type": "03",
            "startDate": "20250402",
            "endDate": "20250429",
            "itemSku": "   7501058611420",
            "category": "",
            "providerType": "0",
            "requiredQuantity": "001.000",
            "discount": "00057.000",
            "discountType": " ",
            "optative": " ",
            "description": "PSP SIMPLES NACIONAL B04                ",
            "itemSubcategory": "",
            "itemSegment": "",
            "itemSubsegment": "",
            "durationCode": "1000023591111111",
            "grouper": "000.000",
            "percent": "000.00",
            "optativeOne": " ",
            "sent": " ",
            "action": "A",
            "binCode": "",
            "messagePsg": ""
        },
        {
            "lineNumber": "29",
            "folio": "  19713190",
            "itemCategory": " 1",
            "type": "03",
            "startDate": "20250402",
            "endDate": "20250429",
            "itemSku": "   7501058618924",
            "category": "",
            "providerType": "0",
            "requiredQuantity": "001.000",
            "discount": "00030.000",
            "discountType": " ",
            "optative": " ",
            "description": "PSP SIMPLES NACIONAL B04                ",
            "itemSubcategory": "",
            "itemSegment": "",
            "itemSubsegment": "",
            "durationCode": "1000023591111111",
            "grouper": "000.000",
            "percent": "000.00",
            "optativeOne": " ",
            "sent": " ",
            "action": "A",
            "binCode": "",
            "messagePsg": ""
        },
        {
            "lineNumber": "30",
            "folio": "  19713190",
            "itemCategory": " 1",
            "type": "03",
            "startDate": "20250402",
            "endDate": "20250429",
            "itemSku": "   7501069213903",
            "category": "",
            "providerType": "0",
            "requiredQuantity": "001.000",
            "discount": "00032.000",
            "discountType": " ",
            "optative": " ",
            "description": "PSP SIMPLES NACIONAL B04                ",
            "itemSubcategory": "",
            "itemSegment": "",
            "itemSubsegment": "",
            "durationCode": "1000023591111111",
            "grouper": "000.000",
            "percent": "000.00",
            "optativeOne": " ",
            "sent": " ",
            "action": "A",
            "binCode": "",
            "messagePsg": ""
        },
        {
            "lineNumber": "31",
            "folio": "  19713190",
            "itemCategory": " 1",
            "type": "03",
            "startDate": "20250402",
            "endDate": "20250429",
            "itemSku": "   7501077400050",
            "category": "",
            "providerType": "0",
            "requiredQuantity": "001.000",
            "discount": "00020.000",
            "discountType": " ",
            "optative": " ",
            "description": "PSP SIMPLES NACIONAL B04                ",
            "itemSubcategory": "",
            "itemSegment": "",
            "itemSubsegment": "",
            "durationCode": "1000023591111111",
            "grouper": "000.000",
            "percent": "000.00",
            "optativeOne": " ",
            "sent": " ",
            "action": "A",
            "binCode": "",
            "messagePsg": ""
        },
        {
            "lineNumber": "32",
            "folio": "  19713190",
            "itemCategory": " 1",
            "type": "03",
            "startDate": "20250402",
            "endDate": "20250429",
            "itemSku": "   7501761869149",
            "category": "",
            "providerType": "0",
            "requiredQuantity": "001.000",
            "discount": "00044.000",
            "discountType": " ",
            "optative": " ",
            "description": "PSP SIMPLES NACIONAL B04                ",
            "itemSubcategory": "",
            "itemSegment": "",
            "itemSubsegment": "",
            "durationCode": "1000023591111111",
            "grouper": "000.000",
            "percent": "000.00",
            "optativeOne": " ",
            "sent": " ",
            "action": "A",
            "binCode": "",
            "messagePsg": ""
        },
        {
            "lineNumber": "33",
            "folio": "  19713190",
            "itemCategory": " 1",
            "type": "03",
            "startDate": "20250402",
            "endDate": "20250429",
            "itemSku": "   7502271157764",
            "category": "",
            "providerType": "0",
            "requiredQuantity": "001.000",
            "discount": "00011.000",
            "discountType": " ",
            "optative": " ",
            "description": "PSP SIMPLES NACIONAL B04                ",
            "itemSubcategory": "",
            "itemSegment": "",
            "itemSubsegment": "",
            "durationCode": "1000023591111111",
            "grouper": "000.000",
            "percent": "000.00",
            "optativeOne": " ",
            "sent": " ",
            "action": "A",
            "binCode": "",
            "messagePsg": ""
        },
        {
            "lineNumber": "34",
            "folio": "  19713190",
            "itemCategory": " 1",
            "type": "03",
            "startDate": "20250402",
            "endDate": "20250429",
            "itemSku": "   7502294220902",
            "category": "",
            "providerType": "0",
            "requiredQuantity": "001.000",
            "discount": "00010.000",
            "discountType": " ",
            "optative": " ",
            "description": "PSP SIMPLES NACIONAL B04                ",
            "itemSubcategory": "",
            "itemSegment": "",
            "itemSubsegment": "",
            "durationCode": "1000023591111111",
            "grouper": "000.000",
            "percent": "000.00",
            "optativeOne": " ",
            "sent": " ",
            "action": "A",
            "binCode": "",
            "messagePsg": ""
        },
        {
            "lineNumber": "35",
            "folio": "  19713190",
            "itemCategory": " 1",
            "type": "03",
            "startDate": "20250402",
            "endDate": "20250429",
            "itemSku": "   7502294220940",
            "category": "",
            "providerType": "0",
            "requiredQuantity": "001.000",
            "discount": "00050.000",
            "discountType": " ",
            "optative": " ",
            "description": "PSP SIMPLES NACIONAL B04                ",
            "itemSubcategory": "",
            "itemSegment": "",
            "itemSubsegment": "",
            "durationCode": "1000023591111111",
            "grouper": "000.000",
            "percent": "000.00",
            "optativeOne": " ",
            "sent": " ",
            "action": "A",
            "binCode": "",
            "messagePsg": ""
        },
        {
            "lineNumber": "36",
            "folio": "  19713190",
            "itemCategory": " 1",
            "type": "03",
            "startDate": "20250402",
            "endDate": "20250429",
            "itemSku": "   7502294220957",
            "category": "",
            "providerType": "0",
            "requiredQuantity": "001.000",
            "discount": "00025.000",
            "discountType": " ",
            "optative": " ",
            "description": "PSP SIMPLES NACIONAL B04                ",
            "itemSubcategory": "",
            "itemSegment": "",
            "itemSubsegment": "",
            "durationCode": "1000023591111111",
            "grouper": "000.000",
            "percent": "000.00",
            "optativeOne": " ",
            "sent": " ",
            "action": "A",
            "binCode": "",
            "messagePsg": ""
        },
        {
            "lineNumber": "37",
            "folio": "  19713190",
            "itemCategory": " 1",
            "type": "03",
            "startDate": "20250402",
            "endDate": "20250429",
            "itemSku": "   7502294220964",
            "category": "",
            "providerType": "0",
            "requiredQuantity": "001.000",
            "discount": "00025.000",
            "discountType": " ",
            "optative": " ",
            "description": "PSP SIMPLES NACIONAL B04                ",
            "itemSubcategory": "",
            "itemSegment": "",
            "itemSubsegment": "",
            "durationCode": "1000023591111111",
            "grouper": "000.000",
            "percent": "000.00",
            "optativeOne": " ",
            "sent": " ",
            "action": "A",
            "binCode": "",
            "messagePsg": ""
        },
        {
            "lineNumber": "38",
            "folio": "  19713190",
            "itemCategory": " 1",
            "type": "03",
            "startDate": "20250402",
            "endDate": "20250429",
            "itemSku": "   7502294220971",
            "category": "",
            "providerType": "0",
            "requiredQuantity": "001.000",
            "discount": "00025.000",
            "discountType": " ",
            "optative": " ",
            "description": "PSP SIMPLES NACIONAL B04                ",
            "itemSubcategory": "",
            "itemSegment": "",
            "itemSubsegment": "",
            "durationCode": "1000023591111111",
            "grouper": "000.000",
            "percent": "000.00",
            "optativeOne": " ",
            "sent": " ",
            "action": "A",
            "binCode": "",
            "messagePsg": ""
        },
        {
            "lineNumber": "39",
            "folio": "  19713190",
            "itemCategory": " 1",
            "type": "03",
            "startDate": "20250402",
            "endDate": "20250429",
            "itemSku": "   7502294221428",
            "category": "",
            "providerType": "0",
            "requiredQuantity": "001.000",
            "discount": "00030.000",
            "discountType": " ",
            "optative": " ",
            "description": "PSP SIMPLES NACIONAL B04                ",
            "itemSubcategory": "",
            "itemSegment": "",
            "itemSubsegment": "",
            "durationCode": "1000023591111111",
            "grouper": "000.000",
            "percent": "000.00",
            "optativeOne": " ",
            "sent": " ",
            "action": "A",
            "binCode": "",
            "messagePsg": ""
        },
        {
            "lineNumber": "40",
            "folio": "  19713190",
            "itemCategory": " 1",
            "type": "03",
            "startDate": "20250402",
            "endDate": "20250429",
            "itemSku": "   7502294221442",
            "category": "",
            "providerType": "0",
            "requiredQuantity": "001.000",
            "discount": "00023.000",
            "discountType": " ",
            "optative": " ",
            "description": "PSP SIMPLES NACIONAL B04                ",
            "itemSubcategory": "",
            "itemSegment": "",
            "itemSubsegment": "",
            "durationCode": "1000023591111111",
            "grouper": "000.000",
            "percent": "000.00",
            "optativeOne": " ",
            "sent": " ",
            "action": "A",
            "binCode": "",
            "messagePsg": ""
        },
        {
            "lineNumber": "41",
            "folio": "  19713190",
            "itemCategory": " 1",
            "type": "03",
            "startDate": "20250402",
            "endDate": "20250429",
            "itemSku": "   7502294223101",
            "category": "",
            "providerType": "0",
            "requiredQuantity": "001.000",
            "discount": "00049.000",
            "discountType": " ",
            "optative": " ",
            "description": "PSP SIMPLES NACIONAL B04                ",
            "itemSubcategory": "",
            "itemSegment": "",
            "itemSubsegment": "",
            "durationCode": "1000023591111111",
            "grouper": "000.000",
            "percent": "000.00",
            "optativeOne": " ",
            "sent": " ",
            "action": "A",
            "binCode": "",
            "messagePsg": ""
        },
        {
            "lineNumber": "42",
            "folio": "  19713190",
            "itemCategory": " 1",
            "type": "03",
            "startDate": "20250402",
            "endDate": "20250429",
            "itemSku": "   7502294223156",
            "category": "",
            "providerType": "0",
            "requiredQuantity": "001.000",
            "discount": "00015.000",
            "discountType": " ",
            "optative": " ",
            "description": "PSP SIMPLES NACIONAL B04                ",
            "itemSubcategory": "",
            "itemSegment": "",
            "itemSubsegment": "",
            "durationCode": "1000023591111111",
            "grouper": "000.000",
            "percent": "000.00",
            "optativeOne": " ",
            "sent": " ",
            "action": "A",
            "binCode": "",
            "messagePsg": ""
        },
        {
            "lineNumber": "43",
            "folio": "  19713190",
            "itemCategory": " 1",
            "type": "03",
            "startDate": "20250402",
            "endDate": "20250429",
            "itemSku": "   7502294223170",
            "category": "",
            "providerType": "0",
            "requiredQuantity": "001.000",
            "discount": "00030.000",
            "discountType": " ",
            "optative": " ",
            "description": "PSP SIMPLES NACIONAL B04                ",
            "itemSubcategory": "",
            "itemSegment": "",
            "itemSubsegment": "",
            "durationCode": "1000023591111111",
            "grouper": "000.000",
            "percent": "000.00",
            "optativeOne": " ",
            "sent": " ",
            "action": "A",
            "binCode": "",
            "messagePsg": ""
        },
        {
            "lineNumber": "44",
            "folio": "  19713190",
            "itemCategory": " 1",
            "type": "03",
            "startDate": "20250402",
            "endDate": "20250429",
            "itemSku": "   7502294223279",
            "category": "",
            "providerType": "0",
            "requiredQuantity": "001.000",
            "discount": "00050.000",
            "discountType": " ",
            "optative": " ",
            "description": "PSP SIMPLES NACIONAL B04                ",
            "itemSubcategory": "",
            "itemSegment": "",
            "itemSubsegment": "",
            "durationCode": "1000023591111111",
            "grouper": "000.000",
            "percent": "000.00",
            "optativeOne": " ",
            "sent": " ",
            "action": "A",
            "binCode": "",
            "messagePsg": ""
        },
        {
            "lineNumber": "45",
            "folio": "  19713190",
            "itemCategory": " 1",
            "type": "03",
            "startDate": "20250402",
            "endDate": "20250429",
            "itemSku": "   7502294223286",
            "category": "",
            "providerType": "0",
            "requiredQuantity": "001.000",
            "discount": "00030.000",
            "discountType": " ",
            "optative": " ",
            "description": "PSP SIMPLES NACIONAL B04                ",
            "itemSubcategory": "",
            "itemSegment": "",
            "itemSubsegment": "",
            "durationCode": "1000023591111111",
            "grouper": "000.000",
            "percent": "000.00",
            "optativeOne": " ",
            "sent": " ",
            "action": "A",
            "binCode": "",
            "messagePsg": ""
        },
        {
            "lineNumber": "46",
            "folio": "  19713190",
            "itemCategory": " 1",
            "type": "03",
            "startDate": "20250402",
            "endDate": "20250429",
            "itemSku": "   7502294223293",
            "category": "",
            "providerType": "0",
            "requiredQuantity": "001.000",
            "discount": "00011.000",
            "discountType": " ",
            "optative": " ",
            "description": "PSP SIMPLES NACIONAL B04                ",
            "itemSubcategory": "",
            "itemSegment": "",
            "itemSubsegment": "",
            "durationCode": "1000023591111111",
            "grouper": "000.000",
            "percent": "000.00",
            "optativeOne": " ",
            "sent": " ",
            "action": "A",
            "binCode": "",
            "messagePsg": ""
        },
        {
            "lineNumber": "47",
            "folio": "  19713190",
            "itemCategory": " 1",
            "type": "03",
            "startDate": "20250402",
            "endDate": "20250429",
            "itemSku": "   7502294223316",
            "category": "",
            "providerType": "0",
            "requiredQuantity": "001.000",
            "discount": "00043.000",
            "discountType": " ",
            "optative": " ",
            "description": "PSP SIMPLES NACIONAL B04                ",
            "itemSubcategory": "",
            "itemSegment": "",
            "itemSubsegment": "",
            "durationCode": "1000023591111111",
            "grouper": "000.000",
            "percent": "000.00",
            "optativeOne": " ",
            "sent": " ",
            "action": "A",
            "binCode": "",
            "messagePsg": ""
        },
        {
            "lineNumber": "48",
            "folio": "  19713190",
            "itemCategory": " 1",
            "type": "03",
            "startDate": "20250402",
            "endDate": "20250429",
            "itemSku": "   7506309837239",
            "category": "",
            "providerType": "0",
            "requiredQuantity": "001.000",
            "discount": "00030.000",
            "discountType": " ",
            "optative": " ",
            "description": "PSP SIMPLES NACIONAL B04                ",
            "itemSubcategory": "",
            "itemSegment": "",
            "itemSubsegment": "",
            "durationCode": "1000023591111111",
            "grouper": "000.000",
            "percent": "000.00",
            "optativeOne": " ",
            "sent": " ",
            "action": "A",
            "binCode": "",
            "messagePsg": ""
        },
        {
            "lineNumber": "49",
            "folio": "  19713190",
            "itemCategory": " 1",
            "type": "03",
            "startDate": "20250402",
            "endDate": "20250429",
            "itemSku": "   7509546680293",
            "category": "",
            "providerType": "0",
            "requiredQuantity": "001.000",
            "discount": "00022.000",
            "discountType": " ",
            "optative": " ",
            "description": "PSP SIMPLES NACIONAL B04                ",
            "itemSubcategory": "",
            "itemSegment": "",
            "itemSubsegment": "",
            "durationCode": "1000023591111111",
            "grouper": "000.000",
            "percent": "000.00",
            "optativeOne": " ",
            "sent": " ",
            "action": "A",
            "binCode": "",
            "messagePsg": ""
        },
        {
            "lineNumber": "50",
            "folio": "  19713190",
            "itemCategory": " 1",
            "type": "03",
            "startDate": "20250402",
            "endDate": "20250429",
            "itemSku": "   7509546687353",
            "category": "",
            "providerType": "0",
            "requiredQuantity": "001.000",
            "discount": "00030.000",
            "discountType": " ",
            "optative": " ",
            "description": "PSP SIMPLES NACIONAL B04                ",
            "itemSubcategory": "",
            "itemSegment": "",
            "itemSubsegment": "",
            "durationCode": "1000023591111111",
            "grouper": "000.000",
            "percent": "000.00",
            "optativeOne": " ",
            "sent": " ",
            "action": "A",
            "binCode": "",
            "messagePsg": ""
        },
        {
            "lineNumber": "51",
            "folio": "  19713190",
            "itemCategory": " 1",
            "type": "03",
            "startDate": "20250402",
            "endDate": "20250429",
            "itemSku": "   7891024039625",
            "category": "",
            "providerType": "0",
            "requiredQuantity": "001.000",
            "discount": "00025.000",
            "discountType": " ",
            "optative": " ",
            "description": "PSP SIMPLES NACIONAL B04                ",
            "itemSubcategory": "",
            "itemSegment": "",
            "itemSubsegment": "",
            "durationCode": "1000023591111111",
            "grouper": "000.000",
            "percent": "000.00",
            "optativeOne": " ",
            "sent": " ",
            "action": "A",
            "binCode": "",
            "messagePsg": ""
        },
        {
            "lineNumber": "52",
            "folio": "  19713190",
            "itemCategory": " 1",
            "type": "03",
            "startDate": "20250402",
            "endDate": "20250429",
            "itemSku": "   8076809513050",
            "category": "",
            "providerType": "0",
            "requiredQuantity": "001.000",
            "discount": "00010.000",
            "discountType": " ",
            "optative": " ",
            "description": "PSP SIMPLES NACIONAL B04                ",
            "itemSubcategory": "",
            "itemSegment": "",
            "itemSubsegment": "",
            "durationCode": "1000023591111111",
            "grouper": "000.000",
            "percent": "000.00",
            "optativeOne": " ",
            "sent": " ",
            "action": "A",
            "binCode": "",
            "messagePsg": ""
        },
        {
            "lineNumber": "53",
            "folio": "  19713190",
            "itemCategory": " 1",
            "type": "03",
            "startDate": "20250402",
            "endDate": "20250429",
            "itemSku": "   8076809531351",
            "category": "",
            "providerType": "0",
            "requiredQuantity": "001.000",
            "discount": "00025.000",
            "discountType": " ",
            "optative": " ",
            "description": "PSP SIMPLES NACIONAL B04                ",
            "itemSubcategory": "",
            "itemSegment": "",
            "itemSubsegment": "",
            "durationCode": "1000023591111111",
            "grouper": "000.000",
            "percent": "000.00",
            "optativeOne": " ",
            "sent": " ",
            "action": "A",
            "binCode": "",
            "messagePsg": ""
        },
        {
            "lineNumber": "54",
            "folio": "  19713190",
            "itemCategory": " 1",
            "type": "03",
            "startDate": "20250402",
            "endDate": "20250429",
            "itemSku": "   8076809578387",
            "category": "",
            "providerType": "0",
            "requiredQuantity": "001.000",
            "discount": "00025.000",
            "discountType": " ",
            "optative": " ",
            "description": "PSP SIMPLES NACIONAL B04                ",
            "itemSubcategory": "",
            "itemSegment": "",
            "itemSubsegment": "",
            "durationCode": "1000023591111111",
            "grouper": "000.000",
            "percent": "000.00",
            "optativeOne": " ",
            "sent": " ",
            "action": "A",
            "binCode": "",
            "messagePsg": ""
        },
        {
            "lineNumber": "55",
            "folio": "  19713190",
            "itemCategory": " 1",
            "type": "03",
            "startDate": "20250402",
            "endDate": "20250429",
            "itemSku": "    735257002506",
            "category": "",
            "providerType": "0",
            "requiredQuantity": "001.000",
            "discount": "00012.500",
            "discountType": " ",
            "optative": " ",
            "description": "PSP SIMPLES NACIONAL B04                ",
            "itemSubcategory": "",
            "itemSegment": "",
            "itemSubsegment": "",
            "durationCode": "1000023591111111",
            "grouper": "000.000",
            "percent": "000.00",
            "optativeOne": " ",
            "sent": " ",
            "action": "A",
            "binCode": "",
            "messagePsg": ""
        }
    ]
}