{
    "organizationCountry": "MX",
    "organizationName": "FEMSA Comercio",
    "businessName": "OXXO",
    "departmentId": "12NEO",
    "storeId": "52DUG",
    "numberOfRecords": "44",
    "searchId": "000000000000000000000000",
    "searchDate": "2025-03-21 20:45:08",
    "promotions": [
        {
            "lineNumber": "1",
            "folio": "  19712974",
            "itemCategory": " 1",
            "type": "03",
            "startDate": "20250322",
            "endDate": "20250401",
            "itemSku": "   7502294222272",
            "category": "",
            "providerType": "0",
            "requiredQuantity": "001.000",
            "discount": "00010.040",
            "discountType": " ",
            "optative": " ",
            "description": "RYC B03 $10.00                          ",
            "itemSubcategory": "",
            "itemSegment": "",
            "itemSubsegment": "",
            "durationCode": "1000023591111111",
            "grouper": "000.000",
            "percent": "000.00",
            "optativeOne": " ",
            "sent": " ",
            "action": "A",
            "binCode": "",
            "messagePsg": ""
        },
        {
            "lineNumber": "2",
            "folio": "  19712974",
            "itemCategory": " 1",
            "type": "03",
            "startDate": "20250322",
            "endDate": "20250401",
            "itemSku": "    025046021697",
            "category": "",
            "providerType": "0",
            "requiredQuantity": "001.000",
            "discount": "00010.030",
            "discountType": " ",
            "optative": " ",
            "description": "RYC B03 $10.00                          ",
            "itemSubcategory": "",
            "itemSegment": "",
            "itemSubsegment": "",
            "durationCode": "1000023591111111",
            "grouper": "000.000",
            "percent": "000.00",
            "optativeOne": " ",
            "sent": " ",
            "action": "A",
            "binCode": "",
            "messagePsg": ""
        },
        {
            "lineNumber": "3",
            "folio": "  19712974",
            "itemCategory": " 1",
            "type": "03",
            "startDate": "20250322",
            "endDate": "20250401",
            "itemSku": "    070662140123",
            "category": "",
            "providerType": "0",
            "requiredQuantity": "001.000",
            "discount": "00010.040",
            "discountType": " ",
            "optative": " ",
            "description": "RYC B03 $10.00                          ",
            "itemSubcategory": "",
            "itemSegment": "",
            "itemSubsegment": "",
            "durationCode": "1000023591111111",
            "grouper": "000.000",
            "percent": "000.00",
            "optativeOne": " ",
            "sent": " ",
            "action": "A",
            "binCode": "",
            "messagePsg": ""
        },
        {
            "lineNumber": "4",
            "folio": "  19712974",
            "itemCategory": " 1",
            "type": "03",
            "startDate": "20250322",
            "endDate": "20250401",
            "itemSku": "    070662242025",
            "category": "",
            "providerType": "0",
            "requiredQuantity": "001.000",
            "discount": "00010.040",
            "discountType": " ",
            "optative": " ",
            "description": "RYC B03 $10.00                          ",
            "itemSubcategory": "",
            "itemSegment": "",
            "itemSubsegment": "",
            "durationCode": "1000023591111111",
            "grouper": "000.000",
            "percent": "000.00",
            "optativeOne": " ",
            "sent": " ",
            "action": "A",
            "binCode": "",
            "messagePsg": ""
        },
        {
            "lineNumber": "5",
            "folio": "  19712974",
            "itemCategory": " 1",
            "type": "03",
            "startDate": "20250322",
            "endDate": "20250401",
            "itemSku": "    070662247150",
            "category": "",
            "providerType": "0",
            "requiredQuantity": "001.000",
            "discount": "00010.010",
            "discountType": " ",
            "optative": " ",
            "description": "RYC B03 $10.00                          ",
            "itemSubcategory": "",
            "itemSegment": "",
            "itemSubsegment": "",
            "durationCode": "1000023591111111",
            "grouper": "000.000",
            "percent": "000.00",
            "optativeOne": " ",
            "sent": " ",
            "action": "A",
            "binCode": "",
            "messagePsg": ""
        },
        {
            "lineNumber": "6",
            "folio": "  19712974",
            "itemCategory": " 1",
            "type": "03",
            "startDate": "20250322",
            "endDate": "20250401",
            "itemSku": "        75003104",
            "category": "",
            "providerType": "0",
            "requiredQuantity": "001.000",
            "discount": "00010.040",
            "discountType": " ",
            "optative": " ",
            "description": "RYC B03 $10.00                          ",
            "itemSubcategory": "",
            "itemSegment": "",
            "itemSubsegment": "",
            "durationCode": "1000023591111111",
            "grouper": "000.000",
            "percent": "000.00",
            "optativeOne": " ",
            "sent": " ",
            "action": "A",
            "binCode": "",
            "messagePsg": ""
        },
        {
            "lineNumber": "7",
            "folio": "  19712974",
            "itemCategory": " 1",
            "type": "03",
            "startDate": "20250322",
            "endDate": "20250401",
            "itemSku": "   7500366003910",
            "category": "",
            "providerType": "0",
            "requiredQuantity": "001.000",
            "discount": "00010.020",
            "discountType": " ",
            "optative": " ",
            "description": "RYC B03 $10.00                          ",
            "itemSubcategory": "",
            "itemSegment": "",
            "itemSubsegment": "",
            "durationCode": "1000023591111111",
            "grouper": "000.000",
            "percent": "000.00",
            "optativeOne": " ",
            "sent": " ",
            "action": "A",
            "binCode": "",
            "messagePsg": ""
        },
        {
            "lineNumber": "8",
            "folio": "  19712974",
            "itemCategory": " 1",
            "type": "03",
            "startDate": "20250322",
            "endDate": "20250401",
            "itemSku": "   7500478014477",
            "category": "",
            "providerType": "0",
            "requiredQuantity": "001.000",
            "discount": "00010.010",
            "discountType": " ",
            "optative": " ",
            "description": "RYC B03 $10.00                          ",
            "itemSubcategory": "",
            "itemSegment": "",
            "itemSubsegment": "",
            "durationCode": "1000023591111111",
            "grouper": "000.000",
            "percent": "000.00",
            "optativeOne": " ",
            "sent": " ",
            "action": "A",
            "binCode": "",
            "messagePsg": ""
        },
        {
            "lineNumber": "9",
            "folio": "  19712974",
            "itemCategory": " 1",
            "type": "03",
            "startDate": "20250322",
            "endDate": "20250401",
            "itemSku": "   7500478021598",
            "category": "",
            "providerType": "0",
            "requiredQuantity": "001.000",
            "discount": "00010.040",
            "discountType": " ",
            "optative": " ",
            "description": "RYC B03 $10.00                          ",
            "itemSubcategory": "",
            "itemSegment": "",
            "itemSubsegment": "",
            "durationCode": "1000023591111111",
            "grouper": "000.000",
            "percent": "000.00",
            "optativeOne": " ",
            "sent": " ",
            "action": "A",
            "binCode": "",
            "messagePsg": ""
        },
        {
            "lineNumber": "10",
            "folio": "  19712974",
            "itemCategory": " 1",
            "type": "03",
            "startDate": "20250322",
            "endDate": "20250401",
            "itemSku": "   7500810026540",
            "category": "",
            "providerType": "0",
            "requiredQuantity": "001.000",
            "discount": "00010.020",
            "discountType": " ",
            "optative": " ",
            "description": "RYC B03 $10.00                          ",
            "itemSubcategory": "",
            "itemSegment": "",
            "itemSubsegment": "",
            "durationCode": "1000023591111111",
            "grouper": "000.000",
            "percent": "000.00",
            "optativeOne": " ",
            "sent": " ",
            "action": "A",
            "binCode": "",
            "messagePsg": ""
        },
        {
            "lineNumber": "11",
            "folio": "  19712974",
            "itemCategory": " 1",
            "type": "03",
            "startDate": "20250322",
            "endDate": "20250401",
            "itemSku": "   7501000612406",
            "category": "",
            "providerType": "0",
            "requiredQuantity": "001.000",
            "discount": "00010.030",
            "discountType": " ",
            "optative": " ",
            "description": "RYC B03 $10.00                          ",
            "itemSubcategory": "",
            "itemSegment": "",
            "itemSubsegment": "",
            "durationCode": "1000023591111111",
            "grouper": "000.000",
            "percent": "000.00",
            "optativeOne": " ",
            "sent": " ",
            "action": "A",
            "binCode": "",
            "messagePsg": ""
        },
        {
            "lineNumber": "12",
            "folio": "  19712974",
            "itemCategory": " 1",
            "type": "03",
            "startDate": "20250322",
            "endDate": "20250401",
            "itemSku": "   7501000922239",
            "category": "",
            "providerType": "0",
            "requiredQuantity": "001.000",
            "discount": "00010.040",
            "discountType": " ",
            "optative": " ",
            "description": "RYC B03 $10.00                          ",
            "itemSubcategory": "",
            "itemSegment": "",
            "itemSubsegment": "",
            "durationCode": "1000023591111111",
            "grouper": "000.000",
            "percent": "000.00",
            "optativeOne": " ",
            "sent": " ",
            "action": "A",
            "binCode": "",
            "messagePsg": ""
        },
        {
            "lineNumber": "13",
            "folio": "  19712974",
            "itemCategory": " 1",
            "type": "03",
            "startDate": "20250322",
            "endDate": "20250401",
            "itemSku": "   7501003335029",
            "category": "",
            "providerType": "0",
            "requiredQuantity": "001.000",
            "discount": "00010.010",
            "discountType": " ",
            "optative": " ",
            "description": "RYC B03 $10.00                          ",
            "itemSubcategory": "",
            "itemSegment": "",
            "itemSubsegment": "",
            "durationCode": "1000023591111111",
            "grouper": "000.000",
            "percent": "000.00",
            "optativeOne": " ",
            "sent": " ",
            "action": "A",
            "binCode": "",
            "messagePsg": ""
        },
        {
            "lineNumber": "14",
            "folio": "  19712974",
            "itemCategory": " 1",
            "type": "03",
            "startDate": "20250322",
            "endDate": "20250401",
            "itemSku": "   7501003339522",
            "category": "",
            "providerType": "0",
            "requiredQuantity": "001.000",
            "discount": "00010.030",
            "discountType": " ",
            "optative": " ",
            "description": "RYC B03 $10.00                          ",
            "itemSubcategory": "",
            "itemSegment": "",
            "itemSubsegment": "",
            "durationCode": "1000023591111111",
            "grouper": "000.000",
            "percent": "000.00",
            "optativeOne": " ",
            "sent": " ",
            "action": "A",
            "binCode": "",
            "messagePsg": ""
        },
        {
            "lineNumber": "15",
            "folio": "  19712974",
            "itemCategory": " 1",
            "type": "03",
            "startDate": "20250322",
            "endDate": "20250401",
            "itemSku": "   7501008042946",
            "category": "",
            "providerType": "0",
            "requiredQuantity": "001.000",
            "discount": "00010.030",
            "discountType": " ",
            "optative": " ",
            "description": "RYC B03 $10.00                          ",
            "itemSubcategory": "",
            "itemSegment": "",
            "itemSubsegment": "",
            "durationCode": "1000023591111111",
            "grouper": "000.000",
            "percent": "000.00",
            "optativeOne": " ",
            "sent": " ",
            "action": "A",
            "binCode": "",
            "messagePsg": ""
        },
        {
            "lineNumber": "16",
            "folio": "  19712974",
            "itemCategory": " 1",
            "type": "03",
            "startDate": "20250322",
            "endDate": "20250401",
            "itemSku": "   7501008726402",
            "category": "",
            "providerType": "0",
            "requiredQuantity": "001.000",
            "discount": "00010.040",
            "discountType": " ",
            "optative": " ",
            "description": "RYC B03 $10.00                          ",
            "itemSubcategory": "",
            "itemSegment": "",
            "itemSubsegment": "",
            "durationCode": "1000023591111111",
            "grouper": "000.000",
            "percent": "000.00",
            "optativeOne": " ",
            "sent": " ",
            "action": "A",
            "binCode": "",
            "messagePsg": ""
        },
        {
            "lineNumber": "17",
            "folio": "  19712974",
            "itemCategory": " 1",
            "type": "03",
            "startDate": "20250322",
            "endDate": "20250401",
            "itemSku": "   7501018315252",
            "category": "",
            "providerType": "0",
            "requiredQuantity": "001.000",
            "discount": "00010.010",
            "discountType": " ",
            "optative": " ",
            "description": "RYC B03 $10.00                          ",
            "itemSubcategory": "",
            "itemSegment": "",
            "itemSubsegment": "",
            "durationCode": "1000023591111111",
            "grouper": "000.000",
            "percent": "000.00",
            "optativeOne": " ",
            "sent": " ",
            "action": "A",
            "binCode": "",
            "messagePsg": ""
        },
        {
            "lineNumber": "18",
            "folio": "  19712974",
            "itemCategory": " 1",
            "type": "03",
            "startDate": "20250322",
            "endDate": "20250401",
            "itemSku": "   7501039400289",
            "category": "",
            "providerType": "0",
            "requiredQuantity": "001.000",
            "discount": "00010.040",
            "discountType": " ",
            "optative": " ",
            "description": "RYC B03 $10.00                          ",
            "itemSubcategory": "",
            "itemSegment": "",
            "itemSubsegment": "",
            "durationCode": "1000023591111111",
            "grouper": "000.000",
            "percent": "000.00",
            "optativeOne": " ",
            "sent": " ",
            "action": "A",
            "binCode": "",
            "messagePsg": ""
        },
        {
            "lineNumber": "19",
            "folio": "  19712974",
            "itemCategory": " 1",
            "type": "03",
            "startDate": "20250322",
            "endDate": "20250401",
            "itemSku": "   7506306416673",
            "category": "",
            "providerType": "0",
            "requiredQuantity": "001.000",
            "discount": "00010.040",
            "discountType": " ",
            "optative": " ",
            "description": "RYC B03 $10.00                          ",
            "itemSubcategory": "",
            "itemSegment": "",
            "itemSubsegment": "",
            "durationCode": "1000023591111111",
            "grouper": "000.000",
            "percent": "000.00",
            "optativeOne": " ",
            "sent": " ",
            "action": "A",
            "binCode": "",
            "messagePsg": ""
        },
        {
            "lineNumber": "20",
            "folio": "  19712974",
            "itemCategory": " 1",
            "type": "03",
            "startDate": "20250322",
            "endDate": "20250401",
            "itemSku": "   7503020651557",
            "category": "",
            "providerType": "0",
            "requiredQuantity": "001.000",
            "discount": "00010.040",
            "discountType": " ",
            "optative": " ",
            "description": "RYC B03 $10.00                          ",
            "itemSubcategory": "",
            "itemSegment": "",
            "itemSubsegment": "",
            "durationCode": "1000023591111111",
            "grouper": "000.000",
            "percent": "000.00",
            "optativeOne": " ",
            "sent": " ",
            "action": "A",
            "binCode": "",
            "messagePsg": ""
        },
        {
            "lineNumber": "21",
            "folio": "  19712974",
            "itemCategory": " 1",
            "type": "03",
            "startDate": "20250322",
            "endDate": "20250401",
            "itemSku": "   7502294223705",
            "category": "",
            "providerType": "0",
            "requiredQuantity": "001.000",
            "discount": "00010.020",
            "discountType": " ",
            "optative": " ",
            "description": "RYC B03 $10.00                          ",
            "itemSubcategory": "",
            "itemSegment": "",
            "itemSubsegment": "",
            "durationCode": "1000023591111111",
            "grouper": "000.000",
            "percent": "000.00",
            "optativeOne": " ",
            "sent": " ",
            "action": "A",
            "binCode": "",
            "messagePsg": ""
        },
        {
            "lineNumber": "22",
            "folio": "  19712974",
            "itemCategory": " 1",
            "type": "03",
            "startDate": "20250322",
            "endDate": "20250401",
            "itemSku": "    011848245638",
            "category": "",
            "providerType": "0",
            "requiredQuantity": "001.000",
            "discount": "00010.010",
            "discountType": " ",
            "optative": " ",
            "description": "RYC B03 $10.00                          ",
            "itemSubcategory": "",
            "itemSegment": "",
            "itemSubsegment": "",
            "durationCode": "1000023591111111",
            "grouper": "000.000",
            "percent": "000.00",
            "optativeOne": " ",
            "sent": " ",
            "action": "A",
            "binCode": "",
            "messagePsg": ""
        },
        {
            "lineNumber": "23",
            "folio": "  19712974",
            "itemCategory": " 1",
            "type": "03",
            "startDate": "20250322",
            "endDate": "20250401",
            "itemSku": "   7502294221794",
            "category": "",
            "providerType": "0",
            "requiredQuantity": "001.000",
            "discount": "00010.020",
            "discountType": " ",
            "optative": " ",
            "description": "RYC B03 $10.00                          ",
            "itemSubcategory": "",
            "itemSegment": "",
            "itemSubsegment": "",
            "durationCode": "1000023591111111",
            "grouper": "000.000",
            "percent": "000.00",
            "optativeOne": " ",
            "sent": " ",
            "action": "A",
            "binCode": "",
            "messagePsg": ""
        },
        {
            "lineNumber": "24",
            "folio": "  19712974",
            "itemCategory": " 1",
            "type": "03",
            "startDate": "20250322",
            "endDate": "20250401",
            "itemSku": "   7502294221770",
            "category": "",
            "providerType": "0",
            "requiredQuantity": "001.000",
            "discount": "00010.020",
            "discountType": " ",
            "optative": " ",
            "description": "RYC B03 $10.00                          ",
            "itemSubcategory": "",
            "itemSegment": "",
            "itemSubsegment": "",
            "durationCode": "1000023591111111",
            "grouper": "000.000",
            "percent": "000.00",
            "optativeOne": " ",
            "sent": " ",
            "action": "A",
            "binCode": "",
            "messagePsg": ""
        },
        {
            "lineNumber": "25",
            "folio": "  19712974",
            "itemCategory": " 1",
            "type": "03",
            "startDate": "20250322",
            "endDate": "20250401",
            "itemSku": "   7502294221435",
            "category": "",
            "providerType": "0",
            "requiredQuantity": "001.000",
            "discount": "00010.020",
            "discountType": " ",
            "optative": " ",
            "description": "RYC B03 $10.00                          ",
            "itemSubcategory": "",
            "itemSegment": "",
            "itemSubsegment": "",
            "durationCode": "1000023591111111",
            "grouper": "000.000",
            "percent": "000.00",
            "optativeOne": " ",
            "sent": " ",
            "action": "A",
            "binCode": "",
            "messagePsg": ""
        },
        {
            "lineNumber": "26",
            "folio": "  19712974",
            "itemCategory": " 1",
            "type": "03",
            "startDate": "20250322",
            "endDate": "20250401",
            "itemSku": "   7501055313006",
            "category": "",
            "providerType": "0",
            "requiredQuantity": "001.000",
            "discount": "00010.030",
            "discountType": " ",
            "optative": " ",
            "description": "RYC B03 $10.00                          ",
            "itemSubcategory": "",
            "itemSegment": "",
            "itemSubsegment": "",
            "durationCode": "1000023591111111",
            "grouper": "000.000",
            "percent": "000.00",
            "optativeOne": " ",
            "sent": " ",
            "action": "A",
            "binCode": "",
            "messagePsg": ""
        },
        {
            "lineNumber": "27",
            "folio": "  19712975",
            "itemCategory": " 1",
            "type": "03",
            "startDate": "20250322",
            "endDate": "20250401",
            "itemSku": "   7501013104097",
            "category": "",
            "providerType": "0",
            "requiredQuantity": "001.000",
            "discount": "00040.040",
            "discountType": " ",
            "optative": " ",
            "description": "RYC B03 $40.00                          ",
            "itemSubcategory": "",
            "itemSegment": "",
            "itemSubsegment": "",
            "durationCode": "1000023591111111",
            "grouper": "000.000",
            "percent": "000.00",
            "optativeOne": " ",
            "sent": " ",
            "action": "A",
            "binCode": "",
            "messagePsg": ""
        },
        {
            "lineNumber": "28",
            "folio": "  19712975",
            "itemCategory": " 1",
            "type": "03",
            "startDate": "20250322",
            "endDate": "20250401",
            "itemSku": "   7501013102802",
            "category": "",
            "providerType": "0",
            "requiredQuantity": "001.000",
            "discount": "00040.040",
            "discountType": " ",
            "optative": " ",
            "description": "RYC B03 $40.00                          ",
            "itemSubcategory": "",
            "itemSegment": "",
            "itemSubsegment": "",
            "durationCode": "1000023591111111",
            "grouper": "000.000",
            "percent": "000.00",
            "optativeOne": " ",
            "sent": " ",
            "action": "A",
            "binCode": "",
            "messagePsg": ""
        },
        {
            "lineNumber": "29",
            "folio": "  19712975",
            "itemCategory": " 1",
            "type": "03",
            "startDate": "20250322",
            "endDate": "20250401",
            "itemSku": "   7501000909612",
            "category": "",
            "providerType": "0",
            "requiredQuantity": "001.000",
            "discount": "00040.040",
            "discountType": " ",
            "optative": " ",
            "description": "RYC B03 $40.00                          ",
            "itemSubcategory": "",
            "itemSegment": "",
            "itemSubsegment": "",
            "durationCode": "1000023591111111",
            "grouper": "000.000",
            "percent": "000.00",
            "optativeOne": " ",
            "sent": " ",
            "action": "A",
            "binCode": "",
            "messagePsg": ""
        },
        {
            "lineNumber": "30",
            "folio": "  19712975",
            "itemCategory": " 1",
            "type": "03",
            "startDate": "20250322",
            "endDate": "20250401",
            "itemSku": "   7502214985348",
            "category": "",
            "providerType": "0",
            "requiredQuantity": "001.000",
            "discount": "00040.040",
            "discountType": " ",
            "optative": " ",
            "description": "RYC B03 $40.00                          ",
            "itemSubcategory": "",
            "itemSegment": "",
            "itemSubsegment": "",
            "durationCode": "1000023591111111",
            "grouper": "000.000",
            "percent": "000.00",
            "optativeOne": " ",
            "sent": " ",
            "action": "A",
            "binCode": "",
            "messagePsg": ""
        },
        {
            "lineNumber": "31",
            "folio": "  19712975",
            "itemCategory": " 1",
            "type": "03",
            "startDate": "20250322",
            "endDate": "20250401",
            "itemSku": "   7501438326388",
            "category": "",
            "providerType": "0",
            "requiredQuantity": "001.000",
            "discount": "00040.040",
            "discountType": " ",
            "optative": " ",
            "description": "RYC B03 $40.00                          ",
            "itemSubcategory": "",
            "itemSegment": "",
            "itemSubsegment": "",
            "durationCode": "1000023591111111",
            "grouper": "000.000",
            "percent": "000.00",
            "optativeOne": " ",
            "sent": " ",
            "action": "A",
            "binCode": "",
            "messagePsg": ""
        },
        {
            "lineNumber": "32",
            "folio": "  19712975",
            "itemCategory": " 1",
            "type": "03",
            "startDate": "20250322",
            "endDate": "20250401",
            "itemSku": "   7501032398392",
            "category": "",
            "providerType": "0",
            "requiredQuantity": "001.000",
            "discount": "00040.040",
            "discountType": " ",
            "optative": " ",
            "description": "RYC B03 $40.00                          ",
            "itemSubcategory": "",
            "itemSegment": "",
            "itemSubsegment": "",
            "durationCode": "1000023591111111",
            "grouper": "000.000",
            "percent": "000.00",
            "optativeOne": " ",
            "sent": " ",
            "action": "A",
            "binCode": "",
            "messagePsg": ""
        },
        {
            "lineNumber": "33",
            "folio": "  19712975",
            "itemCategory": " 1",
            "type": "03",
            "startDate": "20250322",
            "endDate": "20250401",
            "itemSku": "   7501030478591",
            "category": "",
            "providerType": "0",
            "requiredQuantity": "001.000",
            "discount": "00040.040",
            "discountType": " ",
            "optative": " ",
            "description": "RYC B03 $40.00                          ",
            "itemSubcategory": "",
            "itemSegment": "",
            "itemSubsegment": "",
            "durationCode": "1000023591111111",
            "grouper": "000.000",
            "percent": "000.00",
            "optativeOne": " ",
            "sent": " ",
            "action": "A",
            "binCode": "",
            "messagePsg": ""
        },
        {
            "lineNumber": "34",
            "folio": "  19712976",
            "itemCategory": " 1",
            "type": "03",
            "startDate": "20250322",
            "endDate": "20250401",
            "itemSku": "   7502294222692",
            "category": "",
            "providerType": "0",
            "requiredQuantity": "001.000",
            "discount": "00020.040",
            "discountType": " ",
            "optative": " ",
            "description": "RYC B03 $20.00                          ",
            "itemSubcategory": "",
            "itemSegment": "",
            "itemSubsegment": "",
            "durationCode": "1000023591111111",
            "grouper": "000.000",
            "percent": "000.00",
            "optativeOne": " ",
            "sent": " ",
            "action": "A",
            "binCode": "",
            "messagePsg": ""
        },
        {
            "lineNumber": "35",
            "folio": "  19712976",
            "itemCategory": " 1",
            "type": "03",
            "startDate": "20250322",
            "endDate": "20250401",
            "itemSku": "   7506306247505",
            "category": "",
            "providerType": "0",
            "requiredQuantity": "001.000",
            "discount": "00020.040",
            "discountType": " ",
            "optative": " ",
            "description": "RYC B03 $20.00                          ",
            "itemSubcategory": "",
            "itemSegment": "",
            "itemSubsegment": "",
            "durationCode": "1000023591111111",
            "grouper": "000.000",
            "percent": "000.00",
            "optativeOne": " ",
            "sent": " ",
            "action": "A",
            "binCode": "",
            "messagePsg": ""
        },
        {
            "lineNumber": "36",
            "folio": "  19712976",
            "itemCategory": " 1",
            "type": "03",
            "startDate": "20250322",
            "endDate": "20250401",
            "itemSku": "   7506306417359",
            "category": "",
            "providerType": "0",
            "requiredQuantity": "001.000",
            "discount": "00020.040",
            "discountType": " ",
            "optative": " ",
            "description": "RYC B03 $20.00                          ",
            "itemSubcategory": "",
            "itemSegment": "",
            "itemSubsegment": "",
            "durationCode": "1000023591111111",
            "grouper": "000.000",
            "percent": "000.00",
            "optativeOne": " ",
            "sent": " ",
            "action": "A",
            "binCode": "",
            "messagePsg": ""
        },
        {
            "lineNumber": "37",
            "folio": "  19712976",
            "itemCategory": " 1",
            "type": "03",
            "startDate": "20250322",
            "endDate": "20250401",
            "itemSku": "   7501013106992",
            "category": "",
            "providerType": "0",
            "requiredQuantity": "001.000",
            "discount": "00020.040",
            "discountType": " ",
            "optative": " ",
            "description": "RYC B03 $20.00                          ",
            "itemSubcategory": "",
            "itemSegment": "",
            "itemSubsegment": "",
            "durationCode": "1000023591111111",
            "grouper": "000.000",
            "percent": "000.00",
            "optativeOne": " ",
            "sent": " ",
            "action": "A",
            "binCode": "",
            "messagePsg": ""
        },
        {
            "lineNumber": "38",
            "folio": "  19712976",
            "itemCategory": " 1",
            "type": "03",
            "startDate": "20250322",
            "endDate": "20250401",
            "itemSku": "   7501003336125",
            "category": "",
            "providerType": "0",
            "requiredQuantity": "001.000",
            "discount": "00020.040",
            "discountType": " ",
            "optative": " ",
            "description": "RYC B03 $20.00                          ",
            "itemSubcategory": "",
            "itemSegment": "",
            "itemSubsegment": "",
            "durationCode": "1000023591111111",
            "grouper": "000.000",
            "percent": "000.00",
            "optativeOne": " ",
            "sent": " ",
            "action": "A",
            "binCode": "",
            "messagePsg": ""
        },
        {
            "lineNumber": "39",
            "folio": "  19712976",
            "itemCategory": " 1",
            "type": "03",
            "startDate": "20250322",
            "endDate": "20250401",
            "itemSku": "   7500810028032",
            "category": "",
            "providerType": "0",
            "requiredQuantity": "001.000",
            "discount": "00020.040",
            "discountType": " ",
            "optative": " ",
            "description": "RYC B03 $20.00                          ",
            "itemSubcategory": "",
            "itemSegment": "",
            "itemSubsegment": "",
            "durationCode": "1000023591111111",
            "grouper": "000.000",
            "percent": "000.00",
            "optativeOne": " ",
            "sent": " ",
            "action": "A",
            "binCode": "",
            "messagePsg": ""
        },
        {
            "lineNumber": "40",
            "folio": "  19712976",
            "itemCategory": " 1",
            "type": "03",
            "startDate": "20250322",
            "endDate": "20250401",
            "itemSku": "   7500810022801",
            "category": "",
            "providerType": "0",
            "requiredQuantity": "001.000",
            "discount": "00020.040",
            "discountType": " ",
            "optative": " ",
            "description": "RYC B03 $20.00                          ",
            "itemSubcategory": "",
            "itemSegment": "",
            "itemSubsegment": "",
            "durationCode": "1000023591111111",
            "grouper": "000.000",
            "percent": "000.00",
            "optativeOne": " ",
            "sent": " ",
            "action": "A",
            "binCode": "",
            "messagePsg": ""
        },
        {
            "lineNumber": "41",
            "folio": "  19712976",
            "itemCategory": " 1",
            "type": "03",
            "startDate": "20250322",
            "endDate": "20250401",
            "itemSku": "   7500810020531",
            "category": "",
            "providerType": "0",
            "requiredQuantity": "001.000",
            "discount": "00020.040",
            "discountType": " ",
            "optative": " ",
            "description": "RYC B03 $20.00                          ",
            "itemSubcategory": "",
            "itemSegment": "",
            "itemSubsegment": "",
            "durationCode": "1000023591111111",
            "grouper": "000.000",
            "percent": "000.00",
            "optativeOne": " ",
            "sent": " ",
            "action": "A",
            "binCode": "",
            "messagePsg": ""
        },
        {
            "lineNumber": "42",
            "folio": "  19712976",
            "itemCategory": " 1",
            "type": "03",
            "startDate": "20250322",
            "endDate": "20250401",
            "itemSku": "   7506425645466",
            "category": "",
            "providerType": "0",
            "requiredQuantity": "001.000",
            "discount": "00020.040",
            "discountType": " ",
            "optative": " ",
            "description": "RYC B03 $20.00                          ",
            "itemSubcategory": "",
            "itemSegment": "",
            "itemSubsegment": "",
            "durationCode": "1000023591111111",
            "grouper": "000.000",
            "percent": "000.00",
            "optativeOne": " ",
            "sent": " ",
            "action": "A",
            "binCode": "",
            "messagePsg": ""
        },
        {
            "lineNumber": "43",
            "folio": "  19712976",
            "itemCategory": " 1",
            "type": "03",
            "startDate": "20250322",
            "endDate": "20250401",
            "itemSku": "    014800515329",
            "category": "",
            "providerType": "0",
            "requiredQuantity": "001.000",
            "discount": "00020.040",
            "discountType": " ",
            "optative": " ",
            "description": "RYC B03 $20.00                          ",
            "itemSubcategory": "",
            "itemSegment": "",
            "itemSubsegment": "",
            "durationCode": "1000023591111111",
            "grouper": "000.000",
            "percent": "000.00",
            "optativeOne": " ",
            "sent": " ",
            "action": "A",
            "binCode": "",
            "messagePsg": ""
        },
        {
            "lineNumber": "44",
            "folio": "  19712976",
            "itemCategory": " 1",
            "type": "03",
            "startDate": "20250322",
            "endDate": "20250401",
            "itemSku": "    740085250135",
            "category": "",
            "providerType": "0",
            "requiredQuantity": "001.000",
            "discount": "00020.040",
            "discountType": " ",
            "optative": " ",
            "description": "RYC B03 $20.00                          ",
            "itemSubcategory": "",
            "itemSegment": "",
            "itemSubsegment": "",
            "durationCode": "1000023591111111",
            "grouper": "000.000",
            "percent": "000.00",
            "optativeOne": " ",
            "sent": " ",
            "action": "A",
            "binCode": "",
            "messagePsg": ""
        }
    ]
}