{
    "organizationCountry": "MX",
    "organizationName": "FEMSA Comercio",
    "businessName": "OXXO",
    "departmentId": "12NEO",
    "storeId": "52DUG",
    "numberOfRecords": "2",
    "searchId": "000000000000000000000000",
    "searchDate": "2025-03-20 02:14:48",
    "promotions": [
        {
            "lineNumber": "1",
            "folio": "  19712776",
            "itemCategory": " 1",
            "type": "00",
            "startDate": "20250321",
            "endDate": "20250323",
            "itemSku": "   7501064194214",
            "category": "",
            "providerType": "0",
            "requiredQuantity": "001.000",
            "discount": "00189.990",
            "discountType": "F",
            "optative": "1",
            "description": "Cor Light 12P 355ml gratis Arra Mari 500",
            "itemSubcategory": "    ",
            "itemSegment": "    ",
            "itemSubsegment": "    ",
            "durationCode": "1000023590000111",
            "grouper": "002.000",
            "percent": "000.00",
            "optativeOne": " ",
            "sent": " ",
            "action": "A",
            "binCode": "",
            "messagePsg": ""
        },
        {
            "lineNumber": "2",
            "folio": "  19712776",
            "itemCategory": " 1",
            "type": "00",
            "startDate": "20250321",
            "endDate": "20250323",
            "itemSku": "   7503034516750",
            "category": "",
            "providerType": "0",
            "requiredQuantity": "001.000",
            "discount": "00000.000",
            "discountType": "F",
            "optative": "2",
            "description": "Cor Light 12P 355ml gratis Arra Mari 500",
            "itemSubcategory": "    ",
            "itemSegment": "    ",
            "itemSubsegment": "    ",
            "durationCode": "1000023590000111",
            "grouper": "002.000",
            "percent": "000.00",
            "optativeOne": " ",
            "sent": " ",
            "action": "A",
            "binCode": "",
            "messagePsg": ""
        }
    ]
}