{
    "organizationCountry": "MX",
    "organizationName": "FEMSA Comercio",
    "businessName": "OXXO",
    "departmentId": "12NEO",
    "storeId": "52DUG",
    "numberOfRecords": "8",
    "searchId": "000000000000000000000000",
    "searchDate": "2025-03-06 13:54:51",
    "promotions": [
        {
            "lineNumber": "1",
            "folio": "  19710931",
            "itemCategory": " 1",
            "type": "03",
            "startDate": "20250305",
            "endDate": "20250401",
            "itemSku": "   8711327446045",
            "category": "",
            "providerType": "0",
            "requiredQuantity": "001.000",
            "discount": "00132.000",
            "discountType": " ",
            "optative": " ",
            "description": "SIMPLES PROMOBARA B02                   ",
            "itemSubcategory": "",
            "itemSegment": "",
            "itemSubsegment": "",
            "durationCode": "1000023591111111",
            "grouper": "000.000",
            "percent": "000.00",
            "optativeOne": " ",
            "sent": " ",
            "action": "A",
            "binCode": "",
            "messagePsg": ""
        },
        {
            "lineNumber": "2",
            "folio": "  19711673",
            "itemCategory": " 1",
            "type": "00",
            "startDate": "20250307",
            "endDate": "20250401",
            "itemSku": "   7501005102735",
            "category": "",
            "providerType": "0",
            "requiredQuantity": "002.000",
            "discount": "00063.000",
            "discountType": "F",
            "optative": "1",
            "description": "PB Ades Soya Light Natural 946ml 2X$63  ",
            "itemSubcategory": "    ",
            "itemSegment": "    ",
            "itemSubsegment": "    ",
            "durationCode": "1000023591111111",
            "grouper": "001.000",
            "percent": "000.00",
            "optativeOne": " ",
            "sent": " ",
            "action": "A",
            "binCode": "",
            "messagePsg": ""
        },
        {
            "lineNumber": "3",
            "folio": "  19711674",
            "itemCategory": " 1",
            "type": "00",
            "startDate": "20250307",
            "endDate": "20250401",
            "itemSku": "   7501055363346",
            "category": "",
            "providerType": "0",
            "requiredQuantity": "002.000",
            "discount": "00054.000",
            "discountType": "F",
            "optative": "1",
            "description": "PB Leche de Almendra Ades 946 ml 2X$54  ",
            "itemSubcategory": "    ",
            "itemSegment": "    ",
            "itemSubsegment": "    ",
            "durationCode": "1000023591111111",
            "grouper": "001.000",
            "percent": "000.00",
            "optativeOne": " ",
            "sent": " ",
            "action": "A",
            "binCode": "",
            "messagePsg": ""
        },
        {
            "lineNumber": "4",
            "folio": "  19711675",
            "itemCategory": " 1",
            "type": "00",
            "startDate": "20250307",
            "endDate": "20250401",
            "itemSku": "   7501055317660",
            "category": "",
            "providerType": "0",
            "requiredQuantity": "002.000",
            "discount": "00048.000",
            "discountType": "F",
            "optative": "1",
            "description": "PB Powerade                             ",
            "itemSubcategory": "    ",
            "itemSegment": "    ",
            "itemSubsegment": "    ",
            "durationCode": "1000023591111111",
            "grouper": "001.000",
            "percent": "000.00",
            "optativeOne": " ",
            "sent": " ",
            "action": "A",
            "binCode": "",
            "messagePsg": ""
        },
        {
            "lineNumber": "5",
            "folio": "  19711675",
            "itemCategory": " 1",
            "type": "00",
            "startDate": "20250307",
            "endDate": "20250401",
            "itemSku": "   7501055317653",
            "category": "",
            "providerType": "0",
            "requiredQuantity": "002.000",
            "discount": "00048.000",
            "discountType": "F",
            "optative": "1",
            "description": "PB Powerade                             ",
            "itemSubcategory": "    ",
            "itemSegment": "    ",
            "itemSubsegment": "    ",
            "durationCode": "1000023591111111",
            "grouper": "001.000",
            "percent": "000.00",
            "optativeOne": " ",
            "sent": " ",
            "action": "A",
            "binCode": "",
            "messagePsg": ""
        },
        {
            "lineNumber": "6",
            "folio": "  19711675",
            "itemCategory": " 1",
            "type": "00",
            "startDate": "20250307",
            "endDate": "20250401",
            "itemSku": "   7501055329373",
            "category": "",
            "providerType": "0",
            "requiredQuantity": "002.000",
            "discount": "00048.000",
            "discountType": "F",
            "optative": "1",
            "description": "PB Powerade                             ",
            "itemSubcategory": "    ",
            "itemSegment": "    ",
            "itemSubsegment": "    ",
            "durationCode": "1000023591111111",
            "grouper": "001.000",
            "percent": "000.00",
            "optativeOne": " ",
            "sent": " ",
            "action": "A",
            "binCode": "",
            "messagePsg": ""
        },
        {
            "lineNumber": "7",
            "folio": "  19711676",
            "itemCategory": " 1",
            "type": "00",
            "startDate": "20250307",
            "endDate": "20250401",
            "itemSku": "   7501295600621",
            "category": "",
            "providerType": "0",
            "requiredQuantity": "002.000",
            "discount": "00022.000",
            "discountType": "F",
            "optative": "1",
            "description": "LecheSanta Clara 200 ml 2x$22           ",
            "itemSubcategory": "    ",
            "itemSegment": "    ",
            "itemSubsegment": "    ",
            "durationCode": "1000023591111111",
            "grouper": "001.000",
            "percent": "000.00",
            "optativeOne": " ",
            "sent": " ",
            "action": "A",
            "binCode": "",
            "messagePsg": ""
        },
        {
            "lineNumber": "8",
            "folio": "  19711676",
            "itemCategory": " 1",
            "type": "00",
            "startDate": "20250307",
            "endDate": "20250401",
            "itemSku": "   7501295600614",
            "category": "",
            "providerType": "0",
            "requiredQuantity": "002.000",
            "discount": "00022.000",
            "discountType": "F",
            "optative": "1",
            "description": "LecheSanta Clara 200 ml 2x$22           ",
            "itemSubcategory": "    ",
            "itemSegment": "    ",
            "itemSubsegment": "    ",
            "durationCode": "1000023591111111",
            "grouper": "001.000",
            "percent": "000.00",
            "optativeOne": " ",
            "sent": " ",
            "action": "A",
            "binCode": "",
            "messagePsg": ""
        }
    ]
}