{
    "organizationCountry": "MX",
    "organizationName": "FEMSA Comercio",
    "businessName": "OXXO",
    "departmentId": "12NEO",
    "storeId": "52DUG",
    "numberOfRecords": "14",
    "searchId": "000000000000000000000000",
    "searchDate": "2025-03-07 20:45:46",
    "promotions": [
        {
            "lineNumber": "1",
            "folio": "  19711780",
            "itemCategory": " 1",
            "type": "03",
            "startDate": "19900101",
            "endDate": "20250306",
            "itemSku": "   7501055307043",
            "category": "",
            "providerType": "0",
            "requiredQuantity": "001.000",
            "discount": "00076.000",
            "discountType": " ",
            "optative": " ",
            "description": "Coca-Cola 4p 600 ml:regular $61         ",
            "itemSubcategory": "",
            "itemSegment": "",
            "itemSubsegment": "",
            "durationCode": "1000023591111111",
            "grouper": "000.000",
            "percent": "000.00",
            "optativeOne": " ",
            "sent": " ",
            "action": "F",
            "binCode": "",
            "messagePsg": ""
        },
        {
            "lineNumber": "2",
            "folio": "  19711873",
            "itemCategory": " 1",
            "type": "00",
            "startDate": "20250308",
            "endDate": "20250401",
            "itemSku": "   7502294224238",
            "category": "",
            "providerType": "0",
            "requiredQuantity": "002.000",
            "discount": "00050.000",
            "discountType": "P",
            "optative": "1",
            "description": "BOLSA TERMICA HIELERA BONAMARK 20 PZ 2x1",
            "itemSubcategory": "    ",
            "itemSegment": "    ",
            "itemSubsegment": "    ",
            "durationCode": "1000023591111111",
            "grouper": "001.000",
            "percent": "000.00",
            "optativeOne": " ",
            "sent": " ",
            "action": "A",
            "binCode": "",
            "messagePsg": ""
        },
        {
            "lineNumber": "3",
            "folio": "  19711974",
            "itemCategory": " 1",
            "type": "00",
            "startDate": "20250308",
            "endDate": "20250430",
            "itemSku": "   7501064107153",
            "category": "",
            "providerType": "0",
            "requiredQuantity": "006.000",
            "discount": "00095.000",
            "discountType": "F",
            "optative": "1",
            "description": "Cerveza Corona Light Lata 355ml 6x$95   ",
            "itemSubcategory": "    ",
            "itemSegment": "    ",
            "itemSubsegment": "    ",
            "durationCode": "1000023591111111",
            "grouper": "001.000",
            "percent": "000.00",
            "optativeOne": " ",
            "sent": " ",
            "action": "A",
            "binCode": "",
            "messagePsg": ""
        },
        {
            "lineNumber": "4",
            "folio": "  19711975",
            "itemCategory": " 1",
            "type": "03",
            "startDate": "20250308",
            "endDate": "20250430",
            "itemSku": "   7501064120268",
            "category": "",
            "providerType": "0",
            "requiredQuantity": "001.000",
            "discount": "00230.000",
            "discountType": " ",
            "optative": " ",
            "description": "Modelo Especial 12P 355ml  $230         ",
            "itemSubcategory": "",
            "itemSegment": "",
            "itemSubsegment": "",
            "durationCode": "1000023591111111",
            "grouper": "000.000",
            "percent": "000.00",
            "optativeOne": " ",
            "sent": " ",
            "action": "A",
            "binCode": "",
            "messagePsg": ""
        },
        {
            "lineNumber": "5",
            "folio": "  19711976",
            "itemCategory": " 1",
            "type": "03",
            "startDate": "20250308",
            "endDate": "20250430",
            "itemSku": "   7501064194214",
            "category": "",
            "providerType": "0",
            "requiredQuantity": "001.000",
            "discount": "00190.000",
            "discountType": " ",
            "optative": " ",
            "description": " Corona Light 12 Pack 355ml $190        ",
            "itemSubcategory": "",
            "itemSegment": "",
            "itemSubsegment": "",
            "durationCode": "1000023591111111",
            "grouper": "000.000",
            "percent": "000.00",
            "optativeOne": " ",
            "sent": " ",
            "action": "A",
            "binCode": "",
            "messagePsg": ""
        },
        {
            "lineNumber": "6",
            "folio": "  19711978",
            "itemCategory": " 1",
            "type": "00",
            "startDate": "20250308",
            "endDate": "20250430",
            "itemSku": "   7501064112546",
            "category": "",
            "providerType": "0",
            "requiredQuantity": "006.000",
            "discount": "00115.000",
            "discountType": "F",
            "optative": "1",
            "description": "Modelo Especial Lata 355ml 6x$115       ",
            "itemSubcategory": "    ",
            "itemSegment": "    ",
            "itemSubsegment": "    ",
            "durationCode": "1000023591111111",
            "grouper": "001.000",
            "percent": "000.00",
            "optativeOne": " ",
            "sent": " ",
            "action": "A",
            "binCode": "",
            "messagePsg": ""
        },
        {
            "lineNumber": "7",
            "folio": "  19711979",
            "itemCategory": " 1",
            "type": "00",
            "startDate": "20250308",
            "endDate": "20250430",
            "itemSku": "   7501064196935",
            "category": "",
            "providerType": "0",
            "requiredQuantity": "006.000",
            "discount": "00125.000",
            "discountType": "F",
            "optative": "1",
            "description": "Cerveza Negra Modelo Lata 355ml 6x$125  ",
            "itemSubcategory": "    ",
            "itemSegment": "    ",
            "itemSubsegment": "    ",
            "durationCode": "1000023591111111",
            "grouper": "001.000",
            "percent": "000.00",
            "optativeOne": " ",
            "sent": " ",
            "action": "A",
            "binCode": "",
            "messagePsg": ""
        },
        {
            "lineNumber": "8",
            "folio": "  19711980",
            "itemCategory": " 1",
            "type": "00",
            "startDate": "20250308",
            "endDate": "20250430",
            "itemSku": "   7501064199615",
            "category": "",
            "providerType": "0",
            "requiredQuantity": "006.000",
            "discount": "00120.000",
            "discountType": "F",
            "optative": "1",
            "description": "Cerveza Pacifico Clara lata 355ml 6x$120",
            "itemSubcategory": "    ",
            "itemSegment": "    ",
            "itemSubsegment": "    ",
            "durationCode": "1000023591111111",
            "grouper": "001.000",
            "percent": "000.00",
            "optativeOne": " ",
            "sent": " ",
            "action": "A",
            "binCode": "",
            "messagePsg": ""
        },
        {
            "lineNumber": "9",
            "folio": "  19711981",
            "itemCategory": " 1",
            "type": "00",
            "startDate": "20250308",
            "endDate": "20250401",
            "itemSku": "   7501055367412",
            "category": "",
            "providerType": "0",
            "requiredQuantity": "002.000",
            "discount": "00040.000",
            "discountType": "F",
            "optative": "1",
            "description": "PB SABORES                              ",
            "itemSubcategory": "    ",
            "itemSegment": "    ",
            "itemSubsegment": "    ",
            "durationCode": "1000023591111111",
            "grouper": "001.000",
            "percent": "000.00",
            "optativeOne": " ",
            "sent": " ",
            "action": "A",
            "binCode": "",
            "messagePsg": ""
        },
        {
            "lineNumber": "10",
            "folio": "  19711981",
            "itemCategory": " 1",
            "type": "00",
            "startDate": "20250308",
            "endDate": "20250401",
            "itemSku": "   7501055376681",
            "category": "",
            "providerType": "0",
            "requiredQuantity": "002.000",
            "discount": "00040.000",
            "discountType": "F",
            "optative": "1",
            "description": "PB SABORES                              ",
            "itemSubcategory": "    ",
            "itemSegment": "    ",
            "itemSubsegment": "    ",
            "durationCode": "1000023591111111",
            "grouper": "001.000",
            "percent": "000.00",
            "optativeOne": " ",
            "sent": " ",
            "action": "A",
            "binCode": "",
            "messagePsg": ""
        },
        {
            "lineNumber": "11",
            "folio": "  19711981",
            "itemCategory": " 1",
            "type": "00",
            "startDate": "20250308",
            "endDate": "20250401",
            "itemSku": "   7501055379491",
            "category": "",
            "providerType": "0",
            "requiredQuantity": "002.000",
            "discount": "00040.000",
            "discountType": "F",
            "optative": "1",
            "description": "PB SABORES                              ",
            "itemSubcategory": "    ",
            "itemSegment": "    ",
            "itemSubsegment": "    ",
            "durationCode": "1000023591111111",
            "grouper": "001.000",
            "percent": "000.00",
            "optativeOne": " ",
            "sent": " ",
            "action": "A",
            "binCode": "",
            "messagePsg": ""
        },
        {
            "lineNumber": "12",
            "folio": "  19711981",
            "itemCategory": " 1",
            "type": "00",
            "startDate": "20250308",
            "endDate": "20250401",
            "itemSku": "   7501055379941",
            "category": "",
            "providerType": "0",
            "requiredQuantity": "002.000",
            "discount": "00040.000",
            "discountType": "F",
            "optative": "1",
            "description": "PB SABORES                              ",
            "itemSubcategory": "    ",
            "itemSegment": "    ",
            "itemSubsegment": "    ",
            "durationCode": "1000023591111111",
            "grouper": "001.000",
            "percent": "000.00",
            "optativeOne": " ",
            "sent": " ",
            "action": "A",
            "binCode": "",
            "messagePsg": ""
        },
        {
            "lineNumber": "13",
            "folio": "  19711981",
            "itemCategory": " 1",
            "type": "00",
            "startDate": "20250308",
            "endDate": "20250401",
            "itemSku": "   7501055364077",
            "category": "",
            "providerType": "0",
            "requiredQuantity": "002.000",
            "discount": "00040.000",
            "discountType": "F",
            "optative": "1",
            "description": "PB SABORES                              ",
            "itemSubcategory": "    ",
            "itemSegment": "    ",
            "itemSubsegment": "    ",
            "durationCode": "1000023591111111",
            "grouper": "001.000",
            "percent": "000.00",
            "optativeOne": " ",
            "sent": " ",
            "action": "A",
            "binCode": "",
            "messagePsg": ""
        },
        {
            "lineNumber": "14",
            "folio": "  19711983",
            "itemCategory": " 1",
            "type": "03",
            "startDate": "20250308",
            "endDate": "20250401",
            "itemSku": "   7501055307043",
            "category": "",
            "providerType": "0",
            "requiredQuantity": "001.000",
            "discount": "00065.000",
            "discountType": " ",
            "optative": " ",
            "description": "Coca-Cola 4p 600 ml:regular $65         ",
            "itemSubcategory": "",
            "itemSegment": "",
            "itemSubsegment": "",
            "durationCode": "1000023591111111",
            "grouper": "000.000",
            "percent": "000.00",
            "optativeOne": " ",
            "sent": " ",
            "action": "A",
            "binCode": "",
            "messagePsg": ""
        }
    ]
}