{
    "organizationCountry": "MX",
    "organizationName": "FEMSA Comercio",
    "businessName": "OXXO",
    "departmentId": "12NEO",
    "storeId": "52DUG",
    "numberOfRecords": "14",
    "searchId": "000000000000000000000000",
    "searchDate": "2025-04-01 20:45:25",
    "promotions": [
        {
            "lineNumber": "1",
            "folio": "  19713373",
            "itemCategory": " 1",
            "type": "03",
            "startDate": "20250402",
            "endDate": "20250429",
            "itemSku": "   7622210572387",
            "category": "",
            "providerType": "0",
            "requiredQuantity": "001.000",
            "discount": "00005.000",
            "discountType": " ",
            "optative": " ",
            "description": "PSP SIMPLES NACIONAL B04                ",
            "itemSubcategory": "",
            "itemSegment": "",
            "itemSubsegment": "",
            "durationCode": "1000023591111111",
            "grouper": "000.000",
            "percent": "000.00",
            "optativeOne": " ",
            "sent": " ",
            "action": "A",
            "binCode": "",
            "messagePsg": ""
        },
        {
            "lineNumber": "2",
            "folio": "  19713373",
            "itemCategory": " 1",
            "type": "03",
            "startDate": "20250402",
            "endDate": "20250429",
            "itemSku": "   7622210577030",
            "category": "",
            "providerType": "0",
            "requiredQuantity": "001.000",
            "discount": "00005.000",
            "discountType": " ",
            "optative": " ",
            "description": "PSP SIMPLES NACIONAL B04                ",
            "itemSubcategory": "",
            "itemSegment": "",
            "itemSubsegment": "",
            "durationCode": "1000023591111111",
            "grouper": "000.000",
            "percent": "000.00",
            "optativeOne": " ",
            "sent": " ",
            "action": "A",
            "binCode": "",
            "messagePsg": ""
        },
        {
            "lineNumber": "3",
            "folio": "  19713373",
            "itemCategory": " 1",
            "type": "03",
            "startDate": "20250402",
            "endDate": "20250429",
            "itemSku": "   7622210576965",
            "category": "",
            "providerType": "0",
            "requiredQuantity": "001.000",
            "discount": "00005.000",
            "discountType": " ",
            "optative": " ",
            "description": "PSP SIMPLES NACIONAL B04                ",
            "itemSubcategory": "",
            "itemSegment": "",
            "itemSubsegment": "",
            "durationCode": "1000023591111111",
            "grouper": "000.000",
            "percent": "000.00",
            "optativeOne": " ",
            "sent": " ",
            "action": "A",
            "binCode": "",
            "messagePsg": ""
        },
        {
            "lineNumber": "4",
            "folio": "  19713373",
            "itemCategory": " 1",
            "type": "03",
            "startDate": "20250402",
            "endDate": "20250429",
            "itemSku": "   7622210573087",
            "category": "",
            "providerType": "0",
            "requiredQuantity": "001.000",
            "discount": "00005.000",
            "discountType": " ",
            "optative": " ",
            "description": "PSP SIMPLES NACIONAL B04                ",
            "itemSubcategory": "",
            "itemSegment": "",
            "itemSubsegment": "",
            "durationCode": "1000023591111111",
            "grouper": "000.000",
            "percent": "000.00",
            "optativeOne": " ",
            "sent": " ",
            "action": "A",
            "binCode": "",
            "messagePsg": ""
        },
        {
            "lineNumber": "5",
            "folio": "  19713373",
            "itemCategory": " 1",
            "type": "03",
            "startDate": "20250402",
            "endDate": "20250429",
            "itemSku": "   7622210572639",
            "category": "",
            "providerType": "0",
            "requiredQuantity": "001.000",
            "discount": "00005.000",
            "discountType": " ",
            "optative": " ",
            "description": "PSP SIMPLES NACIONAL B04                ",
            "itemSubcategory": "",
            "itemSegment": "",
            "itemSubsegment": "",
            "durationCode": "1000023591111111",
            "grouper": "000.000",
            "percent": "000.00",
            "optativeOne": " ",
            "sent": " ",
            "action": "A",
            "binCode": "",
            "messagePsg": ""
        },
        {
            "lineNumber": "6",
            "folio": "  19713373",
            "itemCategory": " 1",
            "type": "03",
            "startDate": "20250402",
            "endDate": "20250429",
            "itemSku": "   7622210572554",
            "category": "",
            "providerType": "0",
            "requiredQuantity": "001.000",
            "discount": "00005.000",
            "discountType": " ",
            "optative": " ",
            "description": "PSP SIMPLES NACIONAL B04                ",
            "itemSubcategory": "",
            "itemSegment": "",
            "itemSubsegment": "",
            "durationCode": "1000023591111111",
            "grouper": "000.000",
            "percent": "000.00",
            "optativeOne": " ",
            "sent": " ",
            "action": "A",
            "binCode": "",
            "messagePsg": ""
        },
        {
            "lineNumber": "7",
            "folio": "  19713373",
            "itemCategory": " 1",
            "type": "03",
            "startDate": "20250402",
            "endDate": "20250429",
            "itemSku": "   7501001604103",
            "category": "",
            "providerType": "0",
            "requiredQuantity": "001.000",
            "discount": "00039.000",
            "discountType": " ",
            "optative": " ",
            "description": "PSP SIMPLES NACIONAL B04                ",
            "itemSubcategory": "",
            "itemSegment": "",
            "itemSubsegment": "",
            "durationCode": "1000023591111111",
            "grouper": "000.000",
            "percent": "000.00",
            "optativeOne": " ",
            "sent": " ",
            "action": "A",
            "binCode": "",
            "messagePsg": ""
        },
        {
            "lineNumber": "8",
            "folio": "  19713373",
            "itemCategory": " 1",
            "type": "03",
            "startDate": "20250402",
            "endDate": "20250429",
            "itemSku": "   7506205807640",
            "category": "",
            "providerType": "0",
            "requiredQuantity": "001.000",
            "discount": "00047.000",
            "discountType": " ",
            "optative": " ",
            "description": "PSP SIMPLES NACIONAL B04                ",
            "itemSubcategory": "",
            "itemSegment": "",
            "itemSubsegment": "",
            "durationCode": "1000023591111111",
            "grouper": "000.000",
            "percent": "000.00",
            "optativeOne": " ",
            "sent": " ",
            "action": "A",
            "binCode": "",
            "messagePsg": ""
        },
        {
            "lineNumber": "9",
            "folio": "  19713373",
            "itemCategory": " 1",
            "type": "03",
            "startDate": "20250402",
            "endDate": "20250429",
            "itemSku": "   7506205807596",
            "category": "",
            "providerType": "0",
            "requiredQuantity": "001.000",
            "discount": "00045.000",
            "discountType": " ",
            "optative": " ",
            "description": "PSP SIMPLES NACIONAL B04                ",
            "itemSubcategory": "",
            "itemSegment": "",
            "itemSubsegment": "",
            "durationCode": "1000023591111111",
            "grouper": "000.000",
            "percent": "000.00",
            "optativeOne": " ",
            "sent": " ",
            "action": "A",
            "binCode": "",
            "messagePsg": ""
        },
        {
            "lineNumber": "10",
            "folio": "  19713373",
            "itemCategory": " 1",
            "type": "03",
            "startDate": "20250402",
            "endDate": "20250429",
            "itemSku": "   7501199413334",
            "category": "",
            "providerType": "0",
            "requiredQuantity": "001.000",
            "discount": "00083.000",
            "discountType": " ",
            "optative": " ",
            "description": "PSP SIMPLES NACIONAL B04                ",
            "itemSubcategory": "",
            "itemSegment": "",
            "itemSubsegment": "",
            "durationCode": "1000023591111111",
            "grouper": "000.000",
            "percent": "000.00",
            "optativeOne": " ",
            "sent": " ",
            "action": "A",
            "binCode": "",
            "messagePsg": ""
        },
        {
            "lineNumber": "11",
            "folio": "  19713373",
            "itemCategory": " 1",
            "type": "03",
            "startDate": "20250402",
            "endDate": "20250429",
            "itemSku": "   7501199413327",
            "category": "",
            "providerType": "0",
            "requiredQuantity": "001.000",
            "discount": "00083.000",
            "discountType": " ",
            "optative": " ",
            "description": "PSP SIMPLES NACIONAL B04                ",
            "itemSubcategory": "",
            "itemSegment": "",
            "itemSubsegment": "",
            "durationCode": "1000023591111111",
            "grouper": "000.000",
            "percent": "000.00",
            "optativeOne": " ",
            "sent": " ",
            "action": "A",
            "binCode": "",
            "messagePsg": ""
        },
        {
            "lineNumber": "12",
            "folio": "  19713373",
            "itemCategory": " 1",
            "type": "03",
            "startDate": "20250402",
            "endDate": "20250429",
            "itemSku": "   7501199413280",
            "category": "",
            "providerType": "0",
            "requiredQuantity": "001.000",
            "discount": "00038.000",
            "discountType": " ",
            "optative": " ",
            "description": "PSP SIMPLES NACIONAL B04                ",
            "itemSubcategory": "",
            "itemSegment": "",
            "itemSubsegment": "",
            "durationCode": "1000023591111111",
            "grouper": "000.000",
            "percent": "000.00",
            "optativeOne": " ",
            "sent": " ",
            "action": "A",
            "binCode": "",
            "messagePsg": ""
        },
        {
            "lineNumber": "13",
            "folio": "  19713373",
            "itemCategory": " 1",
            "type": "03",
            "startDate": "20250402",
            "endDate": "20250429",
            "itemSku": "   7501001604318",
            "category": "",
            "providerType": "0",
            "requiredQuantity": "001.000",
            "discount": "00039.000",
            "discountType": " ",
            "optative": " ",
            "description": "PSP SIMPLES NACIONAL B04                ",
            "itemSubcategory": "",
            "itemSegment": "",
            "itemSubsegment": "",
            "durationCode": "1000023591111111",
            "grouper": "000.000",
            "percent": "000.00",
            "optativeOne": " ",
            "sent": " ",
            "action": "A",
            "binCode": "",
            "messagePsg": ""
        },
        {
            "lineNumber": "14",
            "folio": "  19713374",
            "itemCategory": " 1",
            "type": "03",
            "startDate": "20250402",
            "endDate": "20250429",
            "itemSku": "   8719200450615",
            "category": "",
            "providerType": "0",
            "requiredQuantity": "001.000",
            "discount": "00014.000",
            "discountType": " ",
            "optative": " ",
            "description": "SIMPLES NACIONAL                        ",
            "itemSubcategory": "",
            "itemSegment": "",
            "itemSubsegment": "",
            "durationCode": "1000023591111111",
            "grouper": "000.000",
            "percent": "000.00",
            "optativeOne": " ",
            "sent": " ",
            "action": "A",
            "binCode": "",
            "messagePsg": ""
        }
    ]
}