{
    "organizationCountry": "MX",
    "organizationName": "FEMSA Comercio",
    "businessName": "OXXO",
    "departmentId": "12NEO",
    "storeId": "52DUG",
    "numberOfRecords": "2",
    "searchId": "000000000000000000000000",
    "searchDate": "2025-04-07 20:45:36",
    "promotions": [
        {
            "lineNumber": "1",
            "folio": "  19713573",
            "itemCategory": " 1",
            "type": "03",
            "startDate": "20250408",
            "endDate": "20250429",
            "itemSku": "   7503024460452",
            "category": "",
            "providerType": "0",
            "requiredQuantity": "001.000",
            "discount": "00072.000",
            "discountType": " ",
            "optative": " ",
            "description": "PB BARRILITO                            ",
            "itemSubcategory": "",
            "itemSegment": "",
            "itemSubsegment": "",
            "durationCode": "1000023591111111",
            "grouper": "000.000",
            "percent": "000.00",
            "optativeOne": " ",
            "sent": " ",
            "action": "A",
            "binCode": "",
            "messagePsg": ""
        },
        {
            "lineNumber": "2",
            "folio": "  19713574",
            "itemCategory": " 1",
            "type": "00",
            "startDate": "20250408",
            "endDate": "20250429",
            "itemSku": "   7503024460452",
            "category": "",
            "providerType": "0",
            "requiredQuantity": "002.000",
            "discount": "00138.000",
            "discountType": "F",
            "optative": "1",
            "description": "PB BARRILITO                            ",
            "itemSubcategory": "    ",
            "itemSegment": "    ",
            "itemSubsegment": "    ",
            "durationCode": "1000023591111111",
            "grouper": "001.000",
            "percent": "000.00",
            "optativeOne": " ",
            "sent": " ",
            "action": "A",
            "binCode": "",
            "messagePsg": ""
        }
    ]
}