{
    "organizationCountry": "MX",
    "organizationName": "FEMSA Comercio",
    "businessName": "OXXO",
    "departmentId": "12NEO",
    "storeId": "52DUG",
    "numberOfRecords": "5",
    "searchId": "000000000000000000000000",
    "searchDate": "2025-04-23 20:43:21",
    "promotions": [
        {
            "lineNumber": "1",
            "folio": "  19714289",
            "itemCategory": " 1",
            "type": "00",
            "startDate": "20250424",
            "endDate": "20250527",
            "itemSku": "   7502271154145",
            "category": "",
            "providerType": "0",
            "requiredQuantity": "002.000",
            "discount": "00025.000",
            "discountType": "F",
            "optative": "1",
            "description": "PB LIQUIDACION TIKITIN                  ",
            "itemSubcategory": "    ",
            "itemSegment": "    ",
            "itemSubsegment": "    ",
            "durationCode": "1000023591111111",
            "grouper": "001.000",
            "percent": "000.00",
            "optativeOne": " ",
            "sent": " ",
            "action": "A",
            "binCode": "",
            "messagePsg": ""
        },
        {
            "lineNumber": "2",
            "folio": "  19714289",
            "itemCategory": " 1",
            "type": "00",
            "startDate": "20250424",
            "endDate": "20250527",
            "itemSku": "   7502271154121",
            "category": "",
            "providerType": "0",
            "requiredQuantity": "002.000",
            "discount": "00025.000",
            "discountType": "F",
            "optative": "1",
            "description": "PB LIQUIDACION TIKITIN                  ",
            "itemSubcategory": "    ",
            "itemSegment": "    ",
            "itemSubsegment": "    ",
            "durationCode": "1000023591111111",
            "grouper": "001.000",
            "percent": "000.00",
            "optativeOne": " ",
            "sent": " ",
            "action": "A",
            "binCode": "",
            "messagePsg": ""
        },
        {
            "lineNumber": "3",
            "folio": "  19714289",
            "itemCategory": " 1",
            "type": "00",
            "startDate": "20250424",
            "endDate": "20250527",
            "itemSku": "   7502271154114",
            "category": "",
            "providerType": "0",
            "requiredQuantity": "002.000",
            "discount": "00025.000",
            "discountType": "F",
            "optative": "1",
            "description": "PB LIQUIDACION TIKITIN                  ",
            "itemSubcategory": "    ",
            "itemSegment": "    ",
            "itemSubsegment": "    ",
            "durationCode": "1000023591111111",
            "grouper": "001.000",
            "percent": "000.00",
            "optativeOne": " ",
            "sent": " ",
            "action": "A",
            "binCode": "",
            "messagePsg": ""
        },
        {
            "lineNumber": "4",
            "folio": "  19714290",
            "itemCategory": " 1",
            "type": "00",
            "startDate": "20250424",
            "endDate": "20250527",
            "itemSku": "   7501954902318",
            "category": "",
            "providerType": "0",
            "requiredQuantity": "002.000",
            "discount": "00080.000",
            "discountType": "F",
            "optative": "1",
            "description": "CAMBIO DE PRECIO LIQUIDACION TIKITIN    ",
            "itemSubcategory": "    ",
            "itemSegment": "    ",
            "itemSubsegment": "    ",
            "durationCode": "1000023591111111",
            "grouper": "001.000",
            "percent": "000.00",
            "optativeOne": " ",
            "sent": " ",
            "action": "A",
            "binCode": "",
            "messagePsg": ""
        },
        {
            "lineNumber": "5",
            "folio": "  19714290",
            "itemCategory": " 1",
            "type": "00",
            "startDate": "20250424",
            "endDate": "20250527",
            "itemSku": "   7501954904664",
            "category": "",
            "providerType": "0",
            "requiredQuantity": "002.000",
            "discount": "00080.000",
            "discountType": "F",
            "optative": "1",
            "description": "CAMBIO DE PRECIO LIQUIDACION TIKITIN    ",
            "itemSubcategory": "    ",
            "itemSegment": "    ",
            "itemSubsegment": "    ",
            "durationCode": "1000023591111111",
            "grouper": "001.000",
            "percent": "000.00",
            "optativeOne": " ",
            "sent": " ",
            "action": "A",
            "binCode": "",
            "messagePsg": ""
        }
    ]
}