{
    "organizationCountry": "MX",
    "organizationName": "FEMSA Comercio",
    "businessName": "OXXO",
    "departmentId": "12NEO",
    "storeId": "52RSW",
    "numberOfRecords": "2",
    "searchId": "000000000000000000000000",
    "searchDate": "2025-02-20 20:44:58",
    "promotions": [
        {
            "lineNumber": "1",
            "folio": "  19710976",
            "itemCategory": " 1",
            "type": "03",
            "startDate": "20250220",
            "endDate": "20250304",
            "itemSku": "   7501055356256",
            "category": "",
            "providerType": "0",
            "requiredQuantity": "001.000",
            "discount": "00005.000",
            "discountType": " ",
            "optative": " ",
            "description": "Coca Cola SA Chubby 355ml Pet $5        ",
            "itemSubcategory": "",
            "itemSegment": "",
            "itemSubsegment": "",
            "durationCode": "1000023591111111",
            "grouper": "000.000",
            "percent": "000.00",
            "optativeOne": " ",
            "sent": " ",
            "action": "A",
            "binCode": "",
            "messagePsg": ""
        },
        {
            "lineNumber": "2",
            "folio": "  19711074",
            "itemCategory": " 1",
            "type": "00",
            "startDate": "20250221",
            "endDate": "20250304",
            "itemSku": "   7501055304745",
            "category": "",
            "providerType": "0",
            "requiredQuantity": "002.000",
            "discount": "00089.000",
            "discountType": "F",
            "optative": "1",
            "description": "CocaCola 3 lt botella No Ret 2x$89      ",
            "itemSubcategory": "    ",
            "itemSegment": "    ",
            "itemSubsegment": "    ",
            "durationCode": "1000023591111111",
            "grouper": "001.000",
            "percent": "000.00",
            "optativeOne": " ",
            "sent": " ",
            "action": "A",
            "binCode": "",
            "messagePsg": ""
        }
    ]
}