{
    "organizationCountry": "MX",
    "organizationName": "FEMSA Comercio",
    "businessName": "OXXO",
    "departmentId": "12NEO",
    "storeId": "52RSW",
    "numberOfRecords": "1",
    "searchId": "000000000000000000000000",
    "searchDate": "2025-07-15 11:51:50",
    "promotions": [
        {
            "lineNumber": "1",
            "folio": "  50848469",
            "itemCategory": " 1",
            "type": "02",
            "startDate": "20250716",
            "endDate": "20250820",
            "itemSku": "   7501943471900",
            "category": "",
            "providerType": "0",
            "requiredQuantity": "002.000",
            "discount": "00040.000",
            "discountType": "F",
            "optative": "1",
            "description": "236338_1 2 x Toallitas Kle              ",
            "itemSubcategory": "",
            "itemSegment": "",
            "itemSubsegment": "",
            "durationCode": "1000023590001111",
            "grouper": "001.000",
            "percent": "000.00",
            "optativeOne": " ",
            "sent": " ",
            "action": "A",
            "binCode": "",
            "messagePsg": ""
        }
    ]
}