{
    "organizationCountry": "MX",
    "organizationName": "FEMSA Comercio",
    "businessName": "OXXO",
    "departmentId": "12NEO",
    "storeId": "52RSW",
    "numberOfRecords": "1",
    "searchId": "000000000000000000000000",
    "searchDate": "2025-07-09 15:23:37",
    "promotions": [
        {
            "lineNumber": "1",
            "folio": "  50853482",
            "itemCategory": " 1",
            "type": "02",
            "startDate": "20250709",
            "endDate": "20250722",
            "itemSku": "   7501049999360",
            "category": "",
            "providerType": "0",
            "requiredQuantity": "002.000",
            "discount": "00048.000",
            "discountType": "F",
            "optative": "1",
            "description": "PB HEINEKEN                             ",
            "itemSubcategory": "",
            "itemSegment": "",
            "itemSubsegment": "",
            "durationCode": "1000023591111111",
            "grouper": "001.000",
            "percent": "000.00",
            "optativeOne": " ",
            "sent": " ",
            "action": "A",
            "binCode": "",
            "messagePsg": ""
        }
    ]
}