{
    "organizationCountry": "MX",
    "organizationName": "FEMSA Comercio",
    "businessName": "OXXO",
    "departmentId": "12NEO",
    "storeId": "52RSW",
    "numberOfRecords": "19",
    "searchId": "000000000000000000000000",
    "searchDate": "2025-05-14 16:45:38",
    "promotions": [
        {
            "lineNumber": "1",
            "folio": "  50669174",
            "itemCategory": " 1",
            "type": "02",
            "startDate": "20250515",
            "endDate": "20250527",
            "itemSku": "   7501055310883",
            "category": "",
            "providerType": "0",
            "requiredQuantity": "003.000",
            "discount": "00025.000",
            "discountType": "F",
            "optative": "1",
            "description": "PB AGUA CIEL 1L                         ",
            "itemSubcategory": "",
            "itemSegment": "",
            "itemSubsegment": "",
            "durationCode": "1000023591111111",
            "grouper": "001.000",
            "percent": "000.00",
            "optativeOne": " ",
            "sent": " ",
            "action": "A",
            "binCode": "",
            "messagePsg": ""
        },
        {
            "lineNumber": "2",
            "folio": "  50669175",
            "itemCategory": " 1",
            "type": "02",
            "startDate": "20250515",
            "endDate": "20250527",
            "itemSku": "   7501055332175",
            "category": "",
            "providerType": "0",
            "requiredQuantity": "003.000",
            "discount": "00030.000",
            "discountType": "F",
            "optative": "1",
            "description": "PB CHUBBY                               ",
            "itemSubcategory": "",
            "itemSegment": "",
            "itemSubsegment": "",
            "durationCode": "1000023591111111",
            "grouper": "001.000",
            "percent": "000.00",
            "optativeOne": " ",
            "sent": " ",
            "action": "A",
            "binCode": "",
            "messagePsg": ""
        },
        {
            "lineNumber": "3",
            "folio": "  50669425",
            "itemCategory": " 1",
            "type": "00",
            "startDate": "20250514",
            "endDate": "20250527",
            "itemSku": "           23461",
            "category": "",
            "providerType": "0",
            "requiredQuantity": "001.000",
            "discount": "00100.000",
            "discountType": "P",
            "optative": "1",
            "description": "PB MEGAS                                ",
            "itemSubcategory": "",
            "itemSegment": "",
            "itemSubsegment": "",
            "durationCode": "1000023591111111",
            "grouper": "002.000",
            "percent": "000.00",
            "optativeOne": " ",
            "sent": " ",
            "action": "A",
            "binCode": "",
            "messagePsg": ""
        },
        {
            "lineNumber": "4",
            "folio": "  50669425",
            "itemCategory": " 1",
            "type": "00",
            "startDate": "20250514",
            "endDate": "20250527",
            "itemSku": "   7501064191909",
            "category": "",
            "providerType": "0",
            "requiredQuantity": "002.000",
            "discount": "00098.000",
            "discountType": "F",
            "optative": "2",
            "description": "PB MEGAS                                ",
            "itemSubcategory": "",
            "itemSegment": "",
            "itemSubsegment": "",
            "durationCode": "1000023591111111",
            "grouper": "002.000",
            "percent": "000.00",
            "optativeOne": " ",
            "sent": " ",
            "action": "A",
            "binCode": "",
            "messagePsg": ""
        },
        {
            "lineNumber": "5",
            "folio": "  50669425",
            "itemCategory": " 1",
            "type": "00",
            "startDate": "20250514",
            "endDate": "20250527",
            "itemSku": "   7501064101205",
            "category": "",
            "providerType": "0",
            "requiredQuantity": "002.000",
            "discount": "00098.000",
            "discountType": "F",
            "optative": "2",
            "description": "PB MEGAS                                ",
            "itemSubcategory": "",
            "itemSegment": "",
            "itemSubsegment": "",
            "durationCode": "1000023591111111",
            "grouper": "002.000",
            "percent": "000.00",
            "optativeOne": " ",
            "sent": " ",
            "action": "A",
            "binCode": "",
            "messagePsg": ""
        },
        {
            "lineNumber": "6",
            "folio": "  50669448",
            "itemCategory": " 1",
            "type": "03",
            "startDate": "20250515",
            "endDate": "20250527",
            "itemSku": "   7501071301094",
            "category": "",
            "providerType": "0",
            "requiredQuantity": "001.000",
            "discount": "00038.500",
            "discountType": "F",
            "optative": " ",
            "description": "PB 05 CAMBIOS DE PRECIO                 ",
            "itemSubcategory": "",
            "itemSegment": "",
            "itemSubsegment": "",
            "durationCode": "1000023591111111",
            "grouper": "000.000",
            "percent": "000.00",
            "optativeOne": " ",
            "sent": " ",
            "action": "A",
            "binCode": "",
            "messagePsg": ""
        },
        {
            "lineNumber": "7",
            "folio": "  50669475",
            "itemCategory": " 1",
            "type": "03",
            "startDate": "20250515",
            "endDate": "20250604",
            "itemSku": "    041789002960",
            "category": "",
            "providerType": "0",
            "requiredQuantity": "001.000",
            "discount": "00007.000",
            "discountType": "F",
            "optative": " ",
            "description": "PSP SIMPLES NACIONAL                    ",
            "itemSubcategory": "",
            "itemSegment": "",
            "itemSubsegment": "",
            "durationCode": "1000023591111111",
            "grouper": "000.000",
            "percent": "000.00",
            "optativeOne": " ",
            "sent": " ",
            "action": "A",
            "binCode": "",
            "messagePsg": ""
        },
        {
            "lineNumber": "8",
            "folio": "  50669475",
            "itemCategory": " 1",
            "type": "03",
            "startDate": "20250515",
            "endDate": "20250604",
            "itemSku": "    041789002915",
            "category": "",
            "providerType": "0",
            "requiredQuantity": "001.000",
            "discount": "00007.000",
            "discountType": "F",
            "optative": " ",
            "description": "PSP SIMPLES NACIONAL                    ",
            "itemSubcategory": "",
            "itemSegment": "",
            "itemSubsegment": "",
            "durationCode": "1000023591111111",
            "grouper": "000.000",
            "percent": "000.00",
            "optativeOne": " ",
            "sent": " ",
            "action": "A",
            "binCode": "",
            "messagePsg": ""
        },
        {
            "lineNumber": "9",
            "folio": "  50669475",
            "itemCategory": " 1",
            "type": "03",
            "startDate": "20250515",
            "endDate": "20250604",
            "itemSku": "    041789008016",
            "category": "",
            "providerType": "0",
            "requiredQuantity": "001.000",
            "discount": "00007.000",
            "discountType": "F",
            "optative": " ",
            "description": "PSP SIMPLES NACIONAL                    ",
            "itemSubcategory": "",
            "itemSegment": "",
            "itemSubsegment": "",
            "durationCode": "1000023591111111",
            "grouper": "000.000",
            "percent": "000.00",
            "optativeOne": " ",
            "sent": " ",
            "action": "A",
            "binCode": "",
            "messagePsg": ""
        },
        {
            "lineNumber": "10",
            "folio": "  50669475",
            "itemCategory": " 1",
            "type": "03",
            "startDate": "20250515",
            "endDate": "20250604",
            "itemSku": "    041789002977",
            "category": "",
            "providerType": "0",
            "requiredQuantity": "001.000",
            "discount": "00007.000",
            "discountType": "F",
            "optative": " ",
            "description": "PSP SIMPLES NACIONAL                    ",
            "itemSubcategory": "",
            "itemSegment": "",
            "itemSubsegment": "",
            "durationCode": "1000023591111111",
            "grouper": "000.000",
            "percent": "000.00",
            "optativeOne": " ",
            "sent": " ",
            "action": "A",
            "binCode": "",
            "messagePsg": ""
        },
        {
            "lineNumber": "11",
            "folio": "  50669475",
            "itemCategory": " 1",
            "type": "03",
            "startDate": "20250515",
            "endDate": "20250604",
            "itemSku": "    041789002984",
            "category": "",
            "providerType": "0",
            "requiredQuantity": "001.000",
            "discount": "00007.000",
            "discountType": "F",
            "optative": " ",
            "description": "PSP SIMPLES NACIONAL                    ",
            "itemSubcategory": "",
            "itemSegment": "",
            "itemSubsegment": "",
            "durationCode": "1000023591111111",
            "grouper": "000.000",
            "percent": "000.00",
            "optativeOne": " ",
            "sent": " ",
            "action": "A",
            "binCode": "",
            "messagePsg": ""
        },
        {
            "lineNumber": "12",
            "folio": "  50669475",
            "itemCategory": " 1",
            "type": "03",
            "startDate": "20250515",
            "endDate": "20250604",
            "itemSku": "    041789008030",
            "category": "",
            "providerType": "0",
            "requiredQuantity": "001.000",
            "discount": "00007.000",
            "discountType": "F",
            "optative": " ",
            "description": "PSP SIMPLES NACIONAL                    ",
            "itemSubcategory": "",
            "itemSegment": "",
            "itemSubsegment": "",
            "durationCode": "1000023591111111",
            "grouper": "000.000",
            "percent": "000.00",
            "optativeOne": " ",
            "sent": " ",
            "action": "A",
            "binCode": "",
            "messagePsg": ""
        },
        {
            "lineNumber": "13",
            "folio": "  50669481",
            "itemCategory": " 1",
            "type": "02",
            "startDate": "20250515",
            "endDate": "20250527",
            "itemSku": "   7501055913411",
            "category": "",
            "providerType": "0",
            "requiredQuantity": "002.000",
            "discount": "00068.000",
            "discountType": "F",
            "optative": "1",
            "description": "Leche Deslactosada Light  UHT  2x68     ",
            "itemSubcategory": "",
            "itemSegment": "",
            "itemSubsegment": "",
            "durationCode": "1000023591111111",
            "grouper": "001.000",
            "percent": "000.00",
            "optativeOne": " ",
            "sent": " ",
            "action": "A",
            "binCode": "",
            "messagePsg": ""
        },
        {
            "lineNumber": "14",
            "folio": "  50669501",
            "itemCategory": " 1",
            "type": "03",
            "startDate": "20250515",
            "endDate": "20250527",
            "itemSku": "   7501073831964",
            "category": "",
            "providerType": "0",
            "requiredQuantity": "001.000",
            "discount": "00025.000",
            "discountType": "F",
            "optative": " ",
            "description": "PSP SIMPLES NACIONALES                  ",
            "itemSubcategory": "",
            "itemSegment": "",
            "itemSubsegment": "",
            "durationCode": "1000023591111111",
            "grouper": "000.000",
            "percent": "000.00",
            "optativeOne": " ",
            "sent": " ",
            "action": "A",
            "binCode": "",
            "messagePsg": ""
        },
        {
            "lineNumber": "15",
            "folio": "  50669501",
            "itemCategory": " 1",
            "type": "03",
            "startDate": "20250515",
            "endDate": "20250527",
            "itemSku": "   7501073841949",
            "category": "",
            "providerType": "0",
            "requiredQuantity": "001.000",
            "discount": "00025.000",
            "discountType": "F",
            "optative": " ",
            "description": "PSP SIMPLES NACIONALES                  ",
            "itemSubcategory": "",
            "itemSegment": "",
            "itemSubsegment": "",
            "durationCode": "1000023591111111",
            "grouper": "000.000",
            "percent": "000.00",
            "optativeOne": " ",
            "sent": " ",
            "action": "A",
            "binCode": "",
            "messagePsg": ""
        },
        {
            "lineNumber": "16",
            "folio": "  50669501",
            "itemCategory": " 1",
            "type": "03",
            "startDate": "20250515",
            "endDate": "20250527",
            "itemSku": "   7501073840942",
            "category": "",
            "providerType": "0",
            "requiredQuantity": "001.000",
            "discount": "00025.000",
            "discountType": "F",
            "optative": " ",
            "description": "PSP SIMPLES NACIONALES                  ",
            "itemSubcategory": "",
            "itemSegment": "",
            "itemSubsegment": "",
            "durationCode": "1000023591111111",
            "grouper": "000.000",
            "percent": "000.00",
            "optativeOne": " ",
            "sent": " ",
            "action": "A",
            "binCode": "",
            "messagePsg": ""
        },
        {
            "lineNumber": "17",
            "folio": "  50669501",
            "itemCategory": " 1",
            "type": "03",
            "startDate": "20250515",
            "endDate": "20250527",
            "itemSku": "   7501073839861",
            "category": "",
            "providerType": "0",
            "requiredQuantity": "001.000",
            "discount": "00025.000",
            "discountType": "F",
            "optative": " ",
            "description": "PSP SIMPLES NACIONALES                  ",
            "itemSubcategory": "",
            "itemSegment": "",
            "itemSubsegment": "",
            "durationCode": "1000023591111111",
            "grouper": "000.000",
            "percent": "000.00",
            "optativeOne": " ",
            "sent": " ",
            "action": "A",
            "binCode": "",
            "messagePsg": ""
        },
        {
            "lineNumber": "18",
            "folio": "  50669501",
            "itemCategory": " 1",
            "type": "03",
            "startDate": "20250515",
            "endDate": "20250527",
            "itemSku": "   7501073800908",
            "category": "",
            "providerType": "0",
            "requiredQuantity": "001.000",
            "discount": "00025.000",
            "discountType": "F",
            "optative": " ",
            "description": "PSP SIMPLES NACIONALES                  ",
            "itemSubcategory": "",
            "itemSegment": "",
            "itemSubsegment": "",
            "durationCode": "1000023591111111",
            "grouper": "000.000",
            "percent": "000.00",
            "optativeOne": " ",
            "sent": " ",
            "action": "A",
            "binCode": "",
            "messagePsg": ""
        },
        {
            "lineNumber": "19",
            "folio": "  50669501",
            "itemCategory": " 1",
            "type": "03",
            "startDate": "20250515",
            "endDate": "20250527",
            "itemSku": "   7501073839892",
            "category": "",
            "providerType": "0",
            "requiredQuantity": "001.000",
            "discount": "00025.000",
            "discountType": "F",
            "optative": " ",
            "description": "PSP SIMPLES NACIONALES                  ",
            "itemSubcategory": "",
            "itemSegment": "",
            "itemSubsegment": "",
            "durationCode": "1000023591111111",
            "grouper": "000.000",
            "percent": "000.00",
            "optativeOne": " ",
            "sent": " ",
            "action": "A",
            "binCode": "",
            "messagePsg": ""
        }
    ]
}