{
    "organizationCountry": "MX",
    "organizationName": "FEMSA Comercio",
    "businessName": "OXXO",
    "departmentId": "12NEO",
    "storeId": "52RSW",
    "numberOfRecords": "28",
    "searchId": "000000000000000000000000",
    "searchDate": "2025-05-15 23:10:27",
    "promotions": [
        {
            "lineNumber": "1",
            "folio": "  50669425",
            "itemCategory": " 1",
            "type": "00",
            "startDate": "20250514",
            "endDate": "20250527",
            "itemSku": "   7501064101205",
            "category": "",
            "providerType": "0",
            "requiredQuantity": "002.000",
            "discount": "00098.000",
            "discountType": "F",
            "optative": "1",
            "description": "PB MEGAS                                ",
            "itemSubcategory": "",
            "itemSegment": "",
            "itemSubsegment": "",
            "durationCode": "1000023591111111",
            "grouper": "002.000",
            "percent": "000.00",
            "optativeOne": " ",
            "sent": " ",
            "action": "A",
            "binCode": "",
            "messagePsg": ""
        },
        {
            "lineNumber": "2",
            "folio": "  50669425",
            "itemCategory": " 1",
            "type": "00",
            "startDate": "20250514",
            "endDate": "20250527",
            "itemSku": "   7501064191909",
            "category": "",
            "providerType": "0",
            "requiredQuantity": "002.000",
            "discount": "00098.000",
            "discountType": "F",
            "optative": "1",
            "description": "PB MEGAS                                ",
            "itemSubcategory": "",
            "itemSegment": "",
            "itemSubsegment": "",
            "durationCode": "1000023591111111",
            "grouper": "002.000",
            "percent": "000.00",
            "optativeOne": " ",
            "sent": " ",
            "action": "A",
            "binCode": "",
            "messagePsg": ""
        },
        {
            "lineNumber": "3",
            "folio": "  50669425",
            "itemCategory": " 1",
            "type": "00",
            "startDate": "20250514",
            "endDate": "20250527",
            "itemSku": "           23461",
            "category": "",
            "providerType": "0",
            "requiredQuantity": "001.000",
            "discount": "00100.000",
            "discountType": "P",
            "optative": "2",
            "description": "PB MEGAS                                ",
            "itemSubcategory": "",
            "itemSegment": "",
            "itemSubsegment": "",
            "durationCode": "1000023591111111",
            "grouper": "002.000",
            "percent": "000.00",
            "optativeOne": " ",
            "sent": " ",
            "action": "A",
            "binCode": "",
            "messagePsg": ""
        },
        {
            "lineNumber": "4",
            "folio": "  50669692",
            "itemCategory": " 1",
            "type": "02",
            "startDate": "20250515",
            "endDate": "20250527",
            "itemSku": "   7622210577450",
            "category": "",
            "providerType": "0",
            "requiredQuantity": "003.000",
            "discount": "00015.000",
            "discountType": "F",
            "optative": "1",
            "description": "PB Tang 3x$15                           ",
            "itemSubcategory": "",
            "itemSegment": "",
            "itemSubsegment": "",
            "durationCode": "1000023591111111",
            "grouper": "001.000",
            "percent": "000.00",
            "optativeOne": " ",
            "sent": " ",
            "action": "A",
            "binCode": "",
            "messagePsg": ""
        },
        {
            "lineNumber": "5",
            "folio": "  50669692",
            "itemCategory": " 1",
            "type": "02",
            "startDate": "20250515",
            "endDate": "20250527",
            "itemSku": "   7622210576781",
            "category": "",
            "providerType": "0",
            "requiredQuantity": "003.000",
            "discount": "00015.000",
            "discountType": "F",
            "optative": "1",
            "description": "PB Tang 3x$15                           ",
            "itemSubcategory": "",
            "itemSegment": "",
            "itemSubsegment": "",
            "durationCode": "1000023591111111",
            "grouper": "001.000",
            "percent": "000.00",
            "optativeOne": " ",
            "sent": " ",
            "action": "A",
            "binCode": "",
            "messagePsg": ""
        },
        {
            "lineNumber": "6",
            "folio": "  50669692",
            "itemCategory": " 1",
            "type": "02",
            "startDate": "20250515",
            "endDate": "20250527",
            "itemSku": "   7622210577030",
            "category": "",
            "providerType": "0",
            "requiredQuantity": "003.000",
            "discount": "00015.000",
            "discountType": "F",
            "optative": "1",
            "description": "PB Tang 3x$15                           ",
            "itemSubcategory": "",
            "itemSegment": "",
            "itemSubsegment": "",
            "durationCode": "1000023591111111",
            "grouper": "001.000",
            "percent": "000.00",
            "optativeOne": " ",
            "sent": " ",
            "action": "A",
            "binCode": "",
            "messagePsg": ""
        },
        {
            "lineNumber": "7",
            "folio": "  50669692",
            "itemCategory": " 1",
            "type": "02",
            "startDate": "20250515",
            "endDate": "20250527",
            "itemSku": "   7622210577153",
            "category": "",
            "providerType": "0",
            "requiredQuantity": "003.000",
            "discount": "00015.000",
            "discountType": "F",
            "optative": "1",
            "description": "PB Tang 3x$15                           ",
            "itemSubcategory": "",
            "itemSegment": "",
            "itemSubsegment": "",
            "durationCode": "1000023591111111",
            "grouper": "001.000",
            "percent": "000.00",
            "optativeOne": " ",
            "sent": " ",
            "action": "A",
            "binCode": "",
            "messagePsg": ""
        },
        {
            "lineNumber": "8",
            "folio": "  50669692",
            "itemCategory": " 1",
            "type": "02",
            "startDate": "20250515",
            "endDate": "20250527",
            "itemSku": "   7622210576965",
            "category": "",
            "providerType": "0",
            "requiredQuantity": "003.000",
            "discount": "00015.000",
            "discountType": "F",
            "optative": "1",
            "description": "PB Tang 3x$15                           ",
            "itemSubcategory": "",
            "itemSegment": "",
            "itemSubsegment": "",
            "durationCode": "1000023591111111",
            "grouper": "001.000",
            "percent": "000.00",
            "optativeOne": " ",
            "sent": " ",
            "action": "A",
            "binCode": "",
            "messagePsg": ""
        },
        {
            "lineNumber": "9",
            "folio": "  50669694",
            "itemCategory": " 1",
            "type": "02",
            "startDate": "20250516",
            "endDate": "20250527",
            "itemSku": "   7622210577153",
            "category": "",
            "providerType": "0",
            "requiredQuantity": "003.000",
            "discount": "00015.000",
            "discountType": "F",
            "optative": "1",
            "description": "PB Tang 3x$15                           ",
            "itemSubcategory": "",
            "itemSegment": "",
            "itemSubsegment": "",
            "durationCode": "1000023591111111",
            "grouper": "001.000",
            "percent": "000.00",
            "optativeOne": " ",
            "sent": " ",
            "action": "A",
            "binCode": "",
            "messagePsg": ""
        },
        {
            "lineNumber": "10",
            "folio": "  50669694",
            "itemCategory": " 1",
            "type": "02",
            "startDate": "20250516",
            "endDate": "20250527",
            "itemSku": "   7622210577450",
            "category": "",
            "providerType": "0",
            "requiredQuantity": "003.000",
            "discount": "00015.000",
            "discountType": "F",
            "optative": "1",
            "description": "PB Tang 3x$15                           ",
            "itemSubcategory": "",
            "itemSegment": "",
            "itemSubsegment": "",
            "durationCode": "1000023591111111",
            "grouper": "001.000",
            "percent": "000.00",
            "optativeOne": " ",
            "sent": " ",
            "action": "A",
            "binCode": "",
            "messagePsg": ""
        },
        {
            "lineNumber": "11",
            "folio": "  50669694",
            "itemCategory": " 1",
            "type": "02",
            "startDate": "20250516",
            "endDate": "20250527",
            "itemSku": "   7622210576781",
            "category": "",
            "providerType": "0",
            "requiredQuantity": "003.000",
            "discount": "00015.000",
            "discountType": "F",
            "optative": "1",
            "description": "PB Tang 3x$15                           ",
            "itemSubcategory": "",
            "itemSegment": "",
            "itemSubsegment": "",
            "durationCode": "1000023591111111",
            "grouper": "001.000",
            "percent": "000.00",
            "optativeOne": " ",
            "sent": " ",
            "action": "A",
            "binCode": "",
            "messagePsg": ""
        },
        {
            "lineNumber": "12",
            "folio": "  50669694",
            "itemCategory": " 1",
            "type": "02",
            "startDate": "20250516",
            "endDate": "20250527",
            "itemSku": "   7622210576965",
            "category": "",
            "providerType": "0",
            "requiredQuantity": "003.000",
            "discount": "00015.000",
            "discountType": "F",
            "optative": "1",
            "description": "PB Tang 3x$15                           ",
            "itemSubcategory": "",
            "itemSegment": "",
            "itemSubsegment": "",
            "durationCode": "1000023591111111",
            "grouper": "001.000",
            "percent": "000.00",
            "optativeOne": " ",
            "sent": " ",
            "action": "A",
            "binCode": "",
            "messagePsg": ""
        },
        {
            "lineNumber": "13",
            "folio": "  50669694",
            "itemCategory": " 1",
            "type": "02",
            "startDate": "20250516",
            "endDate": "20250527",
            "itemSku": "   7622210577030",
            "category": "",
            "providerType": "0",
            "requiredQuantity": "003.000",
            "discount": "00015.000",
            "discountType": "F",
            "optative": "1",
            "description": "PB Tang 3x$15                           ",
            "itemSubcategory": "",
            "itemSegment": "",
            "itemSubsegment": "",
            "durationCode": "1000023591111111",
            "grouper": "001.000",
            "percent": "000.00",
            "optativeOne": " ",
            "sent": " ",
            "action": "A",
            "binCode": "",
            "messagePsg": ""
        },
        {
            "lineNumber": "14",
            "folio": "  50669698",
            "itemCategory": " 1",
            "type": "02",
            "startDate": "20250516",
            "endDate": "20250527",
            "itemSku": "   7501055356898",
            "category": "",
            "providerType": "0",
            "requiredQuantity": "006.000",
            "discount": "00035.000",
            "discountType": "F",
            "optative": "1",
            "description": "PB BOTELLIN                             ",
            "itemSubcategory": "",
            "itemSegment": "",
            "itemSubsegment": "",
            "durationCode": "1000023591111111",
            "grouper": "001.000",
            "percent": "000.00",
            "optativeOne": " ",
            "sent": " ",
            "action": "A",
            "binCode": "",
            "messagePsg": ""
        },
        {
            "lineNumber": "15",
            "folio": "  50669698",
            "itemCategory": " 1",
            "type": "02",
            "startDate": "20250516",
            "endDate": "20250527",
            "itemSku": "   7501055356928",
            "category": "",
            "providerType": "0",
            "requiredQuantity": "006.000",
            "discount": "00035.000",
            "discountType": "F",
            "optative": "1",
            "description": "PB BOTELLIN                             ",
            "itemSubcategory": "",
            "itemSegment": "",
            "itemSubsegment": "",
            "durationCode": "1000023591111111",
            "grouper": "001.000",
            "percent": "000.00",
            "optativeOne": " ",
            "sent": " ",
            "action": "A",
            "binCode": "",
            "messagePsg": ""
        },
        {
            "lineNumber": "16",
            "folio": "  50669702",
            "itemCategory": " 1",
            "type": "03",
            "startDate": "20250515",
            "endDate": "20250527",
            "itemSku": "   7503047873116",
            "category": "",
            "providerType": "0",
            "requiredQuantity": "001.000",
            "discount": "00075.040",
            "discountType": "F",
            "optative": " ",
            "description": "RYC B05 $V                              ",
            "itemSubcategory": "",
            "itemSegment": "",
            "itemSubsegment": "",
            "durationCode": "1000023591111111",
            "grouper": "000.000",
            "percent": "000.00",
            "optativeOne": " ",
            "sent": " ",
            "action": "A",
            "binCode": "",
            "messagePsg": ""
        },
        {
            "lineNumber": "17",
            "folio": "  50669702",
            "itemCategory": " 1",
            "type": "03",
            "startDate": "20250515",
            "endDate": "20250527",
            "itemSku": "   7503047873109",
            "category": "",
            "providerType": "0",
            "requiredQuantity": "001.000",
            "discount": "00075.040",
            "discountType": "F",
            "optative": " ",
            "description": "RYC B05 $V                              ",
            "itemSubcategory": "",
            "itemSegment": "",
            "itemSubsegment": "",
            "durationCode": "1000023591111111",
            "grouper": "000.000",
            "percent": "000.00",
            "optativeOne": " ",
            "sent": " ",
            "action": "A",
            "binCode": "",
            "messagePsg": ""
        },
        {
            "lineNumber": "18",
            "folio": "  50669705",
            "itemCategory": " 1",
            "type": "03",
            "startDate": "20250516",
            "endDate": "20250527",
            "itemSku": "   7503047873116",
            "category": "",
            "providerType": "0",
            "requiredQuantity": "001.000",
            "discount": "00075.040",
            "discountType": "F",
            "optative": " ",
            "description": "RYC B05 $V                              ",
            "itemSubcategory": "",
            "itemSegment": "",
            "itemSubsegment": "",
            "durationCode": "1000023591111111",
            "grouper": "000.000",
            "percent": "000.00",
            "optativeOne": " ",
            "sent": " ",
            "action": "A",
            "binCode": "",
            "messagePsg": ""
        },
        {
            "lineNumber": "19",
            "folio": "  50669705",
            "itemCategory": " 1",
            "type": "03",
            "startDate": "20250516",
            "endDate": "20250527",
            "itemSku": "   7503047873109",
            "category": "",
            "providerType": "0",
            "requiredQuantity": "001.000",
            "discount": "00075.040",
            "discountType": "F",
            "optative": " ",
            "description": "RYC B05 $V                              ",
            "itemSubcategory": "",
            "itemSegment": "",
            "itemSubsegment": "",
            "durationCode": "1000023591111111",
            "grouper": "000.000",
            "percent": "000.00",
            "optativeOne": " ",
            "sent": " ",
            "action": "A",
            "binCode": "",
            "messagePsg": ""
        },
        {
            "lineNumber": "20",
            "folio": "  50669913",
            "itemCategory": " 1",
            "type": "03",
            "startDate": "20250516",
            "endDate": "20250527",
            "itemSku": "   7501055321681",
            "category": "",
            "providerType": "0",
            "requiredQuantity": "001.000",
            "discount": "00025.000",
            "discountType": "F",
            "optative": " ",
            "description": "PB COCA COLA 2.5                        ",
            "itemSubcategory": "",
            "itemSegment": "",
            "itemSubsegment": "",
            "durationCode": "1000023591111111",
            "grouper": "000.000",
            "percent": "000.00",
            "optativeOne": " ",
            "sent": " ",
            "action": "A",
            "binCode": "",
            "messagePsg": ""
        },
        {
            "lineNumber": "21",
            "folio": "  50669914",
            "itemCategory": " 1",
            "type": "03",
            "startDate": "20250516",
            "endDate": "20250527",
            "itemSku": "        75007614",
            "category": "",
            "providerType": "0",
            "requiredQuantity": "001.000",
            "discount": "00019.000",
            "discountType": "F",
            "optative": " ",
            "description": "PB COCA COLA 600                        ",
            "itemSubcategory": "",
            "itemSegment": "",
            "itemSubsegment": "",
            "durationCode": "1000023591111111",
            "grouper": "000.000",
            "percent": "000.00",
            "optativeOne": " ",
            "sent": " ",
            "action": "A",
            "binCode": "",
            "messagePsg": ""
        },
        {
            "lineNumber": "22",
            "folio": "  50669933",
            "itemCategory": " 1",
            "type": "00",
            "startDate": "20250516",
            "endDate": "20250527",
            "itemSku": "   7501064194214",
            "category": "",
            "providerType": "0",
            "requiredQuantity": "001.000",
            "discount": "00210.000",
            "discountType": "F",
            "optative": "1",
            "description": "PB12PACK+10                             ",
            "itemSubcategory": "",
            "itemSegment": "",
            "itemSubsegment": "",
            "durationCode": "1000023591111111",
            "grouper": "002.000",
            "percent": "000.00",
            "optativeOne": " ",
            "sent": " ",
            "action": "A",
            "binCode": "",
            "messagePsg": ""
        },
        {
            "lineNumber": "23",
            "folio": "  50669933",
            "itemCategory": " 1",
            "type": "00",
            "startDate": "20250516",
            "endDate": "20250527",
            "itemSku": "   7501011155022",
            "category": "",
            "providerType": "0",
            "requiredQuantity": "001.000",
            "discount": "00010.000",
            "discountType": "F",
            "optative": "2",
            "description": "PB12PACK+10                             ",
            "itemSubcategory": "",
            "itemSegment": "",
            "itemSubsegment": "",
            "durationCode": "1000023591111111",
            "grouper": "002.000",
            "percent": "000.00",
            "optativeOne": " ",
            "sent": " ",
            "action": "A",
            "binCode": "",
            "messagePsg": ""
        },
        {
            "lineNumber": "24",
            "folio": "  50669933",
            "itemCategory": " 1",
            "type": "00",
            "startDate": "20250516",
            "endDate": "20250527",
            "itemSku": "   7501011155008",
            "category": "",
            "providerType": "0",
            "requiredQuantity": "001.000",
            "discount": "00010.000",
            "discountType": "F",
            "optative": "2",
            "description": "PB12PACK+10                             ",
            "itemSubcategory": "",
            "itemSegment": "",
            "itemSubsegment": "",
            "durationCode": "1000023591111111",
            "grouper": "002.000",
            "percent": "000.00",
            "optativeOne": " ",
            "sent": " ",
            "action": "A",
            "binCode": "",
            "messagePsg": ""
        },
        {
            "lineNumber": "25",
            "folio": "  50669933",
            "itemCategory": " 1",
            "type": "00",
            "startDate": "20250516",
            "endDate": "20250527",
            "itemSku": "   7501011133884",
            "category": "",
            "providerType": "0",
            "requiredQuantity": "001.000",
            "discount": "00010.000",
            "discountType": "F",
            "optative": "2",
            "description": "PB12PACK+10                             ",
            "itemSubcategory": "",
            "itemSegment": "",
            "itemSubsegment": "",
            "durationCode": "1000023591111111",
            "grouper": "002.000",
            "percent": "000.00",
            "optativeOne": " ",
            "sent": " ",
            "action": "A",
            "binCode": "",
            "messagePsg": ""
        },
        {
            "lineNumber": "26",
            "folio": "  50669933",
            "itemCategory": " 1",
            "type": "00",
            "startDate": "20250516",
            "endDate": "20250527",
            "itemSku": "   7501011154902",
            "category": "",
            "providerType": "0",
            "requiredQuantity": "001.000",
            "discount": "00010.000",
            "discountType": "F",
            "optative": "2",
            "description": "PB12PACK+10                             ",
            "itemSubcategory": "",
            "itemSegment": "",
            "itemSubsegment": "",
            "durationCode": "1000023591111111",
            "grouper": "002.000",
            "percent": "000.00",
            "optativeOne": " ",
            "sent": " ",
            "action": "A",
            "binCode": "",
            "messagePsg": ""
        },
        {
            "lineNumber": "27",
            "folio": "  50669933",
            "itemCategory": " 1",
            "type": "00",
            "startDate": "20250516",
            "endDate": "20250527",
            "itemSku": "   7501011167735",
            "category": "",
            "providerType": "0",
            "requiredQuantity": "001.000",
            "discount": "00010.000",
            "discountType": "F",
            "optative": "2",
            "description": "PB12PACK+10                             ",
            "itemSubcategory": "",
            "itemSegment": "",
            "itemSubsegment": "",
            "durationCode": "1000023591111111",
            "grouper": "002.000",
            "percent": "000.00",
            "optativeOne": " ",
            "sent": " ",
            "action": "A",
            "binCode": "",
            "messagePsg": ""
        },
        {
            "lineNumber": "28",
            "folio": "  50669941",
            "itemCategory": " 1",
            "type": "02",
            "startDate": "20250516",
            "endDate": "20250527",
            "itemSku": "   7503019886984",
            "category": "",
            "providerType": "0",
            "requiredQuantity": "003.000",
            "discount": "00036.000",
            "discountType": "F",
            "optative": "1",
            "description": "PB 3X PROTI                             ",
            "itemSubcategory": "",
            "itemSegment": "",
            "itemSubsegment": "",
            "durationCode": "1000023591111111",
            "grouper": "001.000",
            "percent": "000.00",
            "optativeOne": " ",
            "sent": " ",
            "action": "A",
            "binCode": "",
            "messagePsg": ""
        }
    ]
}