{
    "organizationCountry": "MX",
    "organizationName": "FEMSA Comercio",
    "businessName": "OXXO",
    "departmentId": "12NEO",
    "storeId": "52RSW",
    "numberOfRecords": "7",
    "searchId": "000000000000000000000000",
    "searchDate": "2025-05-21 19:25:03",
    "promotions": [
        {
            "lineNumber": "1",
            "folio": "  50669705",
            "itemCategory": " 1",
            "type": "03",
            "startDate": "20250516",
            "endDate": "20250527",
            "itemSku": "   7503047873116",
            "category": "",
            "providerType": "0",
            "requiredQuantity": "001.000",
            "discount": "00075.040",
            "discountType": "F",
            "optative": " ",
            "description": "RYC B05 $V                              ",
            "itemSubcategory": "",
            "itemSegment": "",
            "itemSubsegment": "",
            "durationCode": "1000023591111111",
            "grouper": "000.000",
            "percent": "000.00",
            "optativeOne": " ",
            "sent": " ",
            "action": "A",
            "binCode": "",
            "messagePsg": ""
        },
        {
            "lineNumber": "2",
            "folio": "  50669705",
            "itemCategory": " 1",
            "type": "03",
            "startDate": "20250516",
            "endDate": "20250527",
            "itemSku": "   7503047873109",
            "category": "",
            "providerType": "0",
            "requiredQuantity": "001.000",
            "discount": "00075.040",
            "discountType": "F",
            "optative": " ",
            "description": "RYC B05 $V                              ",
            "itemSubcategory": "",
            "itemSegment": "",
            "itemSubsegment": "",
            "durationCode": "1000023591111111",
            "grouper": "000.000",
            "percent": "000.00",
            "optativeOne": " ",
            "sent": " ",
            "action": "A",
            "binCode": "",
            "messagePsg": ""
        },
        {
            "lineNumber": "3",
            "folio": "  50718699",
            "itemCategory": " 1",
            "type": "02",
            "startDate": "20250522",
            "endDate": "20250729",
            "itemSku": "   7502294225273",
            "category": "",
            "providerType": "0",
            "requiredQuantity": "010.000",
            "discount": "00150.000",
            "discountType": "F",
            "optative": "1",
            "description": "PB HARINA SI PRECIO                     ",
            "itemSubcategory": "",
            "itemSegment": "",
            "itemSubsegment": "",
            "durationCode": "1000023591111111",
            "grouper": "001.000",
            "percent": "000.00",
            "optativeOne": " ",
            "sent": " ",
            "action": "A",
            "binCode": "",
            "messagePsg": ""
        },
        {
            "lineNumber": "4",
            "folio": "  50718910",
            "itemCategory": " 1",
            "type": "03",
            "startDate": "20250521",
            "endDate": "20250527",
            "itemSku": "   7503047873116",
            "category": "",
            "providerType": "0",
            "requiredQuantity": "001.000",
            "discount": "00075.040",
            "discountType": "F",
            "optative": " ",
            "description": "RYC B05$V                               ",
            "itemSubcategory": "",
            "itemSegment": "",
            "itemSubsegment": "",
            "durationCode": "1000023591111111",
            "grouper": "000.000",
            "percent": "000.00",
            "optativeOne": " ",
            "sent": " ",
            "action": "A",
            "binCode": "",
            "messagePsg": ""
        },
        {
            "lineNumber": "5",
            "folio": "  50718910",
            "itemCategory": " 1",
            "type": "03",
            "startDate": "20250521",
            "endDate": "20250527",
            "itemSku": "   7503047873109",
            "category": "",
            "providerType": "0",
            "requiredQuantity": "001.000",
            "discount": "00075.040",
            "discountType": "F",
            "optative": " ",
            "description": "RYC B05$V                               ",
            "itemSubcategory": "",
            "itemSegment": "",
            "itemSubsegment": "",
            "durationCode": "1000023591111111",
            "grouper": "000.000",
            "percent": "000.00",
            "optativeOne": " ",
            "sent": " ",
            "action": "A",
            "binCode": "",
            "messagePsg": ""
        },
        {
            "lineNumber": "6",
            "folio": "  50718914",
            "itemCategory": " 1",
            "type": "03",
            "startDate": "20250522",
            "endDate": "20250527",
            "itemSku": "   7502271157122",
            "category": "",
            "providerType": "0",
            "requiredQuantity": "001.000",
            "discount": "00035.000",
            "discountType": "F",
            "optative": " ",
            "description": "PB PAN BONAMARK                         ",
            "itemSubcategory": "",
            "itemSegment": "",
            "itemSubsegment": "",
            "durationCode": "1000023591111111",
            "grouper": "000.000",
            "percent": "000.00",
            "optativeOne": " ",
            "sent": " ",
            "action": "A",
            "binCode": "",
            "messagePsg": ""
        },
        {
            "lineNumber": "7",
            "folio": "  50718914",
            "itemCategory": " 1",
            "type": "03",
            "startDate": "20250522",
            "endDate": "20250527",
            "itemSku": "   7502271157139",
            "category": "",
            "providerType": "0",
            "requiredQuantity": "001.000",
            "discount": "00037.000",
            "discountType": "F",
            "optative": " ",
            "description": "PB PAN BONAMARK                         ",
            "itemSubcategory": "",
            "itemSegment": "",
            "itemSubsegment": "",
            "durationCode": "1000023591111111",
            "grouper": "000.000",
            "percent": "000.00",
            "optativeOne": " ",
            "sent": " ",
            "action": "A",
            "binCode": "",
            "messagePsg": ""
        }
    ]
}