{
    "organizationCountry": "MX",
    "organizationName": "FEMSA Comercio",
    "businessName": "OXXO",
    "departmentId": "12NEO",
    "storeId": "52RSW",
    "numberOfRecords": "8",
    "searchId": "000000000000000000000000",
    "searchDate": "2025-05-16 08:52:12",
    "promotions": [
        {
            "lineNumber": "1",
            "folio": "  50669694",
            "itemCategory": " 1",
            "type": "02",
            "startDate": "20250516",
            "endDate": "20250527",
            "itemSku": "   7622210577030",
            "category": "",
            "providerType": "0",
            "requiredQuantity": "003.000",
            "discount": "00015.000",
            "discountType": "F",
            "optative": "1",
            "description": "PB Tang 3x$15                           ",
            "itemSubcategory": "",
            "itemSegment": "",
            "itemSubsegment": "",
            "durationCode": "1000023591111111",
            "grouper": "001.000",
            "percent": "000.00",
            "optativeOne": " ",
            "sent": " ",
            "action": "A",
            "binCode": "",
            "messagePsg": ""
        },
        {
            "lineNumber": "2",
            "folio": "  50669694",
            "itemCategory": " 1",
            "type": "02",
            "startDate": "20250516",
            "endDate": "20250527",
            "itemSku": "   7622210577153",
            "category": "",
            "providerType": "0",
            "requiredQuantity": "003.000",
            "discount": "00015.000",
            "discountType": "F",
            "optative": "1",
            "description": "PB Tang 3x$15                           ",
            "itemSubcategory": "",
            "itemSegment": "",
            "itemSubsegment": "",
            "durationCode": "1000023591111111",
            "grouper": "001.000",
            "percent": "000.00",
            "optativeOne": " ",
            "sent": " ",
            "action": "A",
            "binCode": "",
            "messagePsg": ""
        },
        {
            "lineNumber": "3",
            "folio": "  50669694",
            "itemCategory": " 1",
            "type": "02",
            "startDate": "20250516",
            "endDate": "20250527",
            "itemSku": "   7622210577450",
            "category": "",
            "providerType": "0",
            "requiredQuantity": "003.000",
            "discount": "00015.000",
            "discountType": "F",
            "optative": "1",
            "description": "PB Tang 3x$15                           ",
            "itemSubcategory": "",
            "itemSegment": "",
            "itemSubsegment": "",
            "durationCode": "1000023591111111",
            "grouper": "001.000",
            "percent": "000.00",
            "optativeOne": " ",
            "sent": " ",
            "action": "A",
            "binCode": "",
            "messagePsg": ""
        },
        {
            "lineNumber": "4",
            "folio": "  50669694",
            "itemCategory": " 1",
            "type": "02",
            "startDate": "20250516",
            "endDate": "20250527",
            "itemSku": "   7622210576965",
            "category": "",
            "providerType": "0",
            "requiredQuantity": "003.000",
            "discount": "00015.000",
            "discountType": "F",
            "optative": "1",
            "description": "PB Tang 3x$15                           ",
            "itemSubcategory": "",
            "itemSegment": "",
            "itemSubsegment": "",
            "durationCode": "1000023591111111",
            "grouper": "001.000",
            "percent": "000.00",
            "optativeOne": " ",
            "sent": " ",
            "action": "A",
            "binCode": "",
            "messagePsg": ""
        },
        {
            "lineNumber": "5",
            "folio": "  50669694",
            "itemCategory": " 1",
            "type": "02",
            "startDate": "20250516",
            "endDate": "20250527",
            "itemSku": "   7622210576781",
            "category": "",
            "providerType": "0",
            "requiredQuantity": "003.000",
            "discount": "00015.000",
            "discountType": "F",
            "optative": "1",
            "description": "PB Tang 3x$15                           ",
            "itemSubcategory": "",
            "itemSegment": "",
            "itemSubsegment": "",
            "durationCode": "1000023591111111",
            "grouper": "001.000",
            "percent": "000.00",
            "optativeOne": " ",
            "sent": " ",
            "action": "A",
            "binCode": "",
            "messagePsg": ""
        },
        {
            "lineNumber": "6",
            "folio": "  50669698",
            "itemCategory": " 1",
            "type": "02",
            "startDate": "20250516",
            "endDate": "20250527",
            "itemSku": "   7501055356898",
            "category": "",
            "providerType": "0",
            "requiredQuantity": "006.000",
            "discount": "00035.000",
            "discountType": "F",
            "optative": "1",
            "description": "PB BOTELLIN                             ",
            "itemSubcategory": "",
            "itemSegment": "",
            "itemSubsegment": "",
            "durationCode": "1000023591111111",
            "grouper": "001.000",
            "percent": "000.00",
            "optativeOne": " ",
            "sent": " ",
            "action": "A",
            "binCode": "",
            "messagePsg": ""
        },
        {
            "lineNumber": "7",
            "folio": "  50669698",
            "itemCategory": " 1",
            "type": "02",
            "startDate": "20250516",
            "endDate": "20250527",
            "itemSku": "   7501055356928",
            "category": "",
            "providerType": "0",
            "requiredQuantity": "006.000",
            "discount": "00035.000",
            "discountType": "F",
            "optative": "1",
            "description": "PB BOTELLIN                             ",
            "itemSubcategory": "",
            "itemSegment": "",
            "itemSubsegment": "",
            "durationCode": "1000023591111111",
            "grouper": "001.000",
            "percent": "000.00",
            "optativeOne": " ",
            "sent": " ",
            "action": "A",
            "binCode": "",
            "messagePsg": ""
        },
        {
            "lineNumber": "8",
            "folio": "  50669941",
            "itemCategory": " 1",
            "type": "02",
            "startDate": "20250516",
            "endDate": "20250527",
            "itemSku": "   7503019886984",
            "category": "",
            "providerType": "0",
            "requiredQuantity": "003.000",
            "discount": "00036.000",
            "discountType": "F",
            "optative": "1",
            "description": "PB 3X PROTI                             ",
            "itemSubcategory": "",
            "itemSegment": "",
            "itemSubsegment": "",
            "durationCode": "1000023591111111",
            "grouper": "001.000",
            "percent": "000.00",
            "optativeOne": " ",
            "sent": " ",
            "action": "A",
            "binCode": "",
            "messagePsg": ""
        }
    ]
}