{
    "organizationCountry": "MX",
    "organizationName": "FEMSA Comercio",
    "businessName": "OXXO",
    "departmentId": "12NEO",
    "storeId": "52RSW",
    "numberOfRecords": "1",
    "searchId": "000000000000000000000000",
    "searchDate": "2025-07-24 11:07:41",
    "promotions": [
        {
            "lineNumber": "1",
            "folio": "  51043586",
            "itemCategory": " 1",
            "type": "03",
            "startDate": "20250724",
            "endDate": "20250731",
            "itemSku": "   7501064114359",
            "category": "",
            "providerType": "0",
            "requiredQuantity": "001.000",
            "discount": "00052.000",
            "discountType": "F",
            "optative": " ",
            "description": "PB BARRILITO NR 325ML 6P $52            ",
            "itemSubcategory": "",
            "itemSegment": "",
            "itemSubsegment": "",
            "durationCode": "1000023591111111",
            "grouper": "000.000",
            "percent": "000.00",
            "optativeOne": " ",
            "sent": " ",
            "action": "A",
            "binCode": "",
            "messagePsg": ""
        }
    ]
}