{
    "organizationCountry": "MX",
    "organizationName": "FEMSA Comercio",
    "businessName": "OXXO",
    "departmentId": "12NEO",
    "storeId": "52RSW",
    "numberOfRecords": "1",
    "searchId": "000000000000000000000000",
    "searchDate": "2025-04-30 20:43:49",
    "promotions": [
        {
            "lineNumber": "1",
            "folio": "  19714121",
            "itemCategory": " 1",
            "type": "00",
            "startDate": "19900101",
            "endDate": "20250429",
            "itemSku": "        75045616",
            "category": "",
            "providerType": "0",
            "requiredQuantity": "003.000",
            "discount": "00010.000",
            "discountType": "F",
            "optative": "1",
            "description": "PB TRIDENT 4S 52GR                      ",
            "itemSubcategory": "    ",
            "itemSegment": "    ",
            "itemSubsegment": "    ",
            "durationCode": "1000023591111111",
            "grouper": "000.000",
            "percent": "000.00",
            "optativeOne": " ",
            "sent": " ",
            "action": "F",
            "binCode": "",
            "messagePsg": ""
        }
    ]
}