{
    "organizationCountry": "MX",
    "organizationName": "FEMSA Comercio",
    "businessName": "OXXO",
    "departmentId": "12NEO",
    "storeId": "52RSW",
    "numberOfRecords": "5",
    "searchId": "000000000000000000000000",
    "searchDate": "2025-07-02 14:44:53",
    "promotions": [
        {
            "lineNumber": "1",
            "folio": "  50847757",
            "itemCategory": " 1",
            "type": "03",
            "startDate": "20250702",
            "endDate": "20250701",
            "itemSku": "   7502294222555",
            "category": "",
            "providerType": "0",
            "requiredQuantity": "000.000",
            "discount": "00000.000",
            "discountType": " ",
            "optative": " ",
            "description": "PB  Leche Parcialmente Bonamark 900ml   ",
            "itemSubcategory": "",
            "itemSegment": "",
            "itemSubsegment": "",
            "durationCode": "1000023591111111",
            "grouper": "000.000",
            "percent": "000.00",
            "optativeOne": " ",
            "sent": " ",
            "action": "F",
            "binCode": "",
            "messagePsg": ""
        },
        {
            "lineNumber": "2",
            "folio": "  50847764",
            "itemCategory": " 1",
            "type": "03",
            "startDate": "20250702",
            "endDate": "20250701",
            "itemSku": "   7502271157818",
            "category": "",
            "providerType": "0",
            "requiredQuantity": "000.000",
            "discount": "00000.000",
            "discountType": " ",
            "optative": " ",
            "description": "PB Leche Des UHT Bonamark 900ml         ",
            "itemSubcategory": "",
            "itemSegment": "",
            "itemSubsegment": "",
            "durationCode": "1000023591111111",
            "grouper": "000.000",
            "percent": "000.00",
            "optativeOne": " ",
            "sent": " ",
            "action": "F",
            "binCode": "",
            "messagePsg": ""
        },
        {
            "lineNumber": "3",
            "folio": "  50848448",
            "itemCategory": " 1",
            "type": "02",
            "startDate": "20250702",
            "endDate": "20250729",
            "itemSku": "   7502294222579",
            "category": "",
            "providerType": "0",
            "requiredQuantity": "002.000",
            "discount": "00030.000",
            "discountType": "F",
            "optative": "1",
            "description": "PB  Bonamark lavatrastes limon 500ml    ",
            "itemSubcategory": "",
            "itemSegment": "",
            "itemSubsegment": "",
            "durationCode": "1000023591111111",
            "grouper": "001.000",
            "percent": "000.00",
            "optativeOne": " ",
            "sent": " ",
            "action": "A",
            "binCode": "",
            "messagePsg": ""
        },
        {
            "lineNumber": "4",
            "folio": "  50848451",
            "itemCategory": " 1",
            "type": "02",
            "startDate": "20250702",
            "endDate": "20250729",
            "itemSku": "   7502271157818",
            "category": "",
            "providerType": "0",
            "requiredQuantity": "002.000",
            "discount": "00045.000",
            "discountType": "F",
            "optative": "1",
            "description": "PB Leche Bonamark 900ml                 ",
            "itemSubcategory": "",
            "itemSegment": "",
            "itemSubsegment": "",
            "durationCode": "1000023591111111",
            "grouper": "001.000",
            "percent": "000.00",
            "optativeOne": " ",
            "sent": " ",
            "action": "A",
            "binCode": "",
            "messagePsg": ""
        },
        {
            "lineNumber": "5",
            "folio": "  50848451",
            "itemCategory": " 1",
            "type": "02",
            "startDate": "20250702",
            "endDate": "20250729",
            "itemSku": "   7502294222555",
            "category": "",
            "providerType": "0",
            "requiredQuantity": "002.000",
            "discount": "00045.000",
            "discountType": "F",
            "optative": "1",
            "description": "PB Leche Bonamark 900ml                 ",
            "itemSubcategory": "",
            "itemSegment": "",
            "itemSubsegment": "",
            "durationCode": "1000023591111111",
            "grouper": "001.000",
            "percent": "000.00",
            "optativeOne": " ",
            "sent": " ",
            "action": "A",
            "binCode": "",
            "messagePsg": ""
        }
    ]
}