{
    "organizationCountry": "MX",
    "organizationName": "FEMSA Comercio",
    "businessName": "OXXO",
    "departmentId": "12NEO",
    "storeId": "52RSW",
    "numberOfRecords": "17",
    "searchId": "000000000000000000000000",
    "searchDate": "2025-05-28 16:01:41",
    "promotions": [
        {
            "lineNumber": "1",
            "folio": "  50654808",
            "itemCategory": " 1",
            "type": "02",
            "startDate": "20250528",
            "endDate": "20250701",
            "itemSku": "   7501064190711",
            "category": "",
            "providerType": "0",
            "requiredQuantity": "006.000",
            "discount": "00105.000",
            "discountType": "F",
            "optative": "1",
            "description": "PB SIX PACK                             ",
            "itemSubcategory": "",
            "itemSegment": "",
            "itemSubsegment": "",
            "durationCode": "1000023591111111",
            "grouper": "001.000",
            "percent": "000.00",
            "optativeOne": " ",
            "sent": " ",
            "action": "A",
            "binCode": "",
            "messagePsg": ""
        },
        {
            "lineNumber": "2",
            "folio": "  50654808",
            "itemCategory": " 1",
            "type": "02",
            "startDate": "20250528",
            "endDate": "20250701",
            "itemSku": "   7501064195310",
            "category": "",
            "providerType": "0",
            "requiredQuantity": "006.000",
            "discount": "00105.000",
            "discountType": "F",
            "optative": "1",
            "description": "PB SIX PACK                             ",
            "itemSubcategory": "",
            "itemSegment": "",
            "itemSubsegment": "",
            "durationCode": "1000023591111111",
            "grouper": "001.000",
            "percent": "000.00",
            "optativeOne": " ",
            "sent": " ",
            "action": "A",
            "binCode": "",
            "messagePsg": ""
        },
        {
            "lineNumber": "3",
            "folio": "  50769419",
            "itemCategory": " 1",
            "type": "03",
            "startDate": "20250529",
            "endDate": "20250601",
            "itemSku": "        50196838",
            "category": "",
            "providerType": "0",
            "requiredQuantity": "001.000",
            "discount": "00025.040",
            "discountType": "F",
            "optative": " ",
            "description": "052RYC                                  ",
            "itemSubcategory": "",
            "itemSegment": "",
            "itemSubsegment": "",
            "durationCode": "1000023591111111",
            "grouper": "000.000",
            "percent": "000.00",
            "optativeOne": " ",
            "sent": " ",
            "action": "A",
            "binCode": "",
            "messagePsg": ""
        },
        {
            "lineNumber": "4",
            "folio": "  50769419",
            "itemCategory": " 1",
            "type": "03",
            "startDate": "20250529",
            "endDate": "20250601",
            "itemSku": "   7506475113144",
            "category": "",
            "providerType": "0",
            "requiredQuantity": "001.000",
            "discount": "00025.040",
            "discountType": "F",
            "optative": " ",
            "description": "052RYC                                  ",
            "itemSubcategory": "",
            "itemSegment": "",
            "itemSubsegment": "",
            "durationCode": "1000023591111111",
            "grouper": "000.000",
            "percent": "000.00",
            "optativeOne": " ",
            "sent": " ",
            "action": "A",
            "binCode": "",
            "messagePsg": ""
        },
        {
            "lineNumber": "5",
            "folio": "  50769419",
            "itemCategory": " 1",
            "type": "03",
            "startDate": "20250529",
            "endDate": "20250601",
            "itemSku": "           60886",
            "category": "",
            "providerType": "0",
            "requiredQuantity": "000.001",
            "discount": "00025.040",
            "discountType": "F",
            "optative": " ",
            "description": "052RYC                                  ",
            "itemSubcategory": "",
            "itemSegment": "",
            "itemSubsegment": "",
            "durationCode": "1000023591111111",
            "grouper": "000.000",
            "percent": "000.00",
            "optativeOne": " ",
            "sent": " ",
            "action": "A",
            "binCode": "",
            "messagePsg": ""
        },
        {
            "lineNumber": "6",
            "folio": "  50769419",
            "itemCategory": " 1",
            "type": "03",
            "startDate": "20250529",
            "endDate": "20250601",
            "itemSku": "    013117029000",
            "category": "",
            "providerType": "0",
            "requiredQuantity": "001.000",
            "discount": "00025.040",
            "discountType": "F",
            "optative": " ",
            "description": "052RYC                                  ",
            "itemSubcategory": "",
            "itemSegment": "",
            "itemSubsegment": "",
            "durationCode": "1000023591111111",
            "grouper": "000.000",
            "percent": "000.00",
            "optativeOne": " ",
            "sent": " ",
            "action": "A",
            "binCode": "",
            "messagePsg": ""
        },
        {
            "lineNumber": "7",
            "folio": "  50769436",
            "itemCategory": " 1",
            "type": "03",
            "startDate": "20250529",
            "endDate": "20250601",
            "itemSku": "    070662043103",
            "category": "",
            "providerType": "0",
            "requiredQuantity": "001.000",
            "discount": "00002.040",
            "discountType": "F",
            "optative": " ",
            "description": "RYC $2.04                               ",
            "itemSubcategory": "",
            "itemSegment": "",
            "itemSubsegment": "",
            "durationCode": "1000023591111111",
            "grouper": "000.000",
            "percent": "000.00",
            "optativeOne": " ",
            "sent": " ",
            "action": "A",
            "binCode": "",
            "messagePsg": ""
        },
        {
            "lineNumber": "8",
            "folio": "  50769450",
            "itemCategory": " 1",
            "type": "03",
            "startDate": "20250529",
            "endDate": "20250701",
            "itemSku": "    070662043103",
            "category": "",
            "providerType": "0",
            "requiredQuantity": "001.000",
            "discount": "00002.040",
            "discountType": "F",
            "optative": " ",
            "description": "052RYC$2.00                             ",
            "itemSubcategory": "",
            "itemSegment": "",
            "itemSubsegment": "",
            "durationCode": "1000023591111111",
            "grouper": "000.000",
            "percent": "000.00",
            "optativeOne": " ",
            "sent": " ",
            "action": "A",
            "binCode": "",
            "messagePsg": ""
        },
        {
            "lineNumber": "9",
            "folio": "  50769450",
            "itemCategory": " 1",
            "type": "03",
            "startDate": "20250529",
            "endDate": "20250701",
            "itemSku": "   7501058652492",
            "category": "",
            "providerType": "0",
            "requiredQuantity": "001.000",
            "discount": "00002.040",
            "discountType": "F",
            "optative": " ",
            "description": "052RYC$2.00                             ",
            "itemSubcategory": "",
            "itemSegment": "",
            "itemSubsegment": "",
            "durationCode": "1000023591111111",
            "grouper": "000.000",
            "percent": "000.00",
            "optativeOne": " ",
            "sent": " ",
            "action": "A",
            "binCode": "",
            "messagePsg": ""
        },
        {
            "lineNumber": "10",
            "folio": "  50769450",
            "itemCategory": " 1",
            "type": "03",
            "startDate": "20250529",
            "endDate": "20250701",
            "itemSku": "        75074814",
            "category": "",
            "providerType": "0",
            "requiredQuantity": "001.000",
            "discount": "00002.040",
            "discountType": "F",
            "optative": " ",
            "description": "052RYC$2.00                             ",
            "itemSubcategory": "",
            "itemSegment": "",
            "itemSubsegment": "",
            "durationCode": "1000023591111111",
            "grouper": "000.000",
            "percent": "000.00",
            "optativeOne": " ",
            "sent": " ",
            "action": "A",
            "binCode": "",
            "messagePsg": ""
        },
        {
            "lineNumber": "11",
            "folio": "  50769450",
            "itemCategory": " 1",
            "type": "03",
            "startDate": "20250529",
            "endDate": "20250701",
            "itemSku": "        75030896",
            "category": "",
            "providerType": "0",
            "requiredQuantity": "001.000",
            "discount": "00002.040",
            "discountType": "F",
            "optative": " ",
            "description": "052RYC$2.00                             ",
            "itemSubcategory": "",
            "itemSegment": "",
            "itemSubsegment": "",
            "durationCode": "1000023591111111",
            "grouper": "000.000",
            "percent": "000.00",
            "optativeOne": " ",
            "sent": " ",
            "action": "A",
            "binCode": "",
            "messagePsg": ""
        },
        {
            "lineNumber": "12",
            "folio": "  50769450",
            "itemCategory": " 1",
            "type": "03",
            "startDate": "20250529",
            "endDate": "20250701",
            "itemSku": "   7501018310530",
            "category": "",
            "providerType": "0",
            "requiredQuantity": "001.000",
            "discount": "00002.040",
            "discountType": "F",
            "optative": " ",
            "description": "052RYC$2.00                             ",
            "itemSubcategory": "",
            "itemSegment": "",
            "itemSubsegment": "",
            "durationCode": "1000023591111111",
            "grouper": "000.000",
            "percent": "000.00",
            "optativeOne": " ",
            "sent": " ",
            "action": "A",
            "binCode": "",
            "messagePsg": ""
        },
        {
            "lineNumber": "13",
            "folio": "  50769455",
            "itemCategory": " 1",
            "type": "03",
            "startDate": "20250529",
            "endDate": "20250701",
            "itemSku": "   7506475113144",
            "category": "",
            "providerType": "0",
            "requiredQuantity": "001.000",
            "discount": "00025.040",
            "discountType": "F",
            "optative": " ",
            "description": "052RYC$25.00                            ",
            "itemSubcategory": "",
            "itemSegment": "",
            "itemSubsegment": "",
            "durationCode": "1000023591111111",
            "grouper": "000.000",
            "percent": "000.00",
            "optativeOne": " ",
            "sent": " ",
            "action": "A",
            "binCode": "",
            "messagePsg": ""
        },
        {
            "lineNumber": "14",
            "folio": "  50769455",
            "itemCategory": " 1",
            "type": "03",
            "startDate": "20250529",
            "endDate": "20250701",
            "itemSku": "           60886",
            "category": "",
            "providerType": "0",
            "requiredQuantity": "000.001",
            "discount": "00025.040",
            "discountType": "F",
            "optative": " ",
            "description": "052RYC$25.00                            ",
            "itemSubcategory": "",
            "itemSegment": "",
            "itemSubsegment": "",
            "durationCode": "1000023591111111",
            "grouper": "000.000",
            "percent": "000.00",
            "optativeOne": " ",
            "sent": " ",
            "action": "A",
            "binCode": "",
            "messagePsg": ""
        },
        {
            "lineNumber": "15",
            "folio": "  50769455",
            "itemCategory": " 1",
            "type": "03",
            "startDate": "20250529",
            "endDate": "20250701",
            "itemSku": "    013117029000",
            "category": "",
            "providerType": "0",
            "requiredQuantity": "001.000",
            "discount": "00025.040",
            "discountType": "F",
            "optative": " ",
            "description": "052RYC$25.00                            ",
            "itemSubcategory": "",
            "itemSegment": "",
            "itemSubsegment": "",
            "durationCode": "1000023591111111",
            "grouper": "000.000",
            "percent": "000.00",
            "optativeOne": " ",
            "sent": " ",
            "action": "A",
            "binCode": "",
            "messagePsg": ""
        },
        {
            "lineNumber": "16",
            "folio": "  50769455",
            "itemCategory": " 1",
            "type": "03",
            "startDate": "20250529",
            "endDate": "20250701",
            "itemSku": "        50196838",
            "category": "",
            "providerType": "0",
            "requiredQuantity": "001.000",
            "discount": "00025.040",
            "discountType": "F",
            "optative": " ",
            "description": "052RYC$25.00                            ",
            "itemSubcategory": "",
            "itemSegment": "",
            "itemSubsegment": "",
            "durationCode": "1000023591111111",
            "grouper": "000.000",
            "percent": "000.00",
            "optativeOne": " ",
            "sent": " ",
            "action": "A",
            "binCode": "",
            "messagePsg": ""
        },
        {
            "lineNumber": "17",
            "folio": "  50769463",
            "itemCategory": " 1",
            "type": "02",
            "startDate": "20250529",
            "endDate": "20250701",
            "itemSku": "   7502294222579",
            "category": "",
            "providerType": "0",
            "requiredQuantity": "002.000",
            "discount": "00030.000",
            "discountType": "F",
            "optative": "1",
            "description": "PB LAVATRASTES BONAMARK                 ",
            "itemSubcategory": "",
            "itemSegment": "",
            "itemSubsegment": "",
            "durationCode": "1000023591111111",
            "grouper": "001.000",
            "percent": "000.00",
            "optativeOne": " ",
            "sent": " ",
            "action": "A",
            "binCode": "",
            "messagePsg": ""
        }
    ]
}