{
    "organizationCountry": "MX",
    "organizationName": "FEMSA Comercio",
    "businessName": "OXXO",
    "departmentId": "12NEO",
    "storeId": "52RSW",
    "numberOfRecords": "21",
    "searchId": "000000000000000000000000",
    "searchDate": "2025-05-27 22:58:27",
    "promotions": [
        {
            "lineNumber": "1",
            "folio": "  50664156",
            "itemCategory": " 1",
            "type": "02",
            "startDate": "20250528",
            "endDate": "20250701",
            "itemSku": "   7501031303885",
            "category": "",
            "providerType": "0",
            "requiredQuantity": "002.000",
            "discount": "00030.000",
            "discountType": "F",
            "optative": "1",
            "description": "PB BELIGTH                              ",
            "itemSubcategory": "",
            "itemSegment": "",
            "itemSubsegment": "",
            "durationCode": "1000023591111111",
            "grouper": "001.000",
            "percent": "000.00",
            "optativeOne": " ",
            "sent": " ",
            "action": "A",
            "binCode": "",
            "messagePsg": ""
        },
        {
            "lineNumber": "2",
            "folio": "  50664156",
            "itemCategory": " 1",
            "type": "02",
            "startDate": "20250528",
            "endDate": "20250701",
            "itemSku": "   7501031303878",
            "category": "",
            "providerType": "0",
            "requiredQuantity": "002.000",
            "discount": "00030.000",
            "discountType": "F",
            "optative": "1",
            "description": "PB BELIGTH                              ",
            "itemSubcategory": "",
            "itemSegment": "",
            "itemSubsegment": "",
            "durationCode": "1000023591111111",
            "grouper": "001.000",
            "percent": "000.00",
            "optativeOne": " ",
            "sent": " ",
            "action": "A",
            "binCode": "",
            "messagePsg": ""
        },
        {
            "lineNumber": "3",
            "folio": "  50768479",
            "itemCategory": " 1",
            "type": "02",
            "startDate": "20250528",
            "endDate": "20250701",
            "itemSku": "   7502294224887",
            "category": "",
            "providerType": "0",
            "requiredQuantity": "002.000",
            "discount": "00045.000",
            "discountType": "F",
            "optative": "1",
            "description": "PB DETERGENTE BONAMARK                  ",
            "itemSubcategory": "",
            "itemSegment": "",
            "itemSubsegment": "",
            "durationCode": "1000023591111111",
            "grouper": "001.000",
            "percent": "000.00",
            "optativeOne": " ",
            "sent": " ",
            "action": "A",
            "binCode": "",
            "messagePsg": ""
        },
        {
            "lineNumber": "4",
            "folio": "  50768480",
            "itemCategory": " 1",
            "type": "02",
            "startDate": "20250528",
            "endDate": "20250701",
            "itemSku": "   7502271156798",
            "category": "",
            "providerType": "0",
            "requiredQuantity": "002.000",
            "discount": "00035.000",
            "discountType": "F",
            "optative": "1",
            "description": "PB DETERGENTE BONAMARK                  ",
            "itemSubcategory": "",
            "itemSegment": "",
            "itemSubsegment": "",
            "durationCode": "1000023591111111",
            "grouper": "001.000",
            "percent": "000.00",
            "optativeOne": " ",
            "sent": " ",
            "action": "A",
            "binCode": "",
            "messagePsg": ""
        },
        {
            "lineNumber": "5",
            "folio": "  50768480",
            "itemCategory": " 1",
            "type": "02",
            "startDate": "20250528",
            "endDate": "20250701",
            "itemSku": "   7502294225921",
            "category": "",
            "providerType": "0",
            "requiredQuantity": "002.000",
            "discount": "00035.000",
            "discountType": "F",
            "optative": "1",
            "description": "PB DETERGENTE BONAMARK                  ",
            "itemSubcategory": "",
            "itemSegment": "",
            "itemSubsegment": "",
            "durationCode": "1000023591111111",
            "grouper": "001.000",
            "percent": "000.00",
            "optativeOne": " ",
            "sent": " ",
            "action": "A",
            "binCode": "",
            "messagePsg": ""
        },
        {
            "lineNumber": "6",
            "folio": "  50768480",
            "itemCategory": " 1",
            "type": "02",
            "startDate": "20250528",
            "endDate": "20250701",
            "itemSku": "   7502271156811",
            "category": "",
            "providerType": "0",
            "requiredQuantity": "002.000",
            "discount": "00035.000",
            "discountType": "F",
            "optative": "1",
            "description": "PB DETERGENTE BONAMARK                  ",
            "itemSubcategory": "",
            "itemSegment": "",
            "itemSubsegment": "",
            "durationCode": "1000023591111111",
            "grouper": "001.000",
            "percent": "000.00",
            "optativeOne": " ",
            "sent": " ",
            "action": "A",
            "binCode": "",
            "messagePsg": ""
        },
        {
            "lineNumber": "7",
            "folio": "  50768480",
            "itemCategory": " 1",
            "type": "02",
            "startDate": "20250528",
            "endDate": "20250701",
            "itemSku": "   7502294222609",
            "category": "",
            "providerType": "0",
            "requiredQuantity": "002.000",
            "discount": "00035.000",
            "discountType": "F",
            "optative": "1",
            "description": "PB DETERGENTE BONAMARK                  ",
            "itemSubcategory": "",
            "itemSegment": "",
            "itemSubsegment": "",
            "durationCode": "1000023591111111",
            "grouper": "001.000",
            "percent": "000.00",
            "optativeOne": " ",
            "sent": " ",
            "action": "A",
            "binCode": "",
            "messagePsg": ""
        },
        {
            "lineNumber": "8",
            "folio": "  50768480",
            "itemCategory": " 1",
            "type": "02",
            "startDate": "20250528",
            "endDate": "20250701",
            "itemSku": "   7502294225938",
            "category": "",
            "providerType": "0",
            "requiredQuantity": "002.000",
            "discount": "00035.000",
            "discountType": "F",
            "optative": "1",
            "description": "PB DETERGENTE BONAMARK                  ",
            "itemSubcategory": "",
            "itemSegment": "",
            "itemSubsegment": "",
            "durationCode": "1000023591111111",
            "grouper": "001.000",
            "percent": "000.00",
            "optativeOne": " ",
            "sent": " ",
            "action": "A",
            "binCode": "",
            "messagePsg": ""
        },
        {
            "lineNumber": "9",
            "folio": "  50768480",
            "itemCategory": " 1",
            "type": "02",
            "startDate": "20250528",
            "endDate": "20250701",
            "itemSku": "   7502294222579",
            "category": "",
            "providerType": "0",
            "requiredQuantity": "002.000",
            "discount": "00035.000",
            "discountType": "F",
            "optative": "1",
            "description": "PB DETERGENTE BONAMARK                  ",
            "itemSubcategory": "",
            "itemSegment": "",
            "itemSubsegment": "",
            "durationCode": "1000023591111111",
            "grouper": "001.000",
            "percent": "000.00",
            "optativeOne": " ",
            "sent": " ",
            "action": "A",
            "binCode": "",
            "messagePsg": ""
        },
        {
            "lineNumber": "10",
            "folio": "  50768480",
            "itemCategory": " 1",
            "type": "02",
            "startDate": "20250528",
            "endDate": "20250701",
            "itemSku": "   7502294222593",
            "category": "",
            "providerType": "0",
            "requiredQuantity": "002.000",
            "discount": "00035.000",
            "discountType": "F",
            "optative": "1",
            "description": "PB DETERGENTE BONAMARK                  ",
            "itemSubcategory": "",
            "itemSegment": "",
            "itemSubsegment": "",
            "durationCode": "1000023591111111",
            "grouper": "001.000",
            "percent": "000.00",
            "optativeOne": " ",
            "sent": " ",
            "action": "A",
            "binCode": "",
            "messagePsg": ""
        },
        {
            "lineNumber": "11",
            "folio": "  50768482",
            "itemCategory": " 1",
            "type": "02",
            "startDate": "20250528",
            "endDate": "20250701",
            "itemSku": "   7502271157818",
            "category": "",
            "providerType": "0",
            "requiredQuantity": "003.000",
            "discount": "00045.000",
            "discountType": "F",
            "optative": "1",
            "description": "PB  LECHE BONAMARK                      ",
            "itemSubcategory": "",
            "itemSegment": "",
            "itemSubsegment": "",
            "durationCode": "1000023591111111",
            "grouper": "001.000",
            "percent": "000.00",
            "optativeOne": " ",
            "sent": " ",
            "action": "A",
            "binCode": "",
            "messagePsg": ""
        },
        {
            "lineNumber": "12",
            "folio": "  50768482",
            "itemCategory": " 1",
            "type": "02",
            "startDate": "20250528",
            "endDate": "20250701",
            "itemSku": "   7502294222555",
            "category": "",
            "providerType": "0",
            "requiredQuantity": "003.000",
            "discount": "00045.000",
            "discountType": "F",
            "optative": "1",
            "description": "PB  LECHE BONAMARK                      ",
            "itemSubcategory": "",
            "itemSegment": "",
            "itemSubsegment": "",
            "durationCode": "1000023591111111",
            "grouper": "001.000",
            "percent": "000.00",
            "optativeOne": " ",
            "sent": " ",
            "action": "A",
            "binCode": "",
            "messagePsg": ""
        },
        {
            "lineNumber": "13",
            "folio": "  50768483",
            "itemCategory": " 1",
            "type": "02",
            "startDate": "20250528",
            "endDate": "20250701",
            "itemSku": "   7502294223965",
            "category": "",
            "providerType": "0",
            "requiredQuantity": "002.000",
            "discount": "00140.000",
            "discountType": "F",
            "optative": "1",
            "description": "PB  TIKYTIN                             ",
            "itemSubcategory": "",
            "itemSegment": "",
            "itemSubsegment": "",
            "durationCode": "1000023591111111",
            "grouper": "001.000",
            "percent": "000.00",
            "optativeOne": " ",
            "sent": " ",
            "action": "A",
            "binCode": "",
            "messagePsg": ""
        },
        {
            "lineNumber": "14",
            "folio": "  50768483",
            "itemCategory": " 1",
            "type": "02",
            "startDate": "20250528",
            "endDate": "20250701",
            "itemSku": "   7502294223941",
            "category": "",
            "providerType": "0",
            "requiredQuantity": "002.000",
            "discount": "00140.000",
            "discountType": "F",
            "optative": "1",
            "description": "PB  TIKYTIN                             ",
            "itemSubcategory": "",
            "itemSegment": "",
            "itemSubsegment": "",
            "durationCode": "1000023591111111",
            "grouper": "001.000",
            "percent": "000.00",
            "optativeOne": " ",
            "sent": " ",
            "action": "A",
            "binCode": "",
            "messagePsg": ""
        },
        {
            "lineNumber": "15",
            "folio": "  50768483",
            "itemCategory": " 1",
            "type": "02",
            "startDate": "20250528",
            "endDate": "20250701",
            "itemSku": "   7502294223958",
            "category": "",
            "providerType": "0",
            "requiredQuantity": "002.000",
            "discount": "00140.000",
            "discountType": "F",
            "optative": "1",
            "description": "PB  TIKYTIN                             ",
            "itemSubcategory": "",
            "itemSegment": "",
            "itemSubsegment": "",
            "durationCode": "1000023591111111",
            "grouper": "001.000",
            "percent": "000.00",
            "optativeOne": " ",
            "sent": " ",
            "action": "A",
            "binCode": "",
            "messagePsg": ""
        },
        {
            "lineNumber": "16",
            "folio": "  50768495",
            "itemCategory": " 1",
            "type": "02",
            "startDate": "20250528",
            "endDate": "20250701",
            "itemSku": "   7501055310883",
            "category": "",
            "providerType": "0",
            "requiredQuantity": "003.000",
            "discount": "00025.000",
            "discountType": "F",
            "optative": "1",
            "description": "PB  CIEL 1 LT                           ",
            "itemSubcategory": "",
            "itemSegment": "",
            "itemSubsegment": "",
            "durationCode": "1000023591111111",
            "grouper": "001.000",
            "percent": "000.00",
            "optativeOne": " ",
            "sent": " ",
            "action": "A",
            "binCode": "",
            "messagePsg": ""
        },
        {
            "lineNumber": "17",
            "folio": "  50768837",
            "itemCategory": " 1",
            "type": "02",
            "startDate": "20250528",
            "endDate": "20250701",
            "itemSku": "   7503019886984",
            "category": "",
            "providerType": "0",
            "requiredQuantity": "003.000",
            "discount": "00036.000",
            "discountType": "F",
            "optative": "1",
            "description": "PB  LECTEO                              ",
            "itemSubcategory": "",
            "itemSegment": "",
            "itemSubsegment": "",
            "durationCode": "1000023591111111",
            "grouper": "001.000",
            "percent": "000.00",
            "optativeOne": " ",
            "sent": " ",
            "action": "A",
            "binCode": "",
            "messagePsg": ""
        },
        {
            "lineNumber": "18",
            "folio": "  50768854",
            "itemCategory": " 1",
            "type": "02",
            "startDate": "20250528",
            "endDate": "20250701",
            "itemSku": "   7501055332175",
            "category": "",
            "providerType": "0",
            "requiredQuantity": "003.000",
            "discount": "00030.000",
            "discountType": "F",
            "optative": "1",
            "description": "PB  CHUBBY                              ",
            "itemSubcategory": "",
            "itemSegment": "",
            "itemSubsegment": "",
            "durationCode": "1000023591111111",
            "grouper": "001.000",
            "percent": "000.00",
            "optativeOne": " ",
            "sent": " ",
            "action": "A",
            "binCode": "",
            "messagePsg": ""
        },
        {
            "lineNumber": "19",
            "folio": "  50768863",
            "itemCategory": " 1",
            "type": "02",
            "startDate": "20250528",
            "endDate": "20250701",
            "itemSku": "   7501072217547",
            "category": "",
            "providerType": "0",
            "requiredQuantity": "002.000",
            "discount": "00055.000",
            "discountType": "F",
            "optative": "1",
            "description": "PB DOG CHOW                             ",
            "itemSubcategory": "",
            "itemSegment": "",
            "itemSubsegment": "",
            "durationCode": "1000023591111111",
            "grouper": "001.000",
            "percent": "000.00",
            "optativeOne": " ",
            "sent": " ",
            "action": "A",
            "binCode": "",
            "messagePsg": ""
        },
        {
            "lineNumber": "20",
            "folio": "  50768863",
            "itemCategory": " 1",
            "type": "02",
            "startDate": "20250528",
            "endDate": "20250701",
            "itemSku": "   7501072217554",
            "category": "",
            "providerType": "0",
            "requiredQuantity": "002.000",
            "discount": "00055.000",
            "discountType": "F",
            "optative": "1",
            "description": "PB DOG CHOW                             ",
            "itemSubcategory": "",
            "itemSegment": "",
            "itemSubsegment": "",
            "durationCode": "1000023591111111",
            "grouper": "001.000",
            "percent": "000.00",
            "optativeOne": " ",
            "sent": " ",
            "action": "A",
            "binCode": "",
            "messagePsg": ""
        },
        {
            "lineNumber": "21",
            "folio": "  50768867",
            "itemCategory": " 1",
            "type": "02",
            "startDate": "20250528",
            "endDate": "20250701",
            "itemSku": "   7501072204226",
            "category": "",
            "providerType": "0",
            "requiredQuantity": "002.000",
            "discount": "00069.000",
            "discountType": "F",
            "optative": "1",
            "description": "PB  CAMPEON                             ",
            "itemSubcategory": "",
            "itemSegment": "",
            "itemSubsegment": "",
            "durationCode": "1000023591111111",
            "grouper": "001.000",
            "percent": "000.00",
            "optativeOne": " ",
            "sent": " ",
            "action": "A",
            "binCode": "",
            "messagePsg": ""
        }
    ]
}