{
    "organizationCountry": "MX",
    "organizationName": "FEMSA Comercio",
    "businessName": "OXXO",
    "departmentId": "12NEO",
    "storeId": "52RSW",
    "numberOfRecords": "24",
    "searchId": "000000000000000000000000",
    "searchDate": "2025-06-05 01:21:26",
    "promotions": [
        {
            "lineNumber": "1",
            "folio": "  50774660",
            "itemCategory": " 1",
            "type": "03",
            "startDate": "20250605",
            "endDate": "20250701",
            "itemSku": "   7501055304745",
            "category": "",
            "providerType": "0",
            "requiredQuantity": "001.000",
            "discount": "00044.000",
            "discountType": "F",
            "optative": " ",
            "description": "PB COCA COLA 3L                         ",
            "itemSubcategory": "",
            "itemSegment": "",
            "itemSubsegment": "",
            "durationCode": "1000023591111111",
            "grouper": "000.000",
            "percent": "000.00",
            "optativeOne": " ",
            "sent": " ",
            "action": "A",
            "binCode": "",
            "messagePsg": ""
        },
        {
            "lineNumber": "2",
            "folio": "  50775480",
            "itemCategory": " 1",
            "type": "03",
            "startDate": "20250605",
            "endDate": "20250701",
            "itemSku": "    070662242025",
            "category": "",
            "providerType": "0",
            "requiredQuantity": "001.000",
            "discount": "00003.040",
            "discountType": "F",
            "optative": " ",
            "description": "RYC $ 3.04                              ",
            "itemSubcategory": "",
            "itemSegment": "",
            "itemSubsegment": "",
            "durationCode": "1000023591111111",
            "grouper": "000.000",
            "percent": "000.00",
            "optativeOne": " ",
            "sent": " ",
            "action": "A",
            "binCode": "",
            "messagePsg": ""
        },
        {
            "lineNumber": "3",
            "folio": "  50775481",
            "itemCategory": " 1",
            "type": "03",
            "startDate": "20250605",
            "endDate": "20250701",
            "itemSku": "   7506306416673",
            "category": "",
            "providerType": "0",
            "requiredQuantity": "001.000",
            "discount": "00005.040",
            "discountType": "F",
            "optative": " ",
            "description": "RYC $ 5.04                              ",
            "itemSubcategory": "",
            "itemSegment": "",
            "itemSubsegment": "",
            "durationCode": "1000023591111111",
            "grouper": "000.000",
            "percent": "000.00",
            "optativeOne": " ",
            "sent": " ",
            "action": "A",
            "binCode": "",
            "messagePsg": ""
        },
        {
            "lineNumber": "4",
            "folio": "  50775482",
            "itemCategory": " 1",
            "type": "03",
            "startDate": "20250605",
            "endDate": "20250701",
            "itemSku": "    012800525416",
            "category": "",
            "providerType": "0",
            "requiredQuantity": "001.000",
            "discount": "00007.040",
            "discountType": "F",
            "optative": " ",
            "description": "RYC $ 7.04                              ",
            "itemSubcategory": "",
            "itemSegment": "",
            "itemSubsegment": "",
            "durationCode": "1000023591111111",
            "grouper": "000.000",
            "percent": "000.00",
            "optativeOne": " ",
            "sent": " ",
            "action": "A",
            "binCode": "",
            "messagePsg": ""
        },
        {
            "lineNumber": "5",
            "folio": "  50775483",
            "itemCategory": " 1",
            "type": "03",
            "startDate": "20250605",
            "endDate": "20250701",
            "itemSku": "   7506306417359",
            "category": "",
            "providerType": "0",
            "requiredQuantity": "001.000",
            "discount": "00007.040",
            "discountType": "F",
            "optative": " ",
            "description": "RYC $ 7.04                              ",
            "itemSubcategory": "",
            "itemSegment": "",
            "itemSubsegment": "",
            "durationCode": "1000023591111111",
            "grouper": "000.000",
            "percent": "000.00",
            "optativeOne": " ",
            "sent": " ",
            "action": "A",
            "binCode": "",
            "messagePsg": ""
        },
        {
            "lineNumber": "6",
            "folio": "  50775484",
            "itemCategory": " 1",
            "type": "03",
            "startDate": "20250605",
            "endDate": "20250701",
            "itemSku": "    012800525348",
            "category": "",
            "providerType": "0",
            "requiredQuantity": "001.000",
            "discount": "00007.040",
            "discountType": "F",
            "optative": " ",
            "description": "RYC $ 7.04                              ",
            "itemSubcategory": "",
            "itemSegment": "",
            "itemSubsegment": "",
            "durationCode": "1000023591111111",
            "grouper": "000.000",
            "percent": "000.00",
            "optativeOne": " ",
            "sent": " ",
            "action": "A",
            "binCode": "",
            "messagePsg": ""
        },
        {
            "lineNumber": "7",
            "folio": "  50775485",
            "itemCategory": " 1",
            "type": "03",
            "startDate": "20250605",
            "endDate": "20250701",
            "itemSku": "    012388000978",
            "category": "",
            "providerType": "0",
            "requiredQuantity": "001.000",
            "discount": "00007.040",
            "discountType": "F",
            "optative": " ",
            "description": "RYC $ 7.04                              ",
            "itemSubcategory": "",
            "itemSegment": "",
            "itemSubsegment": "",
            "durationCode": "1000023591111111",
            "grouper": "000.000",
            "percent": "000.00",
            "optativeOne": " ",
            "sent": " ",
            "action": "A",
            "binCode": "",
            "messagePsg": ""
        },
        {
            "lineNumber": "8",
            "folio": "  50775486",
            "itemCategory": " 1",
            "type": "03",
            "startDate": "20250605",
            "endDate": "20250701",
            "itemSku": "   7501079702848",
            "category": "",
            "providerType": "0",
            "requiredQuantity": "001.000",
            "discount": "00010.040",
            "discountType": "F",
            "optative": " ",
            "description": "RYC $ 10.04                             ",
            "itemSubcategory": "",
            "itemSegment": "",
            "itemSubsegment": "",
            "durationCode": "1000023591111111",
            "grouper": "000.000",
            "percent": "000.00",
            "optativeOne": " ",
            "sent": " ",
            "action": "A",
            "binCode": "",
            "messagePsg": ""
        },
        {
            "lineNumber": "9",
            "folio": "  50775487",
            "itemCategory": " 1",
            "type": "03",
            "startDate": "20250605",
            "endDate": "20250701",
            "itemSku": "   7506306414525",
            "category": "",
            "providerType": "0",
            "requiredQuantity": "001.000",
            "discount": "00010.040",
            "discountType": "F",
            "optative": " ",
            "description": "RYC $ 10.04                             ",
            "itemSubcategory": "",
            "itemSegment": "",
            "itemSubsegment": "",
            "durationCode": "1000023591111111",
            "grouper": "000.000",
            "percent": "000.00",
            "optativeOne": " ",
            "sent": " ",
            "action": "A",
            "binCode": "",
            "messagePsg": ""
        },
        {
            "lineNumber": "10",
            "folio": "  50775488",
            "itemCategory": " 1",
            "type": "03",
            "startDate": "20250605",
            "endDate": "20250701",
            "itemSku": "   7501011167650",
            "category": "",
            "providerType": "0",
            "requiredQuantity": "001.000",
            "discount": "00010.040",
            "discountType": "F",
            "optative": " ",
            "description": "RYC $ 10.04                             ",
            "itemSubcategory": "",
            "itemSegment": "",
            "itemSubsegment": "",
            "durationCode": "1000023591111111",
            "grouper": "000.000",
            "percent": "000.00",
            "optativeOne": " ",
            "sent": " ",
            "action": "A",
            "binCode": "",
            "messagePsg": ""
        },
        {
            "lineNumber": "11",
            "folio": "  50775489",
            "itemCategory": " 1",
            "type": "03",
            "startDate": "20250605",
            "endDate": "20250701",
            "itemSku": "   7501036100014",
            "category": "",
            "providerType": "0",
            "requiredQuantity": "001.000",
            "discount": "00010.040",
            "discountType": "F",
            "optative": " ",
            "description": "RYC $ 10.04                             ",
            "itemSubcategory": "",
            "itemSegment": "",
            "itemSubsegment": "",
            "durationCode": "1000023591111111",
            "grouper": "000.000",
            "percent": "000.00",
            "optativeOne": " ",
            "sent": " ",
            "action": "A",
            "binCode": "",
            "messagePsg": ""
        },
        {
            "lineNumber": "12",
            "folio": "  50775490",
            "itemCategory": " 1",
            "type": "03",
            "startDate": "20250605",
            "endDate": "20250701",
            "itemSku": "   7502214985348",
            "category": "",
            "providerType": "0",
            "requiredQuantity": "001.000",
            "discount": "00015.040",
            "discountType": "F",
            "optative": " ",
            "description": "RYC $ 15.04                             ",
            "itemSubcategory": "",
            "itemSegment": "",
            "itemSubsegment": "",
            "durationCode": "1000023591111111",
            "grouper": "000.000",
            "percent": "000.00",
            "optativeOne": " ",
            "sent": " ",
            "action": "A",
            "binCode": "",
            "messagePsg": ""
        },
        {
            "lineNumber": "13",
            "folio": "  50775491",
            "itemCategory": " 1",
            "type": "03",
            "startDate": "20250605",
            "endDate": "20250701",
            "itemSku": "   7501008735299",
            "category": "",
            "providerType": "0",
            "requiredQuantity": "001.000",
            "discount": "00015.040",
            "discountType": "F",
            "optative": " ",
            "description": "RYC $ 15.04                             ",
            "itemSubcategory": "",
            "itemSegment": "",
            "itemSubsegment": "",
            "durationCode": "1000023591111111",
            "grouper": "000.000",
            "percent": "000.00",
            "optativeOne": " ",
            "sent": " ",
            "action": "A",
            "binCode": "",
            "messagePsg": ""
        },
        {
            "lineNumber": "14",
            "folio": "  50775492",
            "itemCategory": " 1",
            "type": "03",
            "startDate": "20250605",
            "endDate": "20250701",
            "itemSku": "   7501954902318",
            "category": "",
            "providerType": "0",
            "requiredQuantity": "001.000",
            "discount": "00015.040",
            "discountType": "F",
            "optative": " ",
            "description": "RYC $ 15.04                             ",
            "itemSubcategory": "",
            "itemSegment": "",
            "itemSubsegment": "",
            "durationCode": "1000023591111111",
            "grouper": "000.000",
            "percent": "000.00",
            "optativeOne": " ",
            "sent": " ",
            "action": "A",
            "binCode": "",
            "messagePsg": ""
        },
        {
            "lineNumber": "15",
            "folio": "  50775493",
            "itemCategory": " 1",
            "type": "03",
            "startDate": "20250605",
            "endDate": "20250701",
            "itemSku": "   7501777001144",
            "category": "",
            "providerType": "0",
            "requiredQuantity": "001.000",
            "discount": "00015.040",
            "discountType": "F",
            "optative": " ",
            "description": "RYC $ 15.04                             ",
            "itemSubcategory": "",
            "itemSegment": "",
            "itemSubsegment": "",
            "durationCode": "1000023591111111",
            "grouper": "000.000",
            "percent": "000.00",
            "optativeOne": " ",
            "sent": " ",
            "action": "A",
            "binCode": "",
            "messagePsg": ""
        },
        {
            "lineNumber": "16",
            "folio": "  50775494",
            "itemCategory": " 1",
            "type": "03",
            "startDate": "20250605",
            "endDate": "20250701",
            "itemSku": "   7506475113144",
            "category": "",
            "providerType": "0",
            "requiredQuantity": "001.000",
            "discount": "00025.040",
            "discountType": "F",
            "optative": " ",
            "description": "RYC $ 25.04                             ",
            "itemSubcategory": "",
            "itemSegment": "",
            "itemSubsegment": "",
            "durationCode": "1000023591111111",
            "grouper": "000.000",
            "percent": "000.00",
            "optativeOne": " ",
            "sent": " ",
            "action": "A",
            "binCode": "",
            "messagePsg": ""
        },
        {
            "lineNumber": "17",
            "folio": "  50775495",
            "itemCategory": " 1",
            "type": "03",
            "startDate": "20250605",
            "endDate": "20250701",
            "itemSku": "    013117029000",
            "category": "",
            "providerType": "0",
            "requiredQuantity": "001.000",
            "discount": "00025.040",
            "discountType": "F",
            "optative": " ",
            "description": "RYC $ 25.04                             ",
            "itemSubcategory": "",
            "itemSegment": "",
            "itemSubsegment": "",
            "durationCode": "1000023591111111",
            "grouper": "000.000",
            "percent": "000.00",
            "optativeOne": " ",
            "sent": " ",
            "action": "A",
            "binCode": "",
            "messagePsg": ""
        },
        {
            "lineNumber": "18",
            "folio": "  50775496",
            "itemCategory": " 1",
            "type": "03",
            "startDate": "20250605",
            "endDate": "20250701",
            "itemSku": "           60886",
            "category": "",
            "providerType": "0",
            "requiredQuantity": "000.001",
            "discount": "00025.040",
            "discountType": "F",
            "optative": " ",
            "description": "RYC $ 25.04                             ",
            "itemSubcategory": "",
            "itemSegment": "",
            "itemSubsegment": "",
            "durationCode": "1000023591111111",
            "grouper": "000.000",
            "percent": "000.00",
            "optativeOne": " ",
            "sent": " ",
            "action": "A",
            "binCode": "",
            "messagePsg": ""
        },
        {
            "lineNumber": "19",
            "folio": "  50775497",
            "itemCategory": " 1",
            "type": "03",
            "startDate": "20250605",
            "endDate": "20250701",
            "itemSku": "   7503047873116",
            "category": "",
            "providerType": "0",
            "requiredQuantity": "001.000",
            "discount": "00035.040",
            "discountType": "F",
            "optative": " ",
            "description": "RYC $ 35.04                             ",
            "itemSubcategory": "",
            "itemSegment": "",
            "itemSubsegment": "",
            "durationCode": "1000023591111111",
            "grouper": "000.000",
            "percent": "000.00",
            "optativeOne": " ",
            "sent": " ",
            "action": "A",
            "binCode": "",
            "messagePsg": ""
        },
        {
            "lineNumber": "20",
            "folio": "  50775498",
            "itemCategory": " 1",
            "type": "03",
            "startDate": "20250605",
            "endDate": "20250701",
            "itemSku": "   7503047873109",
            "category": "",
            "providerType": "0",
            "requiredQuantity": "001.000",
            "discount": "00035.040",
            "discountType": "F",
            "optative": " ",
            "description": "RYC $ 35.04                             ",
            "itemSubcategory": "",
            "itemSegment": "",
            "itemSubsegment": "",
            "durationCode": "1000023591111111",
            "grouper": "000.000",
            "percent": "000.00",
            "optativeOne": " ",
            "sent": " ",
            "action": "A",
            "binCode": "",
            "messagePsg": ""
        },
        {
            "lineNumber": "21",
            "folio": "  50775499",
            "itemCategory": " 1",
            "type": "03",
            "startDate": "20250605",
            "endDate": "20250701",
            "itemSku": "   8000920200025",
            "category": "",
            "providerType": "0",
            "requiredQuantity": "001.000",
            "discount": "00035.040",
            "discountType": "F",
            "optative": " ",
            "description": "RYC $ 35.04                             ",
            "itemSubcategory": "",
            "itemSegment": "",
            "itemSubsegment": "",
            "durationCode": "1000023591111111",
            "grouper": "000.000",
            "percent": "000.00",
            "optativeOne": " ",
            "sent": " ",
            "action": "A",
            "binCode": "",
            "messagePsg": ""
        },
        {
            "lineNumber": "22",
            "folio": "  50776248",
            "itemCategory": " 1",
            "type": "02",
            "startDate": "20250604",
            "endDate": "20250701",
            "itemSku": "   7501055304813",
            "category": "",
            "providerType": "0",
            "requiredQuantity": "002.000",
            "discount": "00075.000",
            "discountType": "F",
            "optative": "1",
            "description": "PB SABORES CC 3L                        ",
            "itemSubcategory": "",
            "itemSegment": "",
            "itemSubsegment": "",
            "durationCode": "1000023591111111",
            "grouper": "001.000",
            "percent": "000.00",
            "optativeOne": " ",
            "sent": " ",
            "action": "A",
            "binCode": "",
            "messagePsg": ""
        },
        {
            "lineNumber": "23",
            "folio": "  50776248",
            "itemCategory": " 1",
            "type": "02",
            "startDate": "20250604",
            "endDate": "20250701",
            "itemSku": "   7501055340422",
            "category": "",
            "providerType": "0",
            "requiredQuantity": "002.000",
            "discount": "00075.000",
            "discountType": "F",
            "optative": "1",
            "description": "PB SABORES CC 3L                        ",
            "itemSubcategory": "",
            "itemSegment": "",
            "itemSubsegment": "",
            "durationCode": "1000023591111111",
            "grouper": "001.000",
            "percent": "000.00",
            "optativeOne": " ",
            "sent": " ",
            "action": "A",
            "binCode": "",
            "messagePsg": ""
        },
        {
            "lineNumber": "24",
            "folio": "  50776248",
            "itemCategory": " 1",
            "type": "02",
            "startDate": "20250604",
            "endDate": "20250701",
            "itemSku": "   7501055304806",
            "category": "",
            "providerType": "0",
            "requiredQuantity": "002.000",
            "discount": "00075.000",
            "discountType": "F",
            "optative": "1",
            "description": "PB SABORES CC 3L                        ",
            "itemSubcategory": "",
            "itemSegment": "",
            "itemSubsegment": "",
            "durationCode": "1000023591111111",
            "grouper": "001.000",
            "percent": "000.00",
            "optativeOne": " ",
            "sent": " ",
            "action": "A",
            "binCode": "",
            "messagePsg": ""
        }
    ]
}