{
    "organizationCountry": "MX",
    "organizationName": "FEMSA Comercio",
    "businessName": "OXXO",
    "departmentId": "12NEO",
    "storeId": "52DUG",
    "numberOfRecords": "4",
    "searchId": "000000000000000000000000",
    "searchDate": "2025-07-02 00:16:07",
    "promotions": [
        {
            "lineNumber": "1",
            "folio": "  50825457",
            "itemCategory": " 1",
            "type": "03",
            "startDate": "20250702",
            "endDate": "20250729",
            "itemSku": "    815154022705",
            "category": "",
            "providerType": "0",
            "requiredQuantity": "001.000",
            "discount": "00032.000",
            "discountType": "F",
            "optative": " ",
            "description": "SIMPLES PROMOBARA B07                   ",
            "itemSubcategory": "",
            "itemSegment": "",
            "itemSubsegment": "",
            "durationCode": "1000023591111111",
            "grouper": "000.000",
            "percent": "000.00",
            "optativeOne": " ",
            "sent": " ",
            "action": "A",
            "binCode": "",
            "messagePsg": ""
        },
        {
            "lineNumber": "2",
            "folio": "  50847810",
            "itemCategory": " 1",
            "type": "03",
            "startDate": "20250702",
            "endDate": "20250729",
            "itemSku": "    815154022705",
            "category": "",
            "providerType": "0",
            "requiredQuantity": "001.000",
            "discount": "00018.000",
            "discountType": "F",
            "optative": " ",
            "description": "PB PREDATOR                             ",
            "itemSubcategory": "",
            "itemSegment": "",
            "itemSubsegment": "",
            "durationCode": "1000023591111111",
            "grouper": "000.000",
            "percent": "000.00",
            "optativeOne": " ",
            "sent": " ",
            "action": "A",
            "binCode": "",
            "messagePsg": ""
        },
        {
            "lineNumber": "3",
            "folio": "  50847917",
            "itemCategory": " 1",
            "type": "03",
            "startDate": "20250702",
            "endDate": "20250729",
            "itemSku": "   7506306249240",
            "category": "",
            "providerType": "0",
            "requiredQuantity": "001.000",
            "discount": "00049.000",
            "discountType": "F",
            "optative": " ",
            "description": "PSP SIMPLES NACIONAL B07                ",
            "itemSubcategory": "",
            "itemSegment": "",
            "itemSubsegment": "",
            "durationCode": "1000023591111111",
            "grouper": "000.000",
            "percent": "000.00",
            "optativeOne": " ",
            "sent": " ",
            "action": "A",
            "binCode": "",
            "messagePsg": ""
        },
        {
            "lineNumber": "4",
            "folio": "  50847917",
            "itemCategory": " 1",
            "type": "03",
            "startDate": "20250702",
            "endDate": "20250729",
            "itemSku": "   7506306249233",
            "category": "",
            "providerType": "0",
            "requiredQuantity": "001.000",
            "discount": "00049.000",
            "discountType": "F",
            "optative": " ",
            "description": "PSP SIMPLES NACIONAL B07                ",
            "itemSubcategory": "",
            "itemSegment": "",
            "itemSubsegment": "",
            "durationCode": "1000023591111111",
            "grouper": "000.000",
            "percent": "000.00",
            "optativeOne": " ",
            "sent": " ",
            "action": "A",
            "binCode": "",
            "messagePsg": ""
        }
    ]
}