{
    "organizationCountry": "MX",
    "organizationName": "FEMSA Comercio",
    "businessName": "OXXO",
    "departmentId": "12NEO",
    "storeId": "52DUG",
    "numberOfRecords": "12",
    "searchId": "000000000000000000000000",
    "searchDate": "2025-07-04 13:51:59",
    "promotions": [
        {
            "lineNumber": "1",
            "folio": "  50848818",
            "itemCategory": " 1",
            "type": "00",
            "startDate": "20250704",
            "endDate": "20250729",
            "itemSku": "   7502294224085",
            "category": "",
            "providerType": "0",
            "requiredQuantity": "001.000",
            "discount": "00012.000",
            "discountType": "F",
            "optative": "1",
            "description": "RE: Detergente + Suavizante Bonamark    ",
            "itemSubcategory": "",
            "itemSegment": "",
            "itemSubsegment": "",
            "durationCode": "1000023591111111",
            "grouper": "002.000",
            "percent": "000.00",
            "optativeOne": " ",
            "sent": " ",
            "action": "A",
            "binCode": "",
            "messagePsg": ""
        },
        {
            "lineNumber": "2",
            "folio": "  50848818",
            "itemCategory": " 1",
            "type": "00",
            "startDate": "20250704",
            "endDate": "20250729",
            "itemSku": "   7502271158662",
            "category": "",
            "providerType": "0",
            "requiredQuantity": "001.000",
            "discount": "00023.000",
            "discountType": "F",
            "optative": "2",
            "description": "RE: Detergente + Suavizante Bonamark    ",
            "itemSubcategory": "",
            "itemSegment": "",
            "itemSubsegment": "",
            "durationCode": "1000023591111111",
            "grouper": "002.000",
            "percent": "000.00",
            "optativeOne": " ",
            "sent": " ",
            "action": "A",
            "binCode": "",
            "messagePsg": ""
        },
        {
            "lineNumber": "3",
            "folio": "  50849125",
            "itemCategory": " 1",
            "type": "00",
            "startDate": "20250704",
            "endDate": "20250729",
            "itemSku": "        75002275",
            "category": "",
            "providerType": "0",
            "requiredQuantity": "001.000",
            "discount": "00018.000",
            "discountType": "F",
            "optative": "1",
            "description": "PB COCA 600 +PIN O CH                   ",
            "itemSubcategory": "",
            "itemSegment": "",
            "itemSubsegment": "",
            "durationCode": "1000023591111111",
            "grouper": "002.000",
            "percent": "000.00",
            "optativeOne": " ",
            "sent": " ",
            "action": "A",
            "binCode": "",
            "messagePsg": ""
        },
        {
            "lineNumber": "4",
            "folio": "  50849125",
            "itemCategory": " 1",
            "type": "00",
            "startDate": "20250704",
            "endDate": "20250729",
            "itemSku": "   7501000153800",
            "category": "",
            "providerType": "0",
            "requiredQuantity": "001.000",
            "discount": "00018.000",
            "discountType": "F",
            "optative": "1",
            "description": "PB COCA 600 +PIN O CH                   ",
            "itemSubcategory": "",
            "itemSegment": "",
            "itemSubsegment": "",
            "durationCode": "1000023591111111",
            "grouper": "002.000",
            "percent": "000.00",
            "optativeOne": " ",
            "sent": " ",
            "action": "A",
            "binCode": "",
            "messagePsg": ""
        },
        {
            "lineNumber": "5",
            "folio": "  50849125",
            "itemCategory": " 1",
            "type": "00",
            "startDate": "20250704",
            "endDate": "20250729",
            "itemSku": "        75007614",
            "category": "",
            "providerType": "0",
            "requiredQuantity": "001.000",
            "discount": "00020.000",
            "discountType": "F",
            "optative": "2",
            "description": "PB COCA 600 +PIN O CH                   ",
            "itemSubcategory": "",
            "itemSegment": "",
            "itemSubsegment": "",
            "durationCode": "1000023591111111",
            "grouper": "002.000",
            "percent": "000.00",
            "optativeOne": " ",
            "sent": " ",
            "action": "A",
            "binCode": "",
            "messagePsg": ""
        },
        {
            "lineNumber": "6",
            "folio": "  50849199",
            "itemCategory": " 1",
            "type": "00",
            "startDate": "20250705",
            "endDate": "20250729",
            "itemSku": "   7502294224085",
            "category": "",
            "providerType": "0",
            "requiredQuantity": "001.000",
            "discount": "00012.000",
            "discountType": "F",
            "optative": "1",
            "description": "Deterg + Suavi Bonamark                 ",
            "itemSubcategory": "",
            "itemSegment": "",
            "itemSubsegment": "",
            "durationCode": "1000023591111111",
            "grouper": "002.000",
            "percent": "000.00",
            "optativeOne": " ",
            "sent": " ",
            "action": "A",
            "binCode": "",
            "messagePsg": ""
        },
        {
            "lineNumber": "7",
            "folio": "  50849199",
            "itemCategory": " 1",
            "type": "00",
            "startDate": "20250705",
            "endDate": "20250729",
            "itemSku": "   7502271158662",
            "category": "",
            "providerType": "0",
            "requiredQuantity": "001.000",
            "discount": "00023.000",
            "discountType": "F",
            "optative": "2",
            "description": "Deterg + Suavi Bonamark                 ",
            "itemSubcategory": "",
            "itemSegment": "",
            "itemSubsegment": "",
            "durationCode": "1000023591111111",
            "grouper": "002.000",
            "percent": "000.00",
            "optativeOne": " ",
            "sent": " ",
            "action": "A",
            "binCode": "",
            "messagePsg": ""
        },
        {
            "lineNumber": "8",
            "folio": "  50850091",
            "itemCategory": " 1",
            "type": "02",
            "startDate": "20250704",
            "endDate": "20250729",
            "itemSku": "   7501072210289",
            "category": "",
            "providerType": "0",
            "requiredQuantity": "003.000",
            "discount": "00027.000",
            "discountType": "F",
            "optative": "1",
            "description": "PB Variedad purina                      ",
            "itemSubcategory": "",
            "itemSegment": "",
            "itemSubsegment": "",
            "durationCode": "1000023591111111",
            "grouper": "001.000",
            "percent": "000.00",
            "optativeOne": " ",
            "sent": " ",
            "action": "A",
            "binCode": "",
            "messagePsg": ""
        },
        {
            "lineNumber": "9",
            "folio": "  50850091",
            "itemCategory": " 1",
            "type": "02",
            "startDate": "20250704",
            "endDate": "20250729",
            "itemSku": "   7501072210265",
            "category": "",
            "providerType": "0",
            "requiredQuantity": "003.000",
            "discount": "00027.000",
            "discountType": "F",
            "optative": "1",
            "description": "PB Variedad purina                      ",
            "itemSubcategory": "",
            "itemSegment": "",
            "itemSubsegment": "",
            "durationCode": "1000023591111111",
            "grouper": "001.000",
            "percent": "000.00",
            "optativeOne": " ",
            "sent": " ",
            "action": "A",
            "binCode": "",
            "messagePsg": ""
        },
        {
            "lineNumber": "10",
            "folio": "  50850091",
            "itemCategory": " 1",
            "type": "02",
            "startDate": "20250704",
            "endDate": "20250729",
            "itemSku": "   7501072209832",
            "category": "",
            "providerType": "0",
            "requiredQuantity": "003.000",
            "discount": "00027.000",
            "discountType": "F",
            "optative": "1",
            "description": "PB Variedad purina                      ",
            "itemSubcategory": "",
            "itemSegment": "",
            "itemSubsegment": "",
            "durationCode": "1000023591111111",
            "grouper": "001.000",
            "percent": "000.00",
            "optativeOne": " ",
            "sent": " ",
            "action": "A",
            "binCode": "",
            "messagePsg": ""
        },
        {
            "lineNumber": "11",
            "folio": "  50850091",
            "itemCategory": " 1",
            "type": "02",
            "startDate": "20250704",
            "endDate": "20250729",
            "itemSku": "   7501072213785",
            "category": "",
            "providerType": "0",
            "requiredQuantity": "003.000",
            "discount": "00027.000",
            "discountType": "F",
            "optative": "1",
            "description": "PB Variedad purina                      ",
            "itemSubcategory": "",
            "itemSegment": "",
            "itemSubsegment": "",
            "durationCode": "1000023591111111",
            "grouper": "001.000",
            "percent": "000.00",
            "optativeOne": " ",
            "sent": " ",
            "action": "A",
            "binCode": "",
            "messagePsg": ""
        },
        {
            "lineNumber": "12",
            "folio": "  50850091",
            "itemCategory": " 1",
            "type": "02",
            "startDate": "20250704",
            "endDate": "20250729",
            "itemSku": "   7501072209801",
            "category": "",
            "providerType": "0",
            "requiredQuantity": "003.000",
            "discount": "00027.000",
            "discountType": "F",
            "optative": "1",
            "description": "PB Variedad purina                      ",
            "itemSubcategory": "",
            "itemSegment": "",
            "itemSubsegment": "",
            "durationCode": "1000023591111111",
            "grouper": "001.000",
            "percent": "000.00",
            "optativeOne": " ",
            "sent": " ",
            "action": "A",
            "binCode": "",
            "messagePsg": ""
        }
    ]
}