{
    "organizationCountry": "MX",
    "organizationName": "FEMSA Comercio",
    "businessName": "OXXO",
    "departmentId": "12NEO",
    "storeId": "52DUG",
    "numberOfRecords": "6",
    "searchId": "000000000000000000000000",
    "searchDate": "2025-06-19 21:54:41",
    "promotions": [
        {
            "lineNumber": "1",
            "folio": "  50825241",
            "itemCategory": " 1",
            "type": "00",
            "startDate": "20250620",
            "endDate": "20250701",
            "itemSku": "   7501011155008",
            "category": "",
            "providerType": "0",
            "requiredQuantity": "001.000",
            "discount": "00010.000",
            "discountType": "F",
            "optative": "1",
            "description": "PB CERVEZA + BOTANA                     ",
            "itemSubcategory": "",
            "itemSegment": "",
            "itemSubsegment": "",
            "durationCode": "1000023591111111",
            "grouper": "002.000",
            "percent": "000.00",
            "optativeOne": " ",
            "sent": " ",
            "action": "A",
            "binCode": "",
            "messagePsg": ""
        },
        {
            "lineNumber": "2",
            "folio": "  50825241",
            "itemCategory": " 1",
            "type": "00",
            "startDate": "20250620",
            "endDate": "20250701",
            "itemSku": "   7501011133884",
            "category": "",
            "providerType": "0",
            "requiredQuantity": "001.000",
            "discount": "00010.000",
            "discountType": "F",
            "optative": "1",
            "description": "PB CERVEZA + BOTANA                     ",
            "itemSubcategory": "",
            "itemSegment": "",
            "itemSubsegment": "",
            "durationCode": "1000023591111111",
            "grouper": "002.000",
            "percent": "000.00",
            "optativeOne": " ",
            "sent": " ",
            "action": "A",
            "binCode": "",
            "messagePsg": ""
        },
        {
            "lineNumber": "3",
            "folio": "  50825241",
            "itemCategory": " 1",
            "type": "00",
            "startDate": "20250620",
            "endDate": "20250701",
            "itemSku": "   7501011154902",
            "category": "",
            "providerType": "0",
            "requiredQuantity": "001.000",
            "discount": "00010.000",
            "discountType": "F",
            "optative": "1",
            "description": "PB CERVEZA + BOTANA                     ",
            "itemSubcategory": "",
            "itemSegment": "",
            "itemSubsegment": "",
            "durationCode": "1000023591111111",
            "grouper": "002.000",
            "percent": "000.00",
            "optativeOne": " ",
            "sent": " ",
            "action": "A",
            "binCode": "",
            "messagePsg": ""
        },
        {
            "lineNumber": "4",
            "folio": "  50825241",
            "itemCategory": " 1",
            "type": "00",
            "startDate": "20250620",
            "endDate": "20250701",
            "itemSku": "   7501011155022",
            "category": "",
            "providerType": "0",
            "requiredQuantity": "001.000",
            "discount": "00010.000",
            "discountType": "F",
            "optative": "1",
            "description": "PB CERVEZA + BOTANA                     ",
            "itemSubcategory": "",
            "itemSegment": "",
            "itemSubsegment": "",
            "durationCode": "1000023591111111",
            "grouper": "002.000",
            "percent": "000.00",
            "optativeOne": " ",
            "sent": " ",
            "action": "A",
            "binCode": "",
            "messagePsg": ""
        },
        {
            "lineNumber": "5",
            "folio": "  50825241",
            "itemCategory": " 1",
            "type": "00",
            "startDate": "20250620",
            "endDate": "20250701",
            "itemSku": "   7501011167735",
            "category": "",
            "providerType": "0",
            "requiredQuantity": "001.000",
            "discount": "00010.000",
            "discountType": "F",
            "optative": "1",
            "description": "PB CERVEZA + BOTANA                     ",
            "itemSubcategory": "",
            "itemSegment": "",
            "itemSubsegment": "",
            "durationCode": "1000023591111111",
            "grouper": "002.000",
            "percent": "000.00",
            "optativeOne": " ",
            "sent": " ",
            "action": "A",
            "binCode": "",
            "messagePsg": ""
        },
        {
            "lineNumber": "6",
            "folio": "  50825241",
            "itemCategory": " 1",
            "type": "00",
            "startDate": "20250620",
            "endDate": "20250701",
            "itemSku": "   7501064194214",
            "category": "",
            "providerType": "0",
            "requiredQuantity": "001.000",
            "discount": "00200.000",
            "discountType": "F",
            "optative": "2",
            "description": "PB CERVEZA + BOTANA                     ",
            "itemSubcategory": "",
            "itemSegment": "",
            "itemSubsegment": "",
            "durationCode": "1000023591111111",
            "grouper": "002.000",
            "percent": "000.00",
            "optativeOne": " ",
            "sent": " ",
            "action": "A",
            "binCode": "",
            "messagePsg": ""
        }
    ]
}