{
    "organizationCountry": "MX",
    "organizationName": "FEMSA Comercio",
    "businessName": "OXXO",
    "departmentId": "12NEO",
    "storeId": "52DUG",
    "numberOfRecords": "4",
    "searchId": "000000000000000000000000",
    "searchDate": "2025-06-05 23:35:13",
    "promotions": [
        {
            "lineNumber": "1",
            "folio": "  50774759",
            "itemCategory": " 1",
            "type": "03",
            "startDate": "20250605",
            "endDate": "20250701",
            "itemSku": "   7501055307043",
            "category": "",
            "providerType": "0",
            "requiredQuantity": "001.000",
            "discount": "00060.000",
            "discountType": "F",
            "optative": " ",
            "description": "PB 4PACK                                ",
            "itemSubcategory": "",
            "itemSegment": "",
            "itemSubsegment": "",
            "durationCode": "1000023591111111",
            "grouper": "000.000",
            "percent": "000.00",
            "optativeOne": " ",
            "sent": " ",
            "action": "A",
            "binCode": "",
            "messagePsg": ""
        },
        {
            "lineNumber": "2",
            "folio": "  50774777",
            "itemCategory": " 1",
            "type": "03",
            "startDate": "20250606",
            "endDate": "20250701",
            "itemSku": "   7501064114359",
            "category": "",
            "providerType": "0",
            "requiredQuantity": "001.000",
            "discount": "00059.000",
            "discountType": "F",
            "optative": " ",
            "description": "PB BARRILITO                            ",
            "itemSubcategory": "",
            "itemSegment": "",
            "itemSubsegment": "",
            "durationCode": "1000023591111111",
            "grouper": "000.000",
            "percent": "000.00",
            "optativeOne": " ",
            "sent": " ",
            "action": "A",
            "binCode": "",
            "messagePsg": ""
        },
        {
            "lineNumber": "3",
            "folio": "  50774779",
            "itemCategory": " 1",
            "type": "02",
            "startDate": "20250606",
            "endDate": "20250701",
            "itemSku": "   7501064114359",
            "category": "",
            "providerType": "0",
            "requiredQuantity": "002.000",
            "discount": "00115.000",
            "discountType": "F",
            "optative": "1",
            "description": "PB BARRILITO                            ",
            "itemSubcategory": "",
            "itemSegment": "",
            "itemSubsegment": "",
            "durationCode": "1000023591111111",
            "grouper": "001.000",
            "percent": "000.00",
            "optativeOne": " ",
            "sent": " ",
            "action": "A",
            "binCode": "",
            "messagePsg": ""
        },
        {
            "lineNumber": "4",
            "folio": "  50774780",
            "itemCategory": " 1",
            "type": "02",
            "startDate": "20250606",
            "endDate": "20250701",
            "itemSku": "   7501064112546",
            "category": "",
            "providerType": "0",
            "requiredQuantity": "006.000",
            "discount": "00100.000",
            "discountType": "F",
            "optative": "1",
            "description": "PB SIX ESPECIAL                         ",
            "itemSubcategory": "",
            "itemSegment": "",
            "itemSubsegment": "",
            "durationCode": "1000023591111111",
            "grouper": "001.000",
            "percent": "000.00",
            "optativeOne": " ",
            "sent": " ",
            "action": "A",
            "binCode": "",
            "messagePsg": ""
        }
    ]
}