{
    "organizationCountry": "MX",
    "organizationName": "FEMSA Comercio",
    "businessName": "OXXO",
    "departmentId": "12NEO",
    "storeId": "52DUG",
    "numberOfRecords": "53",
    "searchId": "000000000000000000000000",
    "searchDate": "2025-04-29 13:45:02",
    "promotions": [
        {
            "lineNumber": "1",
            "folio": "  19714388",
            "itemCategory": " 1",
            "type": "03",
            "startDate": "20250430",
            "endDate": "20250527",
            "itemSku": "   7501018310943",
            "category": "",
            "providerType": "0",
            "requiredQuantity": "001.000",
            "discount": "00019.500",
            "discountType": " ",
            "optative": " ",
            "description": "PSP SIMPLES NACIONAL B05                ",
            "itemSubcategory": "",
            "itemSegment": "",
            "itemSubsegment": "",
            "durationCode": "1000023591111111",
            "grouper": "000.000",
            "percent": "000.00",
            "optativeOne": " ",
            "sent": " ",
            "action": "A",
            "binCode": "",
            "messagePsg": ""
        },
        {
            "lineNumber": "2",
            "folio": "  19714388",
            "itemCategory": " 1",
            "type": "03",
            "startDate": "20250430",
            "endDate": "20250527",
            "itemSku": "   7501018310974",
            "category": "",
            "providerType": "0",
            "requiredQuantity": "001.000",
            "discount": "00019.500",
            "discountType": " ",
            "optative": " ",
            "description": "PSP SIMPLES NACIONAL B05                ",
            "itemSubcategory": "",
            "itemSegment": "",
            "itemSubsegment": "",
            "durationCode": "1000023591111111",
            "grouper": "000.000",
            "percent": "000.00",
            "optativeOne": " ",
            "sent": " ",
            "action": "A",
            "binCode": "",
            "messagePsg": ""
        },
        {
            "lineNumber": "3",
            "folio": "  19714388",
            "itemCategory": " 1",
            "type": "03",
            "startDate": "20250430",
            "endDate": "20250527",
            "itemSku": "   7501018311018",
            "category": "",
            "providerType": "0",
            "requiredQuantity": "001.000",
            "discount": "00019.500",
            "discountType": " ",
            "optative": " ",
            "description": "PSP SIMPLES NACIONAL B05                ",
            "itemSubcategory": "",
            "itemSegment": "",
            "itemSubsegment": "",
            "durationCode": "1000023591111111",
            "grouper": "000.000",
            "percent": "000.00",
            "optativeOne": " ",
            "sent": " ",
            "action": "A",
            "binCode": "",
            "messagePsg": ""
        },
        {
            "lineNumber": "4",
            "folio": "  19714388",
            "itemCategory": " 1",
            "type": "03",
            "startDate": "20250430",
            "endDate": "20250527",
            "itemSku": "   7501018310233",
            "category": "",
            "providerType": "0",
            "requiredQuantity": "001.000",
            "discount": "00009.500",
            "discountType": " ",
            "optative": " ",
            "description": "PSP SIMPLES NACIONAL B05                ",
            "itemSubcategory": "",
            "itemSegment": "",
            "itemSubsegment": "",
            "durationCode": "1000023591111111",
            "grouper": "000.000",
            "percent": "000.00",
            "optativeOne": " ",
            "sent": " ",
            "action": "A",
            "binCode": "",
            "messagePsg": ""
        },
        {
            "lineNumber": "5",
            "folio": "  19714473",
            "itemCategory": " 1",
            "type": "00",
            "startDate": "20250430",
            "endDate": "20250505",
            "itemSku": "   7501064107153",
            "category": "",
            "providerType": "0",
            "requiredQuantity": "006.000",
            "discount": "00086.000",
            "discountType": "F",
            "optative": "1",
            "description": "PB SIX LIGHT                            ",
            "itemSubcategory": "    ",
            "itemSegment": "    ",
            "itemSubsegment": "    ",
            "durationCode": "1000023591011111",
            "grouper": "001.000",
            "percent": "000.00",
            "optativeOne": " ",
            "sent": " ",
            "action": "A",
            "binCode": "",
            "messagePsg": ""
        },
        {
            "lineNumber": "6",
            "folio": "  19714474",
            "itemCategory": " 1",
            "type": "03",
            "startDate": "20250430",
            "endDate": "20250505",
            "itemSku": "   7501064194214",
            "category": "",
            "providerType": "0",
            "requiredQuantity": "001.000",
            "discount": "00171.000",
            "discountType": " ",
            "optative": " ",
            "description": "PB 12 LIGTH                             ",
            "itemSubcategory": "",
            "itemSegment": "",
            "itemSubsegment": "",
            "durationCode": "1000023591011111",
            "grouper": "000.000",
            "percent": "000.00",
            "optativeOne": " ",
            "sent": " ",
            "action": "A",
            "binCode": "",
            "messagePsg": ""
        },
        {
            "lineNumber": "7",
            "folio": "  19714477",
            "itemCategory": " 1",
            "type": "03",
            "startDate": "20250430",
            "endDate": "20250527",
            "itemSku": "   7502294223187",
            "category": "",
            "providerType": "0",
            "requiredQuantity": "001.000",
            "discount": "00062.000",
            "discountType": " ",
            "optative": " ",
            "description": "PSP SIMPLES NACIONAL B05                ",
            "itemSubcategory": "",
            "itemSegment": "",
            "itemSubsegment": "",
            "durationCode": "1000023591111111",
            "grouper": "000.000",
            "percent": "000.00",
            "optativeOne": " ",
            "sent": " ",
            "action": "A",
            "binCode": "",
            "messagePsg": ""
        },
        {
            "lineNumber": "8",
            "folio": "  19714477",
            "itemCategory": " 1",
            "type": "03",
            "startDate": "20250430",
            "endDate": "20250527",
            "itemSku": "   7502294221299",
            "category": "",
            "providerType": "0",
            "requiredQuantity": "001.000",
            "discount": "00016.500",
            "discountType": " ",
            "optative": " ",
            "description": "PSP SIMPLES NACIONAL B05                ",
            "itemSubcategory": "",
            "itemSegment": "",
            "itemSubsegment": "",
            "durationCode": "1000023591111111",
            "grouper": "000.000",
            "percent": "000.00",
            "optativeOne": " ",
            "sent": " ",
            "action": "A",
            "binCode": "",
            "messagePsg": ""
        },
        {
            "lineNumber": "9",
            "folio": "  19714477",
            "itemCategory": " 1",
            "type": "03",
            "startDate": "20250430",
            "endDate": "20250527",
            "itemSku": "   7502294220414",
            "category": "",
            "providerType": "0",
            "requiredQuantity": "001.000",
            "discount": "00026.000",
            "discountType": " ",
            "optative": " ",
            "description": "PSP SIMPLES NACIONAL B05                ",
            "itemSubcategory": "",
            "itemSegment": "",
            "itemSubsegment": "",
            "durationCode": "1000023591111111",
            "grouper": "000.000",
            "percent": "000.00",
            "optativeOne": " ",
            "sent": " ",
            "action": "A",
            "binCode": "",
            "messagePsg": ""
        },
        {
            "lineNumber": "10",
            "folio": "  19714477",
            "itemCategory": " 1",
            "type": "03",
            "startDate": "20250430",
            "endDate": "20250527",
            "itemSku": "   7501943489066",
            "category": "",
            "providerType": "0",
            "requiredQuantity": "001.000",
            "discount": "00034.000",
            "discountType": " ",
            "optative": " ",
            "description": "PSP SIMPLES NACIONAL B05                ",
            "itemSubcategory": "",
            "itemSegment": "",
            "itemSubsegment": "",
            "durationCode": "1000023591111111",
            "grouper": "000.000",
            "percent": "000.00",
            "optativeOne": " ",
            "sent": " ",
            "action": "A",
            "binCode": "",
            "messagePsg": ""
        },
        {
            "lineNumber": "11",
            "folio": "  19714477",
            "itemCategory": " 1",
            "type": "03",
            "startDate": "20250430",
            "endDate": "20250527",
            "itemSku": "   7501761869149",
            "category": "",
            "providerType": "0",
            "requiredQuantity": "001.000",
            "discount": "00042.000",
            "discountType": " ",
            "optative": " ",
            "description": "PSP SIMPLES NACIONAL B05                ",
            "itemSubcategory": "",
            "itemSegment": "",
            "itemSubsegment": "",
            "durationCode": "1000023591111111",
            "grouper": "000.000",
            "percent": "000.00",
            "optativeOne": " ",
            "sent": " ",
            "action": "A",
            "binCode": "",
            "messagePsg": ""
        },
        {
            "lineNumber": "12",
            "folio": "  19714477",
            "itemCategory": " 1",
            "type": "03",
            "startDate": "20250430",
            "endDate": "20250527",
            "itemSku": "   7501404603116",
            "category": "",
            "providerType": "0",
            "requiredQuantity": "001.000",
            "discount": "00022.000",
            "discountType": " ",
            "optative": " ",
            "description": "PSP SIMPLES NACIONAL B05                ",
            "itemSubcategory": "",
            "itemSegment": "",
            "itemSubsegment": "",
            "durationCode": "1000023591111111",
            "grouper": "000.000",
            "percent": "000.00",
            "optativeOne": " ",
            "sent": " ",
            "action": "A",
            "binCode": "",
            "messagePsg": ""
        },
        {
            "lineNumber": "13",
            "folio": "  19714477",
            "itemCategory": " 1",
            "type": "03",
            "startDate": "20250430",
            "endDate": "20250527",
            "itemSku": "   7501209705640",
            "category": "",
            "providerType": "0",
            "requiredQuantity": "001.000",
            "discount": "00038.000",
            "discountType": " ",
            "optative": " ",
            "description": "PSP SIMPLES NACIONAL B05                ",
            "itemSubcategory": "",
            "itemSegment": "",
            "itemSubsegment": "",
            "durationCode": "1000023591111111",
            "grouper": "000.000",
            "percent": "000.00",
            "optativeOne": " ",
            "sent": " ",
            "action": "A",
            "binCode": "",
            "messagePsg": ""
        },
        {
            "lineNumber": "14",
            "folio": "  19714477",
            "itemCategory": " 1",
            "type": "03",
            "startDate": "20250430",
            "endDate": "20250527",
            "itemSku": "   7501209701024",
            "category": "",
            "providerType": "0",
            "requiredQuantity": "001.000",
            "discount": "00020.000",
            "discountType": " ",
            "optative": " ",
            "description": "PSP SIMPLES NACIONAL B05                ",
            "itemSubcategory": "",
            "itemSegment": "",
            "itemSubsegment": "",
            "durationCode": "1000023591111111",
            "grouper": "000.000",
            "percent": "000.00",
            "optativeOne": " ",
            "sent": " ",
            "action": "A",
            "binCode": "",
            "messagePsg": ""
        },
        {
            "lineNumber": "15",
            "folio": "  19714477",
            "itemCategory": " 1",
            "type": "03",
            "startDate": "20250430",
            "endDate": "20250527",
            "itemSku": "   7501158414655",
            "category": "",
            "providerType": "0",
            "requiredQuantity": "001.000",
            "discount": "00032.500",
            "discountType": " ",
            "optative": " ",
            "description": "PSP SIMPLES NACIONAL B05                ",
            "itemSubcategory": "",
            "itemSegment": "",
            "itemSubsegment": "",
            "durationCode": "1000023591111111",
            "grouper": "000.000",
            "percent": "000.00",
            "optativeOne": " ",
            "sent": " ",
            "action": "A",
            "binCode": "",
            "messagePsg": ""
        },
        {
            "lineNumber": "16",
            "folio": "  19714477",
            "itemCategory": " 1",
            "type": "03",
            "startDate": "20250430",
            "endDate": "20250527",
            "itemSku": "   7501158414501",
            "category": "",
            "providerType": "0",
            "requiredQuantity": "001.000",
            "discount": "00023.500",
            "discountType": " ",
            "optative": " ",
            "description": "PSP SIMPLES NACIONAL B05                ",
            "itemSubcategory": "",
            "itemSegment": "",
            "itemSubsegment": "",
            "durationCode": "1000023591111111",
            "grouper": "000.000",
            "percent": "000.00",
            "optativeOne": " ",
            "sent": " ",
            "action": "A",
            "binCode": "",
            "messagePsg": ""
        },
        {
            "lineNumber": "17",
            "folio": "  19714477",
            "itemCategory": " 1",
            "type": "03",
            "startDate": "20250430",
            "endDate": "20250527",
            "itemSku": "   7501158414051",
            "category": "",
            "providerType": "0",
            "requiredQuantity": "001.000",
            "discount": "00042.000",
            "discountType": " ",
            "optative": " ",
            "description": "PSP SIMPLES NACIONAL B05                ",
            "itemSubcategory": "",
            "itemSegment": "",
            "itemSubsegment": "",
            "durationCode": "1000023591111111",
            "grouper": "000.000",
            "percent": "000.00",
            "optativeOne": " ",
            "sent": " ",
            "action": "A",
            "binCode": "",
            "messagePsg": ""
        },
        {
            "lineNumber": "18",
            "folio": "  19714477",
            "itemCategory": " 1",
            "type": "03",
            "startDate": "20250430",
            "endDate": "20250527",
            "itemSku": "   7501077400050",
            "category": "",
            "providerType": "0",
            "requiredQuantity": "001.000",
            "discount": "00019.000",
            "discountType": " ",
            "optative": " ",
            "description": "PSP SIMPLES NACIONAL B05                ",
            "itemSubcategory": "",
            "itemSegment": "",
            "itemSubsegment": "",
            "durationCode": "1000023591111111",
            "grouper": "000.000",
            "percent": "000.00",
            "optativeOne": " ",
            "sent": " ",
            "action": "A",
            "binCode": "",
            "messagePsg": ""
        },
        {
            "lineNumber": "19",
            "folio": "  19714477",
            "itemCategory": " 1",
            "type": "03",
            "startDate": "20250430",
            "endDate": "20250527",
            "itemSku": "   7501071301698",
            "category": "",
            "providerType": "0",
            "requiredQuantity": "001.000",
            "discount": "00031.000",
            "discountType": " ",
            "optative": " ",
            "description": "PSP SIMPLES NACIONAL B05                ",
            "itemSubcategory": "",
            "itemSegment": "",
            "itemSubsegment": "",
            "durationCode": "1000023591111111",
            "grouper": "000.000",
            "percent": "000.00",
            "optativeOne": " ",
            "sent": " ",
            "action": "A",
            "binCode": "",
            "messagePsg": ""
        },
        {
            "lineNumber": "20",
            "folio": "  19714477",
            "itemCategory": " 1",
            "type": "03",
            "startDate": "20250430",
            "endDate": "20250527",
            "itemSku": "   7501071301094",
            "category": "",
            "providerType": "0",
            "requiredQuantity": "001.000",
            "discount": "00045.000",
            "discountType": " ",
            "optative": " ",
            "description": "PSP SIMPLES NACIONAL B05                ",
            "itemSubcategory": "",
            "itemSegment": "",
            "itemSubsegment": "",
            "durationCode": "1000023591111111",
            "grouper": "000.000",
            "percent": "000.00",
            "optativeOne": " ",
            "sent": " ",
            "action": "A",
            "binCode": "",
            "messagePsg": ""
        },
        {
            "lineNumber": "21",
            "folio": "  19714477",
            "itemCategory": " 1",
            "type": "03",
            "startDate": "20250430",
            "endDate": "20250527",
            "itemSku": "   7501069213903",
            "category": "",
            "providerType": "0",
            "requiredQuantity": "001.000",
            "discount": "00033.000",
            "discountType": " ",
            "optative": " ",
            "description": "PSP SIMPLES NACIONAL B05                ",
            "itemSubcategory": "",
            "itemSegment": "",
            "itemSubsegment": "",
            "durationCode": "1000023591111111",
            "grouper": "000.000",
            "percent": "000.00",
            "optativeOne": " ",
            "sent": " ",
            "action": "A",
            "binCode": "",
            "messagePsg": ""
        },
        {
            "lineNumber": "22",
            "folio": "  19714477",
            "itemCategory": " 1",
            "type": "03",
            "startDate": "20250430",
            "endDate": "20250527",
            "itemSku": "   7501059240681",
            "category": "",
            "providerType": "0",
            "requiredQuantity": "001.000",
            "discount": "00055.000",
            "discountType": " ",
            "optative": " ",
            "description": "PSP SIMPLES NACIONAL B05                ",
            "itemSubcategory": "",
            "itemSegment": "",
            "itemSubsegment": "",
            "durationCode": "1000023591111111",
            "grouper": "000.000",
            "percent": "000.00",
            "optativeOne": " ",
            "sent": " ",
            "action": "A",
            "binCode": "",
            "messagePsg": ""
        },
        {
            "lineNumber": "23",
            "folio": "  19714477",
            "itemCategory": " 1",
            "type": "03",
            "startDate": "20250430",
            "endDate": "20250527",
            "itemSku": "   7501059225411",
            "category": "",
            "providerType": "0",
            "requiredQuantity": "001.000",
            "discount": "00082.000",
            "discountType": " ",
            "optative": " ",
            "description": "PSP SIMPLES NACIONAL B05                ",
            "itemSubcategory": "",
            "itemSegment": "",
            "itemSubsegment": "",
            "durationCode": "1000023591111111",
            "grouper": "000.000",
            "percent": "000.00",
            "optativeOne": " ",
            "sent": " ",
            "action": "A",
            "binCode": "",
            "messagePsg": ""
        },
        {
            "lineNumber": "24",
            "folio": "  19714477",
            "itemCategory": " 1",
            "type": "03",
            "startDate": "20250430",
            "endDate": "20250527",
            "itemSku": "   7501059225350",
            "category": "",
            "providerType": "0",
            "requiredQuantity": "001.000",
            "discount": "00160.000",
            "discountType": " ",
            "optative": " ",
            "description": "PSP SIMPLES NACIONAL B05                ",
            "itemSubcategory": "",
            "itemSegment": "",
            "itemSubsegment": "",
            "durationCode": "1000023591111111",
            "grouper": "000.000",
            "percent": "000.00",
            "optativeOne": " ",
            "sent": " ",
            "action": "A",
            "binCode": "",
            "messagePsg": ""
        },
        {
            "lineNumber": "25",
            "folio": "  19714477",
            "itemCategory": " 1",
            "type": "03",
            "startDate": "20250430",
            "endDate": "20250527",
            "itemSku": "   7501058642134",
            "category": "",
            "providerType": "0",
            "requiredQuantity": "001.000",
            "discount": "00044.000",
            "discountType": " ",
            "optative": " ",
            "description": "PSP SIMPLES NACIONAL B05                ",
            "itemSubcategory": "",
            "itemSegment": "",
            "itemSubsegment": "",
            "durationCode": "1000023591111111",
            "grouper": "000.000",
            "percent": "000.00",
            "optativeOne": " ",
            "sent": " ",
            "action": "A",
            "binCode": "",
            "messagePsg": ""
        },
        {
            "lineNumber": "26",
            "folio": "  19714477",
            "itemCategory": " 1",
            "type": "03",
            "startDate": "20250430",
            "endDate": "20250527",
            "itemSku": "   7501058611420",
            "category": "",
            "providerType": "0",
            "requiredQuantity": "001.000",
            "discount": "00057.000",
            "discountType": " ",
            "optative": " ",
            "description": "PSP SIMPLES NACIONAL B05                ",
            "itemSubcategory": "",
            "itemSegment": "",
            "itemSubsegment": "",
            "durationCode": "1000023591111111",
            "grouper": "000.000",
            "percent": "000.00",
            "optativeOne": " ",
            "sent": " ",
            "action": "A",
            "binCode": "",
            "messagePsg": ""
        },
        {
            "lineNumber": "27",
            "folio": "  19714477",
            "itemCategory": " 1",
            "type": "03",
            "startDate": "20250430",
            "endDate": "20250527",
            "itemSku": "   7501055916030",
            "category": "",
            "providerType": "0",
            "requiredQuantity": "001.000",
            "discount": "00040.000",
            "discountType": " ",
            "optative": " ",
            "description": "PSP SIMPLES NACIONAL B05                ",
            "itemSubcategory": "",
            "itemSegment": "",
            "itemSubsegment": "",
            "durationCode": "1000023591111111",
            "grouper": "000.000",
            "percent": "000.00",
            "optativeOne": " ",
            "sent": " ",
            "action": "A",
            "binCode": "",
            "messagePsg": ""
        },
        {
            "lineNumber": "28",
            "folio": "  19714477",
            "itemCategory": " 1",
            "type": "03",
            "startDate": "20250430",
            "endDate": "20250527",
            "itemSku": "   7501055909544",
            "category": "",
            "providerType": "0",
            "requiredQuantity": "001.000",
            "discount": "00068.000",
            "discountType": " ",
            "optative": " ",
            "description": "PSP SIMPLES NACIONAL B05                ",
            "itemSubcategory": "",
            "itemSegment": "",
            "itemSubsegment": "",
            "durationCode": "1000023591111111",
            "grouper": "000.000",
            "percent": "000.00",
            "optativeOne": " ",
            "sent": " ",
            "action": "A",
            "binCode": "",
            "messagePsg": ""
        },
        {
            "lineNumber": "29",
            "folio": "  19714477",
            "itemCategory": " 1",
            "type": "03",
            "startDate": "20250430",
            "endDate": "20250527",
            "itemSku": "   7501055901043",
            "category": "",
            "providerType": "0",
            "requiredQuantity": "001.000",
            "discount": "00043.000",
            "discountType": " ",
            "optative": " ",
            "description": "PSP SIMPLES NACIONAL B05                ",
            "itemSubcategory": "",
            "itemSegment": "",
            "itemSubsegment": "",
            "durationCode": "1000023591111111",
            "grouper": "000.000",
            "percent": "000.00",
            "optativeOne": " ",
            "sent": " ",
            "action": "A",
            "binCode": "",
            "messagePsg": ""
        },
        {
            "lineNumber": "30",
            "folio": "  19714477",
            "itemCategory": " 1",
            "type": "03",
            "startDate": "20250430",
            "endDate": "20250527",
            "itemSku": "   7501032921040",
            "category": "",
            "providerType": "0",
            "requiredQuantity": "001.000",
            "discount": "00108.000",
            "discountType": " ",
            "optative": " ",
            "description": "PSP SIMPLES NACIONAL B05                ",
            "itemSubcategory": "",
            "itemSegment": "",
            "itemSubsegment": "",
            "durationCode": "1000023591111111",
            "grouper": "000.000",
            "percent": "000.00",
            "optativeOne": " ",
            "sent": " ",
            "action": "A",
            "binCode": "",
            "messagePsg": ""
        },
        {
            "lineNumber": "31",
            "folio": "  19714477",
            "itemCategory": " 1",
            "type": "03",
            "startDate": "20250430",
            "endDate": "20250527",
            "itemSku": "   7501032907570",
            "category": "",
            "providerType": "0",
            "requiredQuantity": "001.000",
            "discount": "00070.000",
            "discountType": " ",
            "optative": " ",
            "description": "PSP SIMPLES NACIONAL B05                ",
            "itemSubcategory": "",
            "itemSegment": "",
            "itemSubsegment": "",
            "durationCode": "1000023591111111",
            "grouper": "000.000",
            "percent": "000.00",
            "optativeOne": " ",
            "sent": " ",
            "action": "A",
            "binCode": "",
            "messagePsg": ""
        },
        {
            "lineNumber": "32",
            "folio": "  19714477",
            "itemCategory": " 1",
            "type": "03",
            "startDate": "20250430",
            "endDate": "20250527",
            "itemSku": "   7501032903596",
            "category": "",
            "providerType": "0",
            "requiredQuantity": "001.000",
            "discount": "00095.000",
            "discountType": " ",
            "optative": " ",
            "description": "PSP SIMPLES NACIONAL B05                ",
            "itemSubcategory": "",
            "itemSegment": "",
            "itemSubsegment": "",
            "durationCode": "1000023591111111",
            "grouper": "000.000",
            "percent": "000.00",
            "optativeOne": " ",
            "sent": " ",
            "action": "A",
            "binCode": "",
            "messagePsg": ""
        },
        {
            "lineNumber": "33",
            "folio": "  19714477",
            "itemCategory": " 1",
            "type": "03",
            "startDate": "20250430",
            "endDate": "20250527",
            "itemSku": "   7501020565935",
            "category": "",
            "providerType": "0",
            "requiredQuantity": "001.000",
            "discount": "00032.000",
            "discountType": " ",
            "optative": " ",
            "description": "PSP SIMPLES NACIONAL B05                ",
            "itemSubcategory": "",
            "itemSegment": "",
            "itemSubsegment": "",
            "durationCode": "1000023591111111",
            "grouper": "000.000",
            "percent": "000.00",
            "optativeOne": " ",
            "sent": " ",
            "action": "A",
            "binCode": "",
            "messagePsg": ""
        },
        {
            "lineNumber": "34",
            "folio": "  19714477",
            "itemCategory": " 1",
            "type": "03",
            "startDate": "20250430",
            "endDate": "20250527",
            "itemSku": "   7501020565911",
            "category": "",
            "providerType": "0",
            "requiredQuantity": "001.000",
            "discount": "00032.000",
            "discountType": " ",
            "optative": " ",
            "description": "PSP SIMPLES NACIONAL B05                ",
            "itemSubcategory": "",
            "itemSegment": "",
            "itemSubsegment": "",
            "durationCode": "1000023591111111",
            "grouper": "000.000",
            "percent": "000.00",
            "optativeOne": " ",
            "sent": " ",
            "action": "A",
            "binCode": "",
            "messagePsg": ""
        },
        {
            "lineNumber": "35",
            "folio": "  19714477",
            "itemCategory": " 1",
            "type": "03",
            "startDate": "20250430",
            "endDate": "20250527",
            "itemSku": "   7501020564990",
            "category": "",
            "providerType": "0",
            "requiredQuantity": "001.000",
            "discount": "00022.500",
            "discountType": " ",
            "optative": " ",
            "description": "PSP SIMPLES NACIONAL B05                ",
            "itemSubcategory": "",
            "itemSegment": "",
            "itemSubsegment": "",
            "durationCode": "1000023591111111",
            "grouper": "000.000",
            "percent": "000.00",
            "optativeOne": " ",
            "sent": " ",
            "action": "A",
            "binCode": "",
            "messagePsg": ""
        },
        {
            "lineNumber": "36",
            "folio": "  19714477",
            "itemCategory": " 1",
            "type": "03",
            "startDate": "20250430",
            "endDate": "20250527",
            "itemSku": "   7501020562040",
            "category": "",
            "providerType": "0",
            "requiredQuantity": "001.000",
            "discount": "00042.000",
            "discountType": " ",
            "optative": " ",
            "description": "PSP SIMPLES NACIONAL B05                ",
            "itemSubcategory": "",
            "itemSegment": "",
            "itemSubsegment": "",
            "durationCode": "1000023591111111",
            "grouper": "000.000",
            "percent": "000.00",
            "optativeOne": " ",
            "sent": " ",
            "action": "A",
            "binCode": "",
            "messagePsg": ""
        },
        {
            "lineNumber": "37",
            "folio": "  19714477",
            "itemCategory": " 1",
            "type": "03",
            "startDate": "20250430",
            "endDate": "20250527",
            "itemSku": "   7501020561906",
            "category": "",
            "providerType": "0",
            "requiredQuantity": "001.000",
            "discount": "00035.000",
            "discountType": " ",
            "optative": " ",
            "description": "PSP SIMPLES NACIONAL B05                ",
            "itemSubcategory": "",
            "itemSegment": "",
            "itemSubsegment": "",
            "durationCode": "1000023591111111",
            "grouper": "000.000",
            "percent": "000.00",
            "optativeOne": " ",
            "sent": " ",
            "action": "A",
            "binCode": "",
            "messagePsg": ""
        },
        {
            "lineNumber": "38",
            "folio": "  19714477",
            "itemCategory": " 1",
            "type": "03",
            "startDate": "20250430",
            "endDate": "20250527",
            "itemSku": "   7501020550733",
            "category": "",
            "providerType": "0",
            "requiredQuantity": "001.000",
            "discount": "00041.000",
            "discountType": " ",
            "optative": " ",
            "description": "PSP SIMPLES NACIONAL B05                ",
            "itemSubcategory": "",
            "itemSegment": "",
            "itemSubsegment": "",
            "durationCode": "1000023591111111",
            "grouper": "000.000",
            "percent": "000.00",
            "optativeOne": " ",
            "sent": " ",
            "action": "A",
            "binCode": "",
            "messagePsg": ""
        },
        {
            "lineNumber": "39",
            "folio": "  19714477",
            "itemCategory": " 1",
            "type": "03",
            "startDate": "20250430",
            "endDate": "20250527",
            "itemSku": "   7501020550672",
            "category": "",
            "providerType": "0",
            "requiredQuantity": "001.000",
            "discount": "00041.000",
            "discountType": " ",
            "optative": " ",
            "description": "PSP SIMPLES NACIONAL B05                ",
            "itemSubcategory": "",
            "itemSegment": "",
            "itemSubsegment": "",
            "durationCode": "1000023591111111",
            "grouper": "000.000",
            "percent": "000.00",
            "optativeOne": " ",
            "sent": " ",
            "action": "A",
            "binCode": "",
            "messagePsg": ""
        },
        {
            "lineNumber": "40",
            "folio": "  19714477",
            "itemCategory": " 1",
            "type": "03",
            "startDate": "20250430",
            "endDate": "20250527",
            "itemSku": "   7501020547061",
            "category": "",
            "providerType": "0",
            "requiredQuantity": "001.000",
            "discount": "00045.000",
            "discountType": " ",
            "optative": " ",
            "description": "PSP SIMPLES NACIONAL B05                ",
            "itemSubcategory": "",
            "itemSegment": "",
            "itemSubsegment": "",
            "durationCode": "1000023591111111",
            "grouper": "000.000",
            "percent": "000.00",
            "optativeOne": " ",
            "sent": " ",
            "action": "A",
            "binCode": "",
            "messagePsg": ""
        },
        {
            "lineNumber": "41",
            "folio": "  19714477",
            "itemCategory": " 1",
            "type": "03",
            "startDate": "20250430",
            "endDate": "20250527",
            "itemSku": "   7501020547054",
            "category": "",
            "providerType": "0",
            "requiredQuantity": "001.000",
            "discount": "00044.000",
            "discountType": " ",
            "optative": " ",
            "description": "PSP SIMPLES NACIONAL B05                ",
            "itemSubcategory": "",
            "itemSegment": "",
            "itemSubsegment": "",
            "durationCode": "1000023591111111",
            "grouper": "000.000",
            "percent": "000.00",
            "optativeOne": " ",
            "sent": " ",
            "action": "A",
            "binCode": "",
            "messagePsg": ""
        },
        {
            "lineNumber": "42",
            "folio": "  19714477",
            "itemCategory": " 1",
            "type": "03",
            "startDate": "20250430",
            "endDate": "20250527",
            "itemSku": "   7501020547047",
            "category": "",
            "providerType": "0",
            "requiredQuantity": "001.000",
            "discount": "00044.000",
            "discountType": " ",
            "optative": " ",
            "description": "PSP SIMPLES NACIONAL B05                ",
            "itemSubcategory": "",
            "itemSegment": "",
            "itemSubsegment": "",
            "durationCode": "1000023591111111",
            "grouper": "000.000",
            "percent": "000.00",
            "optativeOne": " ",
            "sent": " ",
            "action": "A",
            "binCode": "",
            "messagePsg": ""
        },
        {
            "lineNumber": "43",
            "folio": "  19714477",
            "itemCategory": " 1",
            "type": "03",
            "startDate": "20250430",
            "endDate": "20250527",
            "itemSku": "   7501020540666",
            "category": "",
            "providerType": "0",
            "requiredQuantity": "001.000",
            "discount": "00022.000",
            "discountType": " ",
            "optative": " ",
            "description": "PSP SIMPLES NACIONAL B05                ",
            "itemSubcategory": "",
            "itemSegment": "",
            "itemSubsegment": "",
            "durationCode": "1000023591111111",
            "grouper": "000.000",
            "percent": "000.00",
            "optativeOne": " ",
            "sent": " ",
            "action": "A",
            "binCode": "",
            "messagePsg": ""
        },
        {
            "lineNumber": "44",
            "folio": "  19714477",
            "itemCategory": " 1",
            "type": "03",
            "startDate": "20250430",
            "endDate": "20250527",
            "itemSku": "   7501020511468",
            "category": "",
            "providerType": "0",
            "requiredQuantity": "001.000",
            "discount": "00076.000",
            "discountType": " ",
            "optative": " ",
            "description": "PSP SIMPLES NACIONAL B05                ",
            "itemSubcategory": "",
            "itemSegment": "",
            "itemSubsegment": "",
            "durationCode": "1000023591111111",
            "grouper": "000.000",
            "percent": "000.00",
            "optativeOne": " ",
            "sent": " ",
            "action": "A",
            "binCode": "",
            "messagePsg": ""
        },
        {
            "lineNumber": "45",
            "folio": "  19714477",
            "itemCategory": " 1",
            "type": "03",
            "startDate": "20250430",
            "endDate": "20250527",
            "itemSku": "   7501020500080",
            "category": "",
            "providerType": "0",
            "requiredQuantity": "001.000",
            "discount": "00086.000",
            "discountType": " ",
            "optative": " ",
            "description": "PSP SIMPLES NACIONAL B05                ",
            "itemSubcategory": "",
            "itemSegment": "",
            "itemSubsegment": "",
            "durationCode": "1000023591111111",
            "grouper": "000.000",
            "percent": "000.00",
            "optativeOne": " ",
            "sent": " ",
            "action": "A",
            "binCode": "",
            "messagePsg": ""
        },
        {
            "lineNumber": "46",
            "folio": "  19714477",
            "itemCategory": " 1",
            "type": "03",
            "startDate": "20250430",
            "endDate": "20250527",
            "itemSku": "    067238891190",
            "category": "",
            "providerType": "0",
            "requiredQuantity": "001.000",
            "discount": "00030.000",
            "discountType": " ",
            "optative": " ",
            "description": "PSP SIMPLES NACIONAL B05                ",
            "itemSubcategory": "",
            "itemSegment": "",
            "itemSubsegment": "",
            "durationCode": "1000023591111111",
            "grouper": "000.000",
            "percent": "000.00",
            "optativeOne": " ",
            "sent": " ",
            "action": "A",
            "binCode": "",
            "messagePsg": ""
        },
        {
            "lineNumber": "47",
            "folio": "  19714477",
            "itemCategory": " 1",
            "type": "03",
            "startDate": "20250430",
            "endDate": "20250527",
            "itemSku": "   7502294223194",
            "category": "",
            "providerType": "0",
            "requiredQuantity": "001.000",
            "discount": "00032.000",
            "discountType": " ",
            "optative": " ",
            "description": "PSP SIMPLES NACIONAL B05                ",
            "itemSubcategory": "",
            "itemSegment": "",
            "itemSubsegment": "",
            "durationCode": "1000023591111111",
            "grouper": "000.000",
            "percent": "000.00",
            "optativeOne": " ",
            "sent": " ",
            "action": "A",
            "binCode": "",
            "messagePsg": ""
        },
        {
            "lineNumber": "48",
            "folio": "  19714477",
            "itemCategory": " 1",
            "type": "03",
            "startDate": "20250430",
            "endDate": "20250527",
            "itemSku": "   7502294225273",
            "category": "",
            "providerType": "0",
            "requiredQuantity": "001.000",
            "discount": "00016.500",
            "discountType": " ",
            "optative": " ",
            "description": "PSP SIMPLES NACIONAL B05                ",
            "itemSubcategory": "",
            "itemSegment": "",
            "itemSubsegment": "",
            "durationCode": "1000023591111111",
            "grouper": "000.000",
            "percent": "000.00",
            "optativeOne": " ",
            "sent": " ",
            "action": "A",
            "binCode": "",
            "messagePsg": ""
        },
        {
            "lineNumber": "49",
            "folio": "  19714477",
            "itemCategory": " 1",
            "type": "03",
            "startDate": "20250430",
            "endDate": "20250527",
            "itemSku": "   7503000437652",
            "category": "",
            "providerType": "0",
            "requiredQuantity": "001.000",
            "discount": "00043.000",
            "discountType": " ",
            "optative": " ",
            "description": "PSP SIMPLES NACIONAL B05                ",
            "itemSubcategory": "",
            "itemSegment": "",
            "itemSubsegment": "",
            "durationCode": "1000023591111111",
            "grouper": "000.000",
            "percent": "000.00",
            "optativeOne": " ",
            "sent": " ",
            "action": "A",
            "binCode": "",
            "messagePsg": ""
        },
        {
            "lineNumber": "50",
            "folio": "  19714477",
            "itemCategory": " 1",
            "type": "03",
            "startDate": "20250430",
            "endDate": "20250527",
            "itemSku": "   7503000438321",
            "category": "",
            "providerType": "0",
            "requiredQuantity": "001.000",
            "discount": "00036.000",
            "discountType": " ",
            "optative": " ",
            "description": "PSP SIMPLES NACIONAL B05                ",
            "itemSubcategory": "",
            "itemSegment": "",
            "itemSubsegment": "",
            "durationCode": "1000023591111111",
            "grouper": "000.000",
            "percent": "000.00",
            "optativeOne": " ",
            "sent": " ",
            "action": "A",
            "binCode": "",
            "messagePsg": ""
        },
        {
            "lineNumber": "51",
            "folio": "  19714477",
            "itemCategory": " 1",
            "type": "03",
            "startDate": "20250430",
            "endDate": "20250527",
            "itemSku": "   7503036165437",
            "category": "",
            "providerType": "0",
            "requiredQuantity": "001.000",
            "discount": "00035.000",
            "discountType": " ",
            "optative": " ",
            "description": "PSP SIMPLES NACIONAL B05                ",
            "itemSubcategory": "",
            "itemSegment": "",
            "itemSubsegment": "",
            "durationCode": "1000023591111111",
            "grouper": "000.000",
            "percent": "000.00",
            "optativeOne": " ",
            "sent": " ",
            "action": "A",
            "binCode": "",
            "messagePsg": ""
        },
        {
            "lineNumber": "52",
            "folio": "  19714477",
            "itemCategory": " 1",
            "type": "03",
            "startDate": "20250430",
            "endDate": "20250527",
            "itemSku": "   7591005574007",
            "category": "",
            "providerType": "0",
            "requiredQuantity": "001.000",
            "discount": "00022.000",
            "discountType": " ",
            "optative": " ",
            "description": "PSP SIMPLES NACIONAL B05                ",
            "itemSubcategory": "",
            "itemSegment": "",
            "itemSubsegment": "",
            "durationCode": "1000023591111111",
            "grouper": "000.000",
            "percent": "000.00",
            "optativeOne": " ",
            "sent": " ",
            "action": "A",
            "binCode": "",
            "messagePsg": ""
        },
        {
            "lineNumber": "53",
            "folio": "  19714477",
            "itemCategory": " 1",
            "type": "03",
            "startDate": "20250430",
            "endDate": "20250527",
            "itemSku": "   7506425606900",
            "category": "",
            "providerType": "0",
            "requiredQuantity": "001.000",
            "discount": "00015.000",
            "discountType": " ",
            "optative": " ",
            "description": "PSP SIMPLES NACIONAL B05                ",
            "itemSubcategory": "",
            "itemSegment": "",
            "itemSubsegment": "",
            "durationCode": "1000023591111111",
            "grouper": "000.000",
            "percent": "000.00",
            "optativeOne": " ",
            "sent": " ",
            "action": "A",
            "binCode": "",
            "messagePsg": ""
        }
    ]
}