{
    "organizationCountry": "MX",
    "organizationName": "FEMSA Comercio",
    "businessName": "OXXO",
    "departmentId": "12NEO",
    "storeId": "52DUG",
    "numberOfRecords": "5",
    "searchId": "000000000000000000000000",
    "searchDate": "2025-05-30 00:11:21",
    "promotions": [
        {
            "lineNumber": "1",
            "folio": "  50695147",
            "itemCategory": " 1",
            "type": "02",
            "startDate": "20250528",
            "endDate": "20250701",
            "itemSku": "   7501055376827",
            "category": "",
            "providerType": "0",
            "requiredQuantity": "006.000",
            "discount": "00030.000",
            "discountType": "F",
            "optative": "1",
            "description": "PB NO CLORICOS                          ",
            "itemSubcategory": "",
            "itemSegment": "",
            "itemSubsegment": "",
            "durationCode": "1000023591111111",
            "grouper": "001.000",
            "percent": "000.00",
            "optativeOne": " ",
            "sent": " ",
            "action": "A",
            "binCode": "",
            "messagePsg": ""
        },
        {
            "lineNumber": "2",
            "folio": "  50695147",
            "itemCategory": " 1",
            "type": "02",
            "startDate": "20250528",
            "endDate": "20250701",
            "itemSku": "   7501055376810",
            "category": "",
            "providerType": "0",
            "requiredQuantity": "006.000",
            "discount": "00030.000",
            "discountType": "F",
            "optative": "1",
            "description": "PB NO CLORICOS                          ",
            "itemSubcategory": "",
            "itemSegment": "",
            "itemSubsegment": "",
            "durationCode": "1000023591111111",
            "grouper": "001.000",
            "percent": "000.00",
            "optativeOne": " ",
            "sent": " ",
            "action": "A",
            "binCode": "",
            "messagePsg": ""
        },
        {
            "lineNumber": "3",
            "folio": "  50695147",
            "itemCategory": " 1",
            "type": "02",
            "startDate": "20250528",
            "endDate": "20250701",
            "itemSku": "   7501055376803",
            "category": "",
            "providerType": "0",
            "requiredQuantity": "006.000",
            "discount": "00030.000",
            "discountType": "F",
            "optative": "1",
            "description": "PB NO CLORICOS                          ",
            "itemSubcategory": "",
            "itemSegment": "",
            "itemSubsegment": "",
            "durationCode": "1000023591111111",
            "grouper": "001.000",
            "percent": "000.00",
            "optativeOne": " ",
            "sent": " ",
            "action": "A",
            "binCode": "",
            "messagePsg": ""
        },
        {
            "lineNumber": "4",
            "folio": "  50695147",
            "itemCategory": " 1",
            "type": "02",
            "startDate": "20250528",
            "endDate": "20250701",
            "itemSku": "   7501055373901",
            "category": "",
            "providerType": "0",
            "requiredQuantity": "006.000",
            "discount": "00030.000",
            "discountType": "F",
            "optative": "1",
            "description": "PB NO CLORICOS                          ",
            "itemSubcategory": "",
            "itemSegment": "",
            "itemSubsegment": "",
            "durationCode": "1000023591111111",
            "grouper": "001.000",
            "percent": "000.00",
            "optativeOne": " ",
            "sent": " ",
            "action": "A",
            "binCode": "",
            "messagePsg": ""
        },
        {
            "lineNumber": "5",
            "folio": "  50738453",
            "itemCategory": " 1",
            "type": "03",
            "startDate": "20250528",
            "endDate": "20250701",
            "itemSku": "   7501020511468",
            "category": "",
            "providerType": "0",
            "requiredQuantity": "001.000",
            "discount": "00079.000",
            "discountType": "F",
            "optative": " ",
            "description": "PSP SIMPLES NACIONALES B06              ",
            "itemSubcategory": "",
            "itemSegment": "",
            "itemSubsegment": "",
            "durationCode": "1000023591111111",
            "grouper": "000.000",
            "percent": "000.00",
            "optativeOne": " ",
            "sent": " ",
            "action": "A",
            "binCode": "",
            "messagePsg": ""
        }
    ]
}