{
    "organizationCountry": "MX",
    "organizationName": "FEMSA Comercio",
    "businessName": "OXXO",
    "departmentId": "12NEO",
    "storeId": "52DUG",
    "numberOfRecords": "7",
    "searchId": "000000000000000000000000",
    "searchDate": "2025-05-13 15:20:45",
    "promotions": [
        {
            "lineNumber": "1",
            "folio": "  50652343",
            "itemCategory": " 1",
            "type": "02",
            "startDate": "20250514",
            "endDate": "20250611",
            "itemSku": "    014800515336",
            "category": "",
            "providerType": "0",
            "requiredQuantity": "002.000",
            "discount": "00080.000",
            "discountType": "F",
            "optative": "1",
            "description": "233756_1 2 x Clamato Varie              ",
            "itemSubcategory": "",
            "itemSegment": "",
            "itemSubsegment": "",
            "durationCode": "1000023591111111",
            "grouper": "001.000",
            "percent": "000.00",
            "optativeOne": " ",
            "sent": " ",
            "action": "A",
            "binCode": "",
            "messagePsg": ""
        },
        {
            "lineNumber": "2",
            "folio": "  50652418",
            "itemCategory": " 1",
            "type": "00",
            "startDate": "20250514",
            "endDate": "20250611",
            "itemSku": "   7502294221800",
            "category": "",
            "providerType": "0",
            "requiredQuantity": "001.000",
            "discount": "00010.000",
            "discountType": "F",
            "optative": "1",
            "description": "233623_1 Powerade 1L  +  $ l            ",
            "itemSubcategory": "",
            "itemSegment": "",
            "itemSubsegment": "",
            "durationCode": "1000023591111111",
            "grouper": "002.000",
            "percent": "000.00",
            "optativeOne": " ",
            "sent": " ",
            "action": "A",
            "binCode": "",
            "messagePsg": ""
        },
        {
            "lineNumber": "3",
            "folio": "  50652418",
            "itemCategory": " 1",
            "type": "00",
            "startDate": "20250514",
            "endDate": "20250611",
            "itemSku": "   7501055329373",
            "category": "",
            "providerType": "0",
            "requiredQuantity": "001.000",
            "discount": "00000.010",
            "discountType": "P",
            "optative": "2",
            "description": "233623_1 Powerade 1L  +  $ l            ",
            "itemSubcategory": "",
            "itemSegment": "",
            "itemSubsegment": "",
            "durationCode": "1000023591111111",
            "grouper": "002.000",
            "percent": "000.00",
            "optativeOne": " ",
            "sent": " ",
            "action": "A",
            "binCode": "",
            "messagePsg": ""
        },
        {
            "lineNumber": "4",
            "folio": "  50652418",
            "itemCategory": " 1",
            "type": "00",
            "startDate": "20250514",
            "endDate": "20250611",
            "itemSku": "   7501055317684",
            "category": "",
            "providerType": "0",
            "requiredQuantity": "001.000",
            "discount": "00000.010",
            "discountType": "P",
            "optative": "2",
            "description": "233623_1 Powerade 1L  +  $ l            ",
            "itemSubcategory": "",
            "itemSegment": "",
            "itemSubsegment": "",
            "durationCode": "1000023591111111",
            "grouper": "002.000",
            "percent": "000.00",
            "optativeOne": " ",
            "sent": " ",
            "action": "A",
            "binCode": "",
            "messagePsg": ""
        },
        {
            "lineNumber": "5",
            "folio": "  50652418",
            "itemCategory": " 1",
            "type": "00",
            "startDate": "20250514",
            "endDate": "20250611",
            "itemSku": "   7501055317653",
            "category": "",
            "providerType": "0",
            "requiredQuantity": "001.000",
            "discount": "00000.010",
            "discountType": "P",
            "optative": "2",
            "description": "233623_1 Powerade 1L  +  $ l            ",
            "itemSubcategory": "",
            "itemSegment": "",
            "itemSubsegment": "",
            "durationCode": "1000023591111111",
            "grouper": "002.000",
            "percent": "000.00",
            "optativeOne": " ",
            "sent": " ",
            "action": "A",
            "binCode": "",
            "messagePsg": ""
        },
        {
            "lineNumber": "6",
            "folio": "  50652418",
            "itemCategory": " 1",
            "type": "00",
            "startDate": "20250514",
            "endDate": "20250611",
            "itemSku": "   7501055317660",
            "category": "",
            "providerType": "0",
            "requiredQuantity": "001.000",
            "discount": "00000.010",
            "discountType": "P",
            "optative": "2",
            "description": "233623_1 Powerade 1L  +  $ l            ",
            "itemSubcategory": "",
            "itemSegment": "",
            "itemSubsegment": "",
            "durationCode": "1000023591111111",
            "grouper": "002.000",
            "percent": "000.00",
            "optativeOne": " ",
            "sent": " ",
            "action": "A",
            "binCode": "",
            "messagePsg": ""
        },
        {
            "lineNumber": "7",
            "folio": "  50653095",
            "itemCategory": " 1",
            "type": "02",
            "startDate": "20250514",
            "endDate": "20250611",
            "itemSku": "    014800515336",
            "category": "",
            "providerType": "0",
            "requiredQuantity": "003.000",
            "discount": "00100.000",
            "discountType": "F",
            "optative": "1",
            "description": "233768_1 3 x Clamato Varie              ",
            "itemSubcategory": "",
            "itemSegment": "",
            "itemSubsegment": "",
            "durationCode": "1000023591111111",
            "grouper": "001.000",
            "percent": "000.00",
            "optativeOne": " ",
            "sent": " ",
            "action": "A",
            "binCode": "",
            "messagePsg": ""
        }
    ]
}