{
    "organizationCountry": "MX",
    "organizationName": "FEMSA Comercio",
    "businessName": "OXXO",
    "departmentId": "12NEO",
    "storeId": "52DUG",
    "numberOfRecords": "4",
    "searchId": "000000000000000000000000",
    "searchDate": "2025-07-17 13:31:30",
    "promotions": [
        {
            "lineNumber": "1",
            "folio": "  50858634",
            "itemCategory": " 1",
            "type": "02",
            "startDate": "20250717",
            "endDate": "20250729",
            "itemSku": "   7501020548495",
            "category": "",
            "providerType": "0",
            "requiredQuantity": "002.000",
            "discount": "00070.000",
            "discountType": "F",
            "optative": "1",
            "description": "PB LECHE LALA 1L 2X$70                  ",
            "itemSubcategory": "",
            "itemSegment": "",
            "itemSubsegment": "",
            "durationCode": "1000023591111111",
            "grouper": "001.000",
            "percent": "000.00",
            "optativeOne": " ",
            "sent": " ",
            "action": "A",
            "binCode": "",
            "messagePsg": ""
        },
        {
            "lineNumber": "2",
            "folio": "  50858634",
            "itemCategory": " 1",
            "type": "02",
            "startDate": "20250717",
            "endDate": "20250729",
            "itemSku": "   7501020550979",
            "category": "",
            "providerType": "0",
            "requiredQuantity": "002.000",
            "discount": "00070.000",
            "discountType": "F",
            "optative": "1",
            "description": "PB LECHE LALA 1L 2X$70                  ",
            "itemSubcategory": "",
            "itemSegment": "",
            "itemSubsegment": "",
            "durationCode": "1000023591111111",
            "grouper": "001.000",
            "percent": "000.00",
            "optativeOne": " ",
            "sent": " ",
            "action": "A",
            "binCode": "",
            "messagePsg": ""
        },
        {
            "lineNumber": "3",
            "folio": "  50858634",
            "itemCategory": " 1",
            "type": "02",
            "startDate": "20250717",
            "endDate": "20250729",
            "itemSku": "   7501020550986",
            "category": "",
            "providerType": "0",
            "requiredQuantity": "002.000",
            "discount": "00070.000",
            "discountType": "F",
            "optative": "1",
            "description": "PB LECHE LALA 1L 2X$70                  ",
            "itemSubcategory": "",
            "itemSegment": "",
            "itemSubsegment": "",
            "durationCode": "1000023591111111",
            "grouper": "001.000",
            "percent": "000.00",
            "optativeOne": " ",
            "sent": " ",
            "action": "A",
            "binCode": "",
            "messagePsg": ""
        },
        {
            "lineNumber": "4",
            "folio": "  50858634",
            "itemCategory": " 1",
            "type": "02",
            "startDate": "20250717",
            "endDate": "20250729",
            "itemSku": "   7501020548440",
            "category": "",
            "providerType": "0",
            "requiredQuantity": "002.000",
            "discount": "00070.000",
            "discountType": "F",
            "optative": "1",
            "description": "PB LECHE LALA 1L 2X$70                  ",
            "itemSubcategory": "",
            "itemSegment": "",
            "itemSubsegment": "",
            "durationCode": "1000023591111111",
            "grouper": "001.000",
            "percent": "000.00",
            "optativeOne": " ",
            "sent": " ",
            "action": "A",
            "binCode": "",
            "messagePsg": ""
        }
    ]
}