{
    "organizationCountry": "MX",
    "organizationName": "FEMSA Comercio",
    "businessName": "OXXO",
    "departmentId": "12NEO",
    "storeId": "52DUG",
    "numberOfRecords": "1",
    "searchId": "000000000000000000000000",
    "searchDate": "2025-06-11 17:46:32",
    "promotions": [
        {
            "lineNumber": "1",
            "folio": "  50659089",
            "itemCategory": " 1",
            "type": "02",
            "startDate": "20250528",
            "endDate": "20250701",
            "itemSku": "   7501061651543",
            "category": "",
            "providerType": "0",
            "requiredQuantity": "006.000",
            "discount": "00063.000",
            "discountType": "F",
            "optative": "1",
            "description": "PB CARTA BLANCA 355ML                   ",
            "itemSubcategory": "",
            "itemSegment": "",
            "itemSubsegment": "",
            "durationCode": "1000023591111111",
            "grouper": "001.000",
            "percent": "000.00",
            "optativeOne": " ",
            "sent": " ",
            "action": "A",
            "binCode": "",
            "messagePsg": ""
        }
    ]
}