{
    "organizationCountry": "MX",
    "organizationName": "FEMSA Comercio",
    "businessName": "OXXO",
    "departmentId": "12NEO",
    "storeId": "52DUG",
    "numberOfRecords": "12",
    "searchId": "000000000000000000000000",
    "searchDate": "2025-06-30 08:58:12",
    "promotions": [
        {
            "lineNumber": "1",
            "folio": "  50843207",
            "itemCategory": " 1",
            "type": "03",
            "startDate": "20250701",
            "endDate": "20250731",
            "itemSku": "   7501064114359",
            "category": "",
            "providerType": "0",
            "requiredQuantity": "001.000",
            "discount": "00062.000",
            "discountType": "F",
            "optative": " ",
            "description": "PB BARRILITO                            ",
            "itemSubcategory": "",
            "itemSegment": "",
            "itemSubsegment": "",
            "durationCode": "1000023591111111",
            "grouper": "000.000",
            "percent": "000.00",
            "optativeOne": " ",
            "sent": " ",
            "action": "A",
            "binCode": "",
            "messagePsg": ""
        },
        {
            "lineNumber": "2",
            "folio": "  50843207",
            "itemCategory": " 1",
            "type": "03",
            "startDate": "20250701",
            "endDate": "20250731",
            "itemSku": "   7501064120268",
            "category": "",
            "providerType": "0",
            "requiredQuantity": "001.000",
            "discount": "00224.000",
            "discountType": "F",
            "optative": " ",
            "description": "PB BARRILITO                            ",
            "itemSubcategory": "",
            "itemSegment": "",
            "itemSubsegment": "",
            "durationCode": "1000023591111111",
            "grouper": "000.000",
            "percent": "000.00",
            "optativeOne": " ",
            "sent": " ",
            "action": "A",
            "binCode": "",
            "messagePsg": ""
        },
        {
            "lineNumber": "3",
            "folio": "  50843207",
            "itemCategory": " 1",
            "type": "03",
            "startDate": "20250701",
            "endDate": "20250731",
            "itemSku": "   7503024460452",
            "category": "",
            "providerType": "0",
            "requiredQuantity": "001.000",
            "discount": "00062.000",
            "discountType": "F",
            "optative": " ",
            "description": "PB BARRILITO                            ",
            "itemSubcategory": "",
            "itemSegment": "",
            "itemSubsegment": "",
            "durationCode": "1000023591111111",
            "grouper": "000.000",
            "percent": "000.00",
            "optativeOne": " ",
            "sent": " ",
            "action": "A",
            "binCode": "",
            "messagePsg": ""
        },
        {
            "lineNumber": "4",
            "folio": "  50843216",
            "itemCategory": " 1",
            "type": "02",
            "startDate": "20250701",
            "endDate": "20250731",
            "itemSku": "   7501064193859",
            "category": "",
            "providerType": "0",
            "requiredQuantity": "004.000",
            "discount": "00094.000",
            "discountType": "F",
            "optative": "1",
            "description": "PB LATONES                              ",
            "itemSubcategory": "",
            "itemSegment": "",
            "itemSubsegment": "",
            "durationCode": "1000023591111111",
            "grouper": "001.000",
            "percent": "000.00",
            "optativeOne": " ",
            "sent": " ",
            "action": "A",
            "binCode": "",
            "messagePsg": ""
        },
        {
            "lineNumber": "5",
            "folio": "  50843216",
            "itemCategory": " 1",
            "type": "02",
            "startDate": "20250701",
            "endDate": "20250731",
            "itemSku": "   7501064194139",
            "category": "",
            "providerType": "0",
            "requiredQuantity": "004.000",
            "discount": "00094.000",
            "discountType": "F",
            "optative": "1",
            "description": "PB LATONES                              ",
            "itemSubcategory": "",
            "itemSegment": "",
            "itemSubsegment": "",
            "durationCode": "1000023591111111",
            "grouper": "001.000",
            "percent": "000.00",
            "optativeOne": " ",
            "sent": " ",
            "action": "A",
            "binCode": "",
            "messagePsg": ""
        },
        {
            "lineNumber": "6",
            "folio": "  50843216",
            "itemCategory": " 1",
            "type": "02",
            "startDate": "20250701",
            "endDate": "20250731",
            "itemSku": "   7501064194962",
            "category": "",
            "providerType": "0",
            "requiredQuantity": "004.000",
            "discount": "00094.000",
            "discountType": "F",
            "optative": "1",
            "description": "PB LATONES                              ",
            "itemSubcategory": "",
            "itemSegment": "",
            "itemSubsegment": "",
            "durationCode": "1000023591111111",
            "grouper": "001.000",
            "percent": "000.00",
            "optativeOne": " ",
            "sent": " ",
            "action": "A",
            "binCode": "",
            "messagePsg": ""
        },
        {
            "lineNumber": "7",
            "folio": "  50843219",
            "itemCategory": " 1",
            "type": "02",
            "startDate": "20250701",
            "endDate": "20250731",
            "itemSku": "   7501064112546",
            "category": "",
            "providerType": "0",
            "requiredQuantity": "006.000",
            "discount": "00122.000",
            "discountType": "F",
            "optative": "1",
            "description": "PB SIX ESPECIAL                         ",
            "itemSubcategory": "",
            "itemSegment": "",
            "itemSubsegment": "",
            "durationCode": "1000023591111111",
            "grouper": "001.000",
            "percent": "000.00",
            "optativeOne": " ",
            "sent": " ",
            "action": "A",
            "binCode": "",
            "messagePsg": ""
        },
        {
            "lineNumber": "8",
            "folio": "  50843462",
            "itemCategory": " 1",
            "type": "02",
            "startDate": "20250701",
            "endDate": "20250731",
            "itemSku": "   7501064191886",
            "category": "",
            "providerType": "0",
            "requiredQuantity": "004.000",
            "discount": "00100.000",
            "discountType": "F",
            "optative": "1",
            "description": "PB LATON MODELO                         ",
            "itemSubcategory": "",
            "itemSegment": "",
            "itemSubsegment": "",
            "durationCode": "1000023591111111",
            "grouper": "001.000",
            "percent": "000.00",
            "optativeOne": " ",
            "sent": " ",
            "action": "A",
            "binCode": "",
            "messagePsg": ""
        },
        {
            "lineNumber": "9",
            "folio": "  50843463",
            "itemCategory": " 1",
            "type": "02",
            "startDate": "20250701",
            "endDate": "20250731",
            "itemSku": "   7503024460698",
            "category": "",
            "providerType": "0",
            "requiredQuantity": "002.000",
            "discount": "00042.000",
            "discountType": "F",
            "optative": "1",
            "description": "PB VICKYS                               ",
            "itemSubcategory": "",
            "itemSegment": "",
            "itemSubsegment": "",
            "durationCode": "1000023591111111",
            "grouper": "001.000",
            "percent": "000.00",
            "optativeOne": " ",
            "sent": " ",
            "action": "A",
            "binCode": "",
            "messagePsg": ""
        },
        {
            "lineNumber": "10",
            "folio": "  50843463",
            "itemCategory": " 1",
            "type": "02",
            "startDate": "20250701",
            "endDate": "20250731",
            "itemSku": "   7501064199769",
            "category": "",
            "providerType": "0",
            "requiredQuantity": "002.000",
            "discount": "00042.000",
            "discountType": "F",
            "optative": "1",
            "description": "PB VICKYS                               ",
            "itemSubcategory": "",
            "itemSegment": "",
            "itemSubsegment": "",
            "durationCode": "1000023591111111",
            "grouper": "001.000",
            "percent": "000.00",
            "optativeOne": " ",
            "sent": " ",
            "action": "A",
            "binCode": "",
            "messagePsg": ""
        },
        {
            "lineNumber": "11",
            "folio": "  50843465",
            "itemCategory": " 1",
            "type": "02",
            "startDate": "20250701",
            "endDate": "20250731",
            "itemSku": "   7501064114359",
            "category": "",
            "providerType": "0",
            "requiredQuantity": "002.000",
            "discount": "00122.000",
            "discountType": "F",
            "optative": "1",
            "description": "PB BARRILITO                            ",
            "itemSubcategory": "",
            "itemSegment": "",
            "itemSubsegment": "",
            "durationCode": "1000023591111111",
            "grouper": "001.000",
            "percent": "000.00",
            "optativeOne": " ",
            "sent": " ",
            "action": "A",
            "binCode": "",
            "messagePsg": ""
        },
        {
            "lineNumber": "12",
            "folio": "  50843465",
            "itemCategory": " 1",
            "type": "02",
            "startDate": "20250701",
            "endDate": "20250731",
            "itemSku": "   7503024460452",
            "category": "",
            "providerType": "0",
            "requiredQuantity": "002.000",
            "discount": "00122.000",
            "discountType": "F",
            "optative": "1",
            "description": "PB BARRILITO                            ",
            "itemSubcategory": "",
            "itemSegment": "",
            "itemSubsegment": "",
            "durationCode": "1000023591111111",
            "grouper": "001.000",
            "percent": "000.00",
            "optativeOne": " ",
            "sent": " ",
            "action": "A",
            "binCode": "",
            "messagePsg": ""
        }
    ]
}