{
    "organizationCountry": "MX",
    "organizationName": "FEMSA Comercio",
    "businessName": "OXXO",
    "departmentId": "12NEO",
    "storeId": "52DUG",
    "numberOfRecords": "32",
    "searchId": "000000000000000000000000",
    "searchDate": "2025-07-01 14:49:12",
    "promotions": [
        {
            "lineNumber": "1",
            "folio": "  50774777",
            "itemCategory": " 1",
            "type": "03",
            "startDate": "20250606",
            "endDate": "20250630",
            "itemSku": "   7501064114359",
            "category": "",
            "providerType": "0",
            "requiredQuantity": "000.000",
            "discount": "00000.000",
            "discountType": " ",
            "optative": " ",
            "description": "PB BARRILITO                            ",
            "itemSubcategory": "",
            "itemSegment": "",
            "itemSubsegment": "",
            "durationCode": "1000023591111111",
            "grouper": "000.000",
            "percent": "000.00",
            "optativeOne": " ",
            "sent": " ",
            "action": "F",
            "binCode": "",
            "messagePsg": ""
        },
        {
            "lineNumber": "2",
            "folio": "  50774779",
            "itemCategory": " 1",
            "type": "03",
            "startDate": "20250606",
            "endDate": "20250630",
            "itemSku": "   7501064114359",
            "category": "",
            "providerType": "0",
            "requiredQuantity": "000.000",
            "discount": "00000.000",
            "discountType": " ",
            "optative": " ",
            "description": "PB BARRILITO                            ",
            "itemSubcategory": "",
            "itemSegment": "",
            "itemSubsegment": "",
            "durationCode": "1000023591111111",
            "grouper": "000.000",
            "percent": "000.00",
            "optativeOne": " ",
            "sent": " ",
            "action": "F",
            "binCode": "",
            "messagePsg": ""
        },
        {
            "lineNumber": "3",
            "folio": "  50774780",
            "itemCategory": " 1",
            "type": "03",
            "startDate": "20250606",
            "endDate": "20250630",
            "itemSku": "   7501064112546",
            "category": "",
            "providerType": "0",
            "requiredQuantity": "000.000",
            "discount": "00000.000",
            "discountType": " ",
            "optative": " ",
            "description": "PB SIX ESPECIAL                         ",
            "itemSubcategory": "",
            "itemSegment": "",
            "itemSubsegment": "",
            "durationCode": "1000023591111111",
            "grouper": "000.000",
            "percent": "000.00",
            "optativeOne": " ",
            "sent": " ",
            "action": "F",
            "binCode": "",
            "messagePsg": ""
        },
        {
            "lineNumber": "4",
            "folio": "  50843219",
            "itemCategory": " 1",
            "type": "03",
            "startDate": "20250701",
            "endDate": "20250630",
            "itemSku": "   7501064112546",
            "category": "",
            "providerType": "0",
            "requiredQuantity": "000.000",
            "discount": "00000.000",
            "discountType": " ",
            "optative": " ",
            "description": "PB SIX ESPECIAL                         ",
            "itemSubcategory": "",
            "itemSegment": "",
            "itemSubsegment": "",
            "durationCode": "1000023591111111",
            "grouper": "000.000",
            "percent": "000.00",
            "optativeOne": " ",
            "sent": " ",
            "action": "F",
            "binCode": "",
            "messagePsg": ""
        },
        {
            "lineNumber": "5",
            "folio": "  50843805",
            "itemCategory": " 1",
            "type": "03",
            "startDate": "20250702",
            "endDate": "20250729",
            "itemSku": "    020800600347",
            "category": "",
            "providerType": "0",
            "requiredQuantity": "001.000",
            "discount": "00039.000",
            "discountType": "F",
            "optative": " ",
            "description": "PSP SIMPLES NACIONAL B07                ",
            "itemSubcategory": "",
            "itemSegment": "",
            "itemSubsegment": "",
            "durationCode": "1000023591111111",
            "grouper": "000.000",
            "percent": "000.00",
            "optativeOne": " ",
            "sent": " ",
            "action": "A",
            "binCode": "",
            "messagePsg": ""
        },
        {
            "lineNumber": "6",
            "folio": "  50843806",
            "itemCategory": " 1",
            "type": "03",
            "startDate": "20250702",
            "endDate": "20250729",
            "itemSku": "    013117011753",
            "category": "",
            "providerType": "0",
            "requiredQuantity": "001.000",
            "discount": "00125.000",
            "discountType": "F",
            "optative": " ",
            "description": "PSP SIMPLES NACIONAL B07                ",
            "itemSubcategory": "",
            "itemSegment": "",
            "itemSubsegment": "",
            "durationCode": "1000023591111111",
            "grouper": "000.000",
            "percent": "000.00",
            "optativeOne": " ",
            "sent": " ",
            "action": "A",
            "binCode": "",
            "messagePsg": ""
        },
        {
            "lineNumber": "7",
            "folio": "  50843807",
            "itemCategory": " 1",
            "type": "03",
            "startDate": "20250702",
            "endDate": "20250729",
            "itemSku": "    013117011531",
            "category": "",
            "providerType": "0",
            "requiredQuantity": "001.000",
            "discount": "00135.000",
            "discountType": "F",
            "optative": " ",
            "description": "PSP SIMPLES NACIONAL B07                ",
            "itemSubcategory": "",
            "itemSegment": "",
            "itemSubsegment": "",
            "durationCode": "1000023591111111",
            "grouper": "000.000",
            "percent": "000.00",
            "optativeOne": " ",
            "sent": " ",
            "action": "A",
            "binCode": "",
            "messagePsg": ""
        },
        {
            "lineNumber": "8",
            "folio": "  50843808",
            "itemCategory": " 1",
            "type": "03",
            "startDate": "20250702",
            "endDate": "20250729",
            "itemSku": "    013117000702",
            "category": "",
            "providerType": "0",
            "requiredQuantity": "001.000",
            "discount": "00185.000",
            "discountType": "F",
            "optative": " ",
            "description": "PSP SIMPLES NACIONAL B07                ",
            "itemSubcategory": "",
            "itemSegment": "",
            "itemSubsegment": "",
            "durationCode": "1000023591111111",
            "grouper": "000.000",
            "percent": "000.00",
            "optativeOne": " ",
            "sent": " ",
            "action": "A",
            "binCode": "",
            "messagePsg": ""
        },
        {
            "lineNumber": "9",
            "folio": "  50843809",
            "itemCategory": " 1",
            "type": "03",
            "startDate": "20250702",
            "endDate": "20250729",
            "itemSku": "    013117011180",
            "category": "",
            "providerType": "0",
            "requiredQuantity": "001.000",
            "discount": "00120.000",
            "discountType": "F",
            "optative": " ",
            "description": "PSP SIMPLES NACIONAL B07                ",
            "itemSubcategory": "",
            "itemSegment": "",
            "itemSubsegment": "",
            "durationCode": "1000023591111111",
            "grouper": "000.000",
            "percent": "000.00",
            "optativeOne": " ",
            "sent": " ",
            "action": "A",
            "binCode": "",
            "messagePsg": ""
        },
        {
            "lineNumber": "10",
            "folio": "  50843810",
            "itemCategory": " 1",
            "type": "03",
            "startDate": "20250702",
            "endDate": "20250729",
            "itemSku": "    041789002915",
            "category": "",
            "providerType": "0",
            "requiredQuantity": "001.000",
            "discount": "00007.000",
            "discountType": "F",
            "optative": " ",
            "description": "PSP SIMPLES NACIONAL B07                ",
            "itemSubcategory": "",
            "itemSegment": "",
            "itemSubsegment": "",
            "durationCode": "1000023591111111",
            "grouper": "000.000",
            "percent": "000.00",
            "optativeOne": " ",
            "sent": " ",
            "action": "A",
            "binCode": "",
            "messagePsg": ""
        },
        {
            "lineNumber": "11",
            "folio": "  50843811",
            "itemCategory": " 1",
            "type": "03",
            "startDate": "20250702",
            "endDate": "20250729",
            "itemSku": "    041789002977",
            "category": "",
            "providerType": "0",
            "requiredQuantity": "001.000",
            "discount": "00007.000",
            "discountType": "F",
            "optative": " ",
            "description": "PSP SIMPLES NACIONAL B07                ",
            "itemSubcategory": "",
            "itemSegment": "",
            "itemSubsegment": "",
            "durationCode": "1000023591111111",
            "grouper": "000.000",
            "percent": "000.00",
            "optativeOne": " ",
            "sent": " ",
            "action": "A",
            "binCode": "",
            "messagePsg": ""
        },
        {
            "lineNumber": "12",
            "folio": "  50843812",
            "itemCategory": " 1",
            "type": "03",
            "startDate": "20250702",
            "endDate": "20250729",
            "itemSku": "    041789002960",
            "category": "",
            "providerType": "0",
            "requiredQuantity": "001.000",
            "discount": "00007.000",
            "discountType": "F",
            "optative": " ",
            "description": "PSP SIMPLES NACIONAL B07                ",
            "itemSubcategory": "",
            "itemSegment": "",
            "itemSubsegment": "",
            "durationCode": "1000023591111111",
            "grouper": "000.000",
            "percent": "000.00",
            "optativeOne": " ",
            "sent": " ",
            "action": "A",
            "binCode": "",
            "messagePsg": ""
        },
        {
            "lineNumber": "13",
            "folio": "  50843813",
            "itemCategory": " 1",
            "type": "03",
            "startDate": "20250702",
            "endDate": "20250729",
            "itemSku": "    041789002984",
            "category": "",
            "providerType": "0",
            "requiredQuantity": "001.000",
            "discount": "00007.000",
            "discountType": "F",
            "optative": " ",
            "description": "PSP SIMPLES NACIONAL B07                ",
            "itemSubcategory": "",
            "itemSegment": "",
            "itemSubsegment": "",
            "durationCode": "1000023591111111",
            "grouper": "000.000",
            "percent": "000.00",
            "optativeOne": " ",
            "sent": " ",
            "action": "A",
            "binCode": "",
            "messagePsg": ""
        },
        {
            "lineNumber": "14",
            "folio": "  50843817",
            "itemCategory": " 1",
            "type": "03",
            "startDate": "20250702",
            "endDate": "20250729",
            "itemSku": "    038629002068",
            "category": "",
            "providerType": "0",
            "requiredQuantity": "001.000",
            "discount": "00012.500",
            "discountType": "F",
            "optative": " ",
            "description": "PSP SIMPLES NACIONAL B07                ",
            "itemSubcategory": "",
            "itemSegment": "",
            "itemSubsegment": "",
            "durationCode": "1000023591111111",
            "grouper": "000.000",
            "percent": "000.00",
            "optativeOne": " ",
            "sent": " ",
            "action": "A",
            "binCode": "",
            "messagePsg": ""
        },
        {
            "lineNumber": "15",
            "folio": "  50843818",
            "itemCategory": " 1",
            "type": "03",
            "startDate": "20250702",
            "endDate": "20250729",
            "itemSku": "    067238891190",
            "category": "",
            "providerType": "0",
            "requiredQuantity": "001.000",
            "discount": "00030.000",
            "discountType": "F",
            "optative": " ",
            "description": "PSP SIMPLES NACIONAL B07                ",
            "itemSubcategory": "",
            "itemSegment": "",
            "itemSubsegment": "",
            "durationCode": "1000023591111111",
            "grouper": "000.000",
            "percent": "000.00",
            "optativeOne": " ",
            "sent": " ",
            "action": "A",
            "binCode": "",
            "messagePsg": ""
        },
        {
            "lineNumber": "16",
            "folio": "  50843819",
            "itemCategory": " 1",
            "type": "03",
            "startDate": "20250702",
            "endDate": "20250729",
            "itemSku": "    013117000719",
            "category": "",
            "providerType": "0",
            "requiredQuantity": "001.000",
            "discount": "00190.000",
            "discountType": "F",
            "optative": " ",
            "description": "PSP SIMPLES NACIONAL B07                ",
            "itemSubcategory": "",
            "itemSegment": "",
            "itemSubsegment": "",
            "durationCode": "1000023591111111",
            "grouper": "000.000",
            "percent": "000.00",
            "optativeOne": " ",
            "sent": " ",
            "action": "A",
            "binCode": "",
            "messagePsg": ""
        },
        {
            "lineNumber": "17",
            "folio": "  50843820",
            "itemCategory": " 1",
            "type": "03",
            "startDate": "20250702",
            "endDate": "20250729",
            "itemSku": "    013117019971",
            "category": "",
            "providerType": "0",
            "requiredQuantity": "001.000",
            "discount": "00195.000",
            "discountType": "F",
            "optative": " ",
            "description": "PSP SIMPLES NACIONAL B07                ",
            "itemSubcategory": "",
            "itemSegment": "",
            "itemSubsegment": "",
            "durationCode": "1000023591111111",
            "grouper": "000.000",
            "percent": "000.00",
            "optativeOne": " ",
            "sent": " ",
            "action": "A",
            "binCode": "",
            "messagePsg": ""
        },
        {
            "lineNumber": "18",
            "folio": "  50843821",
            "itemCategory": " 1",
            "type": "03",
            "startDate": "20250702",
            "endDate": "20250729",
            "itemSku": "    013117029284",
            "category": "",
            "providerType": "0",
            "requiredQuantity": "001.000",
            "discount": "00160.000",
            "discountType": "F",
            "optative": " ",
            "description": "PSP SIMPLES NACIONAL B07                ",
            "itemSubcategory": "",
            "itemSegment": "",
            "itemSubsegment": "",
            "durationCode": "1000023591111111",
            "grouper": "000.000",
            "percent": "000.00",
            "optativeOne": " ",
            "sent": " ",
            "action": "A",
            "binCode": "",
            "messagePsg": ""
        },
        {
            "lineNumber": "19",
            "folio": "  50843822",
            "itemCategory": " 1",
            "type": "03",
            "startDate": "20250702",
            "endDate": "20250729",
            "itemSku": "    013117023312",
            "category": "",
            "providerType": "0",
            "requiredQuantity": "001.000",
            "discount": "00155.000",
            "discountType": "F",
            "optative": " ",
            "description": "PSP SIMPLES NACIONAL B07                ",
            "itemSubcategory": "",
            "itemSegment": "",
            "itemSubsegment": "",
            "durationCode": "1000023591111111",
            "grouper": "000.000",
            "percent": "000.00",
            "optativeOne": " ",
            "sent": " ",
            "action": "A",
            "binCode": "",
            "messagePsg": ""
        },
        {
            "lineNumber": "20",
            "folio": "  50843823",
            "itemCategory": " 1",
            "type": "03",
            "startDate": "20250702",
            "endDate": "20250729",
            "itemSku": "    013117023305",
            "category": "",
            "providerType": "0",
            "requiredQuantity": "001.000",
            "discount": "00150.000",
            "discountType": "F",
            "optative": " ",
            "description": "PSP SIMPLES NACIONAL B07                ",
            "itemSubcategory": "",
            "itemSegment": "",
            "itemSubsegment": "",
            "durationCode": "1000023591111111",
            "grouper": "000.000",
            "percent": "000.00",
            "optativeOne": " ",
            "sent": " ",
            "action": "A",
            "binCode": "",
            "messagePsg": ""
        },
        {
            "lineNumber": "21",
            "folio": "  50843824",
            "itemCategory": " 1",
            "type": "03",
            "startDate": "20250702",
            "endDate": "20250729",
            "itemSku": "    013117023299",
            "category": "",
            "providerType": "0",
            "requiredQuantity": "001.000",
            "discount": "00145.000",
            "discountType": "F",
            "optative": " ",
            "description": "PSP SIMPLES NACIONAL B07                ",
            "itemSubcategory": "",
            "itemSegment": "",
            "itemSubsegment": "",
            "durationCode": "1000023591111111",
            "grouper": "000.000",
            "percent": "000.00",
            "optativeOne": " ",
            "sent": " ",
            "action": "A",
            "binCode": "",
            "messagePsg": ""
        },
        {
            "lineNumber": "22",
            "folio": "  50844718",
            "itemCategory": " 1",
            "type": "03",
            "startDate": "20250702",
            "endDate": "20250729",
            "itemSku": "   7500478044221",
            "category": "",
            "providerType": "0",
            "requiredQuantity": "001.000",
            "discount": "00018.000",
            "discountType": "F",
            "optative": " ",
            "description": "PB BOTANA SABRITAS                      ",
            "itemSubcategory": "",
            "itemSegment": "",
            "itemSubsegment": "",
            "durationCode": "1000023591111111",
            "grouper": "000.000",
            "percent": "000.00",
            "optativeOne": " ",
            "sent": " ",
            "action": "A",
            "binCode": "",
            "messagePsg": ""
        },
        {
            "lineNumber": "23",
            "folio": "  50844718",
            "itemCategory": " 1",
            "type": "03",
            "startDate": "20250702",
            "endDate": "20250729",
            "itemSku": "   7500478044092",
            "category": "",
            "providerType": "0",
            "requiredQuantity": "001.000",
            "discount": "00018.000",
            "discountType": "F",
            "optative": " ",
            "description": "PB BOTANA SABRITAS                      ",
            "itemSubcategory": "",
            "itemSegment": "",
            "itemSubsegment": "",
            "durationCode": "1000023591111111",
            "grouper": "000.000",
            "percent": "000.00",
            "optativeOne": " ",
            "sent": " ",
            "action": "A",
            "binCode": "",
            "messagePsg": ""
        },
        {
            "lineNumber": "24",
            "folio": "  50844809",
            "itemCategory": " 1",
            "type": "03",
            "startDate": "20250702",
            "endDate": "20250716",
            "itemSku": "   7500478042272",
            "category": "",
            "providerType": "0",
            "requiredQuantity": "001.000",
            "discount": "00065.000",
            "discountType": "F",
            "optative": " ",
            "description": "SALADITAS 1232Gr                        ",
            "itemSubcategory": "",
            "itemSegment": "",
            "itemSubsegment": "",
            "durationCode": "1000023591111111",
            "grouper": "000.000",
            "percent": "000.00",
            "optativeOne": " ",
            "sent": " ",
            "action": "A",
            "binCode": "",
            "messagePsg": ""
        },
        {
            "lineNumber": "25",
            "folio": "  50847705",
            "itemCategory": " 1",
            "type": "02",
            "startDate": "20250701",
            "endDate": "20250731",
            "itemSku": "   7501064112546",
            "category": "",
            "providerType": "0",
            "requiredQuantity": "006.000",
            "discount": "00112.000",
            "discountType": "F",
            "optative": "1",
            "description": "PB SIX ESPECIAL                         ",
            "itemSubcategory": "",
            "itemSegment": "",
            "itemSubsegment": "",
            "durationCode": "1000023591111111",
            "grouper": "001.000",
            "percent": "000.00",
            "optativeOne": " ",
            "sent": " ",
            "action": "A",
            "binCode": "",
            "messagePsg": ""
        },
        {
            "lineNumber": "26",
            "folio": "  50847757",
            "itemCategory": " 1",
            "type": "02",
            "startDate": "20250702",
            "endDate": "20250729",
            "itemSku": "   7502294222555",
            "category": "",
            "providerType": "0",
            "requiredQuantity": "002.000",
            "discount": "00045.000",
            "discountType": "F",
            "optative": "1",
            "description": "PB  Leche Parcialmente Bonamark 900ml   ",
            "itemSubcategory": "",
            "itemSegment": "",
            "itemSubsegment": "",
            "durationCode": "1000023591111111",
            "grouper": "001.000",
            "percent": "000.00",
            "optativeOne": " ",
            "sent": " ",
            "action": "A",
            "binCode": "",
            "messagePsg": ""
        },
        {
            "lineNumber": "27",
            "folio": "  50847764",
            "itemCategory": " 1",
            "type": "02",
            "startDate": "20250702",
            "endDate": "20250729",
            "itemSku": "   7502271157818",
            "category": "",
            "providerType": "0",
            "requiredQuantity": "002.000",
            "discount": "00045.000",
            "discountType": "F",
            "optative": "1",
            "description": "PB Leche Des UHT Bonamark 900ml         ",
            "itemSubcategory": "",
            "itemSegment": "",
            "itemSubsegment": "",
            "durationCode": "1000023591111111",
            "grouper": "001.000",
            "percent": "000.00",
            "optativeOne": " ",
            "sent": " ",
            "action": "A",
            "binCode": "",
            "messagePsg": ""
        },
        {
            "lineNumber": "28",
            "folio": "  50847825",
            "itemCategory": " 1",
            "type": "02",
            "startDate": "20250702",
            "endDate": "20250729",
            "itemSku": "   7502294222579",
            "category": "",
            "providerType": "0",
            "requiredQuantity": "002.000",
            "discount": "00035.000",
            "discountType": "F",
            "optative": "1",
            "description": "PB  Bonamark lavatrastes limon 500ml    ",
            "itemSubcategory": "",
            "itemSegment": "",
            "itemSubsegment": "",
            "durationCode": "1000023591111111",
            "grouper": "001.000",
            "percent": "000.00",
            "optativeOne": " ",
            "sent": " ",
            "action": "A",
            "binCode": "",
            "messagePsg": ""
        },
        {
            "lineNumber": "29",
            "folio": "  50847828",
            "itemCategory": " 1",
            "type": "03",
            "startDate": "20250702",
            "endDate": "20250729",
            "itemSku": "   7501039122181",
            "category": "",
            "providerType": "0",
            "requiredQuantity": "001.000",
            "discount": "00115.000",
            "discountType": "F",
            "optative": " ",
            "description": "PSP SIMPLES NACIONAL B07                ",
            "itemSubcategory": "",
            "itemSegment": "",
            "itemSubsegment": "",
            "durationCode": "1000023591111111",
            "grouper": "000.000",
            "percent": "000.00",
            "optativeOne": " ",
            "sent": " ",
            "action": "A",
            "binCode": "",
            "messagePsg": ""
        },
        {
            "lineNumber": "30",
            "folio": "  50847828",
            "itemCategory": " 1",
            "type": "03",
            "startDate": "20250702",
            "endDate": "20250729",
            "itemSku": "   7501052474076",
            "category": "",
            "providerType": "0",
            "requiredQuantity": "001.000",
            "discount": "00037.000",
            "discountType": "F",
            "optative": " ",
            "description": "PSP SIMPLES NACIONAL B07                ",
            "itemSubcategory": "",
            "itemSegment": "",
            "itemSubsegment": "",
            "durationCode": "1000023591111111",
            "grouper": "000.000",
            "percent": "000.00",
            "optativeOne": " ",
            "sent": " ",
            "action": "A",
            "binCode": "",
            "messagePsg": ""
        },
        {
            "lineNumber": "31",
            "folio": "  50847828",
            "itemCategory": " 1",
            "type": "03",
            "startDate": "20250702",
            "endDate": "20250729",
            "itemSku": "   7501039120149",
            "category": "",
            "providerType": "0",
            "requiredQuantity": "001.000",
            "discount": "00039.500",
            "discountType": "F",
            "optative": " ",
            "description": "PSP SIMPLES NACIONAL B07                ",
            "itemSubcategory": "",
            "itemSegment": "",
            "itemSubsegment": "",
            "durationCode": "1000023591111111",
            "grouper": "000.000",
            "percent": "000.00",
            "optativeOne": " ",
            "sent": " ",
            "action": "A",
            "binCode": "",
            "messagePsg": ""
        },
        {
            "lineNumber": "32",
            "folio": "  50847828",
            "itemCategory": " 1",
            "type": "03",
            "startDate": "20250702",
            "endDate": "20250729",
            "itemSku": "   7501039122099",
            "category": "",
            "providerType": "0",
            "requiredQuantity": "001.000",
            "discount": "00035.000",
            "discountType": "F",
            "optative": " ",
            "description": "PSP SIMPLES NACIONAL B07                ",
            "itemSubcategory": "",
            "itemSegment": "",
            "itemSubsegment": "",
            "durationCode": "1000023591111111",
            "grouper": "000.000",
            "percent": "000.00",
            "optativeOne": " ",
            "sent": " ",
            "action": "A",
            "binCode": "",
            "messagePsg": ""
        }
    ]
}