{
    "organizationCountry": "MX",
    "organizationName": "FEMSA Comercio",
    "businessName": "OXXO",
    "departmentId": "12NEO",
    "storeId": "52DUG",
    "numberOfRecords": "8",
    "searchId": "000000000000000000000000",
    "searchDate": "2025-05-15 00:04:18",
    "promotions": [
        {
            "lineNumber": "1",
            "folio": "  50669270",
            "itemCategory": " 1",
            "type": "02",
            "startDate": "20250515",
            "endDate": "20250527",
            "itemSku": "   7503032460062",
            "category": "",
            "providerType": "0",
            "requiredQuantity": "004.000",
            "discount": "00016.000",
            "discountType": "F",
            "optative": "1",
            "description": "PB Zuko 13g 4x$16                       ",
            "itemSubcategory": "",
            "itemSegment": "",
            "itemSubsegment": "",
            "durationCode": "1000023591111111",
            "grouper": "001.000",
            "percent": "000.00",
            "optativeOne": " ",
            "sent": " ",
            "action": "A",
            "binCode": "",
            "messagePsg": ""
        },
        {
            "lineNumber": "2",
            "folio": "  50669270",
            "itemCategory": " 1",
            "type": "02",
            "startDate": "20250515",
            "endDate": "20250527",
            "itemSku": "   7503032460079",
            "category": "",
            "providerType": "0",
            "requiredQuantity": "004.000",
            "discount": "00016.000",
            "discountType": "F",
            "optative": "1",
            "description": "PB Zuko 13g 4x$16                       ",
            "itemSubcategory": "",
            "itemSegment": "",
            "itemSubsegment": "",
            "durationCode": "1000023591111111",
            "grouper": "001.000",
            "percent": "000.00",
            "optativeOne": " ",
            "sent": " ",
            "action": "A",
            "binCode": "",
            "messagePsg": ""
        },
        {
            "lineNumber": "3",
            "folio": "  50669270",
            "itemCategory": " 1",
            "type": "02",
            "startDate": "20250515",
            "endDate": "20250527",
            "itemSku": "   7503032460093",
            "category": "",
            "providerType": "0",
            "requiredQuantity": "004.000",
            "discount": "00016.000",
            "discountType": "F",
            "optative": "1",
            "description": "PB Zuko 13g 4x$16                       ",
            "itemSubcategory": "",
            "itemSegment": "",
            "itemSubsegment": "",
            "durationCode": "1000023591111111",
            "grouper": "001.000",
            "percent": "000.00",
            "optativeOne": " ",
            "sent": " ",
            "action": "A",
            "binCode": "",
            "messagePsg": ""
        },
        {
            "lineNumber": "4",
            "folio": "  50669270",
            "itemCategory": " 1",
            "type": "02",
            "startDate": "20250515",
            "endDate": "20250527",
            "itemSku": "   7503032460055",
            "category": "",
            "providerType": "0",
            "requiredQuantity": "004.000",
            "discount": "00016.000",
            "discountType": "F",
            "optative": "1",
            "description": "PB Zuko 13g 4x$16                       ",
            "itemSubcategory": "",
            "itemSegment": "",
            "itemSubsegment": "",
            "durationCode": "1000023591111111",
            "grouper": "001.000",
            "percent": "000.00",
            "optativeOne": " ",
            "sent": " ",
            "action": "A",
            "binCode": "",
            "messagePsg": ""
        },
        {
            "lineNumber": "5",
            "folio": "  50669270",
            "itemCategory": " 1",
            "type": "02",
            "startDate": "20250515",
            "endDate": "20250527",
            "itemSku": "   7503032460086",
            "category": "",
            "providerType": "0",
            "requiredQuantity": "004.000",
            "discount": "00016.000",
            "discountType": "F",
            "optative": "1",
            "description": "PB Zuko 13g 4x$16                       ",
            "itemSubcategory": "",
            "itemSegment": "",
            "itemSubsegment": "",
            "durationCode": "1000023591111111",
            "grouper": "001.000",
            "percent": "000.00",
            "optativeOne": " ",
            "sent": " ",
            "action": "A",
            "binCode": "",
            "messagePsg": ""
        },
        {
            "lineNumber": "6",
            "folio": "  50669270",
            "itemCategory": " 1",
            "type": "02",
            "startDate": "20250515",
            "endDate": "20250527",
            "itemSku": "   7503032460109",
            "category": "",
            "providerType": "0",
            "requiredQuantity": "004.000",
            "discount": "00016.000",
            "discountType": "F",
            "optative": "1",
            "description": "PB Zuko 13g 4x$16                       ",
            "itemSubcategory": "",
            "itemSegment": "",
            "itemSubsegment": "",
            "durationCode": "1000023591111111",
            "grouper": "001.000",
            "percent": "000.00",
            "optativeOne": " ",
            "sent": " ",
            "action": "A",
            "binCode": "",
            "messagePsg": ""
        },
        {
            "lineNumber": "7",
            "folio": "  50669270",
            "itemCategory": " 1",
            "type": "02",
            "startDate": "20250515",
            "endDate": "20250527",
            "itemSku": "   7503032460123",
            "category": "",
            "providerType": "0",
            "requiredQuantity": "004.000",
            "discount": "00016.000",
            "discountType": "F",
            "optative": "1",
            "description": "PB Zuko 13g 4x$16                       ",
            "itemSubcategory": "",
            "itemSegment": "",
            "itemSubsegment": "",
            "durationCode": "1000023591111111",
            "grouper": "001.000",
            "percent": "000.00",
            "optativeOne": " ",
            "sent": " ",
            "action": "A",
            "binCode": "",
            "messagePsg": ""
        },
        {
            "lineNumber": "8",
            "folio": "  50669528",
            "itemCategory": " 1",
            "type": "02",
            "startDate": "20250515",
            "endDate": "20250527",
            "itemSku": "   7622210576781",
            "category": "",
            "providerType": "0",
            "requiredQuantity": "003.000",
            "discount": "00015.000",
            "discountType": "F",
            "optative": "1",
            "description": "PB Tang 3x$15                           ",
            "itemSubcategory": "",
            "itemSegment": "",
            "itemSubsegment": "",
            "durationCode": "1000023591111111",
            "grouper": "001.000",
            "percent": "000.00",
            "optativeOne": " ",
            "sent": " ",
            "action": "A",
            "binCode": "",
            "messagePsg": ""
        }
    ]
}