{
    "organizationCountry": "MX",
    "organizationName": "FEMSA Comercio",
    "businessName": "OXXO",
    "departmentId": "12NEO",
    "storeId": "52DUG",
    "numberOfRecords": "3",
    "searchId": "000000000000000000000000",
    "searchDate": "2025-06-30 16:48:53",
    "promotions": [
        {
            "lineNumber": "1",
            "folio": "  50798216",
            "itemCategory": " 1",
            "type": "03",
            "startDate": "20250612",
            "endDate": "20250630",
            "itemSku": "   7501064114359",
            "category": "",
            "providerType": "0",
            "requiredQuantity": "000.000",
            "discount": "00000.000",
            "discountType": " ",
            "optative": " ",
            "description": "PB BARRILITO                            ",
            "itemSubcategory": "",
            "itemSegment": "",
            "itemSubsegment": "",
            "durationCode": "1000023591111111",
            "grouper": "000.000",
            "percent": "000.00",
            "optativeOne": " ",
            "sent": " ",
            "action": "F",
            "binCode": "",
            "messagePsg": ""
        },
        {
            "lineNumber": "2",
            "folio": "  50843207",
            "itemCategory": " 1",
            "type": "03",
            "startDate": "20250701",
            "endDate": "20250731",
            "itemSku": "   7501064120268",
            "category": "",
            "providerType": "0",
            "requiredQuantity": "001.000",
            "discount": "00224.000",
            "discountType": "F",
            "optative": " ",
            "description": "PB BARRILITO                            ",
            "itemSubcategory": "",
            "itemSegment": "",
            "itemSubsegment": "",
            "durationCode": "1000023591111111",
            "grouper": "000.000",
            "percent": "000.00",
            "optativeOne": " ",
            "sent": " ",
            "action": "A",
            "binCode": "",
            "messagePsg": ""
        },
        {
            "lineNumber": "3",
            "folio": "  50843207",
            "itemCategory": " 1",
            "type": "03",
            "startDate": "20250701",
            "endDate": "20250731",
            "itemSku": "   7501064114359",
            "category": "",
            "providerType": "0",
            "requiredQuantity": "001.000",
            "discount": "00062.000",
            "discountType": "F",
            "optative": " ",
            "description": "PB BARRILITO                            ",
            "itemSubcategory": "",
            "itemSegment": "",
            "itemSubsegment": "",
            "durationCode": "1000023591111111",
            "grouper": "000.000",
            "percent": "000.00",
            "optativeOne": " ",
            "sent": " ",
            "action": "A",
            "binCode": "",
            "messagePsg": ""
        }
    ]
}