{
    "organizationCountry": "MX",
    "organizationName": "FEMSA Comercio",
    "businessName": "OXXO",
    "departmentId": "12NEO",
    "storeId": "52DUG",
    "numberOfRecords": "3",
    "searchId": "000000000000000000000000",
    "searchDate": "2025-05-06 21:54:01",
    "promotions": [
        {
            "lineNumber": "1",
            "folio": "  50654222",
            "itemCategory": " 1",
            "type": "02",
            "startDate": "20250506",
            "endDate": "20250611",
            "itemSku": "   7501055332496",
            "category": "               L",
            "providerType": "0",
            "requiredQuantity": "001.000",
            "discount": "00100.000",
            "discountType": "P",
            "optative": "1",
            "description": "SELLOXXO VALLE P6                       ",
            "itemSubcategory": "",
            "itemSegment": "",
            "itemSubsegment": "",
            "durationCode": "1000023591111111",
            "grouper": "001.000",
            "percent": "000.00",
            "optativeOne": " ",
            "sent": " ",
            "action": "A",
            "binCode": "",
            "messagePsg": ""
        },
        {
            "lineNumber": "2",
            "folio": "  50654222",
            "itemCategory": " 1",
            "type": "02",
            "startDate": "20250506",
            "endDate": "20250611",
            "itemSku": "   7501055332489",
            "category": "               L",
            "providerType": "0",
            "requiredQuantity": "001.000",
            "discount": "00100.000",
            "discountType": "P",
            "optative": "1",
            "description": "SELLOXXO VALLE P6                       ",
            "itemSubcategory": "",
            "itemSegment": "",
            "itemSubsegment": "",
            "durationCode": "1000023591111111",
            "grouper": "001.000",
            "percent": "000.00",
            "optativeOne": " ",
            "sent": " ",
            "action": "A",
            "binCode": "",
            "messagePsg": ""
        },
        {
            "lineNumber": "3",
            "folio": "  50654222",
            "itemCategory": " 1",
            "type": "02",
            "startDate": "20250506",
            "endDate": "20250611",
            "itemSku": "   7501055375646",
            "category": "               L",
            "providerType": "0",
            "requiredQuantity": "001.000",
            "discount": "00100.000",
            "discountType": "P",
            "optative": "1",
            "description": "SELLOXXO VALLE P6                       ",
            "itemSubcategory": "",
            "itemSegment": "",
            "itemSubsegment": "",
            "durationCode": "1000023591111111",
            "grouper": "001.000",
            "percent": "000.00",
            "optativeOne": " ",
            "sent": " ",
            "action": "A",
            "binCode": "",
            "messagePsg": ""
        }
    ]
}