{
    "organizationCountry": "MX",
    "organizationName": "FEMSA Comercio",
    "businessName": "OXXO",
    "departmentId": "12NEO",
    "storeId": "52DUG",
    "numberOfRecords": "3",
    "searchId": "000000000000000000000000",
    "searchDate": "2025-06-25 23:39:33",
    "promotions": [
        {
            "lineNumber": "1",
            "folio": "  50842472",
            "itemCategory": " 1",
            "type": "03",
            "startDate": "20250626",
            "endDate": "20250701",
            "itemSku": "   7509546697468",
            "category": "",
            "providerType": "0",
            "requiredQuantity": "001.000",
            "discount": "00037.000",
            "discountType": "F",
            "optative": " ",
            "description": "PSP NACIONALES B6                       ",
            "itemSubcategory": "",
            "itemSegment": "",
            "itemSubsegment": "",
            "durationCode": "1000023591111111",
            "grouper": "000.000",
            "percent": "000.00",
            "optativeOne": " ",
            "sent": " ",
            "action": "A",
            "binCode": "",
            "messagePsg": ""
        },
        {
            "lineNumber": "2",
            "folio": "  50842472",
            "itemCategory": " 1",
            "type": "03",
            "startDate": "20250626",
            "endDate": "20250701",
            "itemSku": "   7509546076218",
            "category": "",
            "providerType": "0",
            "requiredQuantity": "001.000",
            "discount": "00035.000",
            "discountType": "F",
            "optative": " ",
            "description": "PSP NACIONALES B6                       ",
            "itemSubcategory": "",
            "itemSegment": "",
            "itemSubsegment": "",
            "durationCode": "1000023591111111",
            "grouper": "000.000",
            "percent": "000.00",
            "optativeOne": " ",
            "sent": " ",
            "action": "A",
            "binCode": "",
            "messagePsg": ""
        },
        {
            "lineNumber": "3",
            "folio": "  50842472",
            "itemCategory": " 1",
            "type": "03",
            "startDate": "20250626",
            "endDate": "20250701",
            "itemSku": "   7509546694733",
            "category": "",
            "providerType": "0",
            "requiredQuantity": "001.000",
            "discount": "00025.000",
            "discountType": "F",
            "optative": " ",
            "description": "PSP NACIONALES B6                       ",
            "itemSubcategory": "",
            "itemSegment": "",
            "itemSubsegment": "",
            "durationCode": "1000023591111111",
            "grouper": "000.000",
            "percent": "000.00",
            "optativeOne": " ",
            "sent": " ",
            "action": "A",
            "binCode": "",
            "messagePsg": ""
        }
    ]
}