{
    "organizationCountry": "MX",
    "organizationName": "FEMSA Comercio",
    "businessName": "OXXO",
    "departmentId": "12NEO",
    "storeId": "52DUG",
    "numberOfRecords": "3",
    "searchId": "000000000000000000000000",
    "searchDate": "2025-07-22 09:32:12",
    "promotions": [
        {
            "lineNumber": "1",
            "folio": "  50842984",
            "itemCategory": " 1",
            "type": "02",
            "startDate": "20250723",
            "endDate": "20250729",
            "itemSku": "   7503032272771",
            "category": "",
            "providerType": "0",
            "requiredQuantity": "002.000",
            "discount": "00041.000",
            "discountType": "F",
            "optative": "1",
            "description": "PB HEINEKEN                             ",
            "itemSubcategory": "",
            "itemSegment": "",
            "itemSubsegment": "",
            "durationCode": "1000023591111111",
            "grouper": "001.000",
            "percent": "000.00",
            "optativeOne": " ",
            "sent": " ",
            "action": "A",
            "binCode": "",
            "messagePsg": ""
        },
        {
            "lineNumber": "2",
            "folio": "  50843362",
            "itemCategory": " 1",
            "type": "02",
            "startDate": "20250723",
            "endDate": "20250729",
            "itemSku": "   7501049912284",
            "category": "",
            "providerType": "0",
            "requiredQuantity": "002.000",
            "discount": "00041.000",
            "discountType": "F",
            "optative": "1",
            "description": "PB HEINEKEN                             ",
            "itemSubcategory": "",
            "itemSegment": "",
            "itemSubsegment": "",
            "durationCode": "1000023591111111",
            "grouper": "001.000",
            "percent": "000.00",
            "optativeOne": " ",
            "sent": " ",
            "action": "A",
            "binCode": "",
            "messagePsg": ""
        },
        {
            "lineNumber": "3",
            "folio": "  50848913",
            "itemCategory": " 1",
            "type": "02",
            "startDate": "20250723",
            "endDate": "20250729",
            "itemSku": "   7501049999360",
            "category": "",
            "providerType": "0",
            "requiredQuantity": "002.000",
            "discount": "00047.000",
            "discountType": "F",
            "optative": "1",
            "description": "PB Cerveza Heineken lata 473 ml 2X$47   ",
            "itemSubcategory": "",
            "itemSegment": "",
            "itemSubsegment": "",
            "durationCode": "1000023591111111",
            "grouper": "001.000",
            "percent": "000.00",
            "optativeOne": " ",
            "sent": " ",
            "action": "A",
            "binCode": "",
            "messagePsg": ""
        }
    ]
}