{
    "organizationCountry": "MX",
    "organizationName": "FEMSA Comercio",
    "businessName": "OXXO",
    "departmentId": "12NEO",
    "storeId": "52DUG",
    "numberOfRecords": "11",
    "searchId": "000000000000000000000000",
    "searchDate": "2025-07-02 22:39:05",
    "promotions": [
        {
            "lineNumber": "1",
            "folio": "  50824789",
            "itemCategory": " 1",
            "type": "03",
            "startDate": "20250702",
            "endDate": "20250701",
            "itemSku": "   7501130935512",
            "category": "",
            "providerType": "0",
            "requiredQuantity": "000.000",
            "discount": "00000.000",
            "discountType": " ",
            "optative": " ",
            "description": "PB Solero Lim\u00f3n 3X2$36                  ",
            "itemSubcategory": "",
            "itemSegment": "",
            "itemSubsegment": "",
            "durationCode": "1000023591111111",
            "grouper": "000.000",
            "percent": "000.00",
            "optativeOne": " ",
            "sent": " ",
            "action": "F",
            "binCode": "",
            "messagePsg": ""
        },
        {
            "lineNumber": "2",
            "folio": "  50825361",
            "itemCategory": " 1",
            "type": "03",
            "startDate": "20250702",
            "endDate": "20250701",
            "itemSku": "   7501020548495",
            "category": "",
            "providerType": "0",
            "requiredQuantity": "000.000",
            "discount": "00000.000",
            "discountType": " ",
            "optative": " ",
            "description": "PB 3 Pack Leche Entera UHT LALA 2X70    ",
            "itemSubcategory": "",
            "itemSegment": "",
            "itemSubsegment": "",
            "durationCode": "1000023591111111",
            "grouper": "000.000",
            "percent": "000.00",
            "optativeOne": " ",
            "sent": " ",
            "action": "F",
            "binCode": "",
            "messagePsg": ""
        },
        {
            "lineNumber": "3",
            "folio": "  50848026",
            "itemCategory": " 1",
            "type": "02",
            "startDate": "20250702",
            "endDate": "20250729",
            "itemSku": "   7791293032436",
            "category": "",
            "providerType": "0",
            "requiredQuantity": "002.000",
            "discount": "00090.000",
            "discountType": "F",
            "optative": "1",
            "description": "PB DEO 150ML                            ",
            "itemSubcategory": "",
            "itemSegment": "",
            "itemSubsegment": "",
            "durationCode": "1000023591111111",
            "grouper": "001.000",
            "percent": "000.00",
            "optativeOne": " ",
            "sent": " ",
            "action": "A",
            "binCode": "",
            "messagePsg": ""
        },
        {
            "lineNumber": "4",
            "folio": "  50848026",
            "itemCategory": " 1",
            "type": "02",
            "startDate": "20250702",
            "endDate": "20250729",
            "itemSku": "   7791293025797",
            "category": "",
            "providerType": "0",
            "requiredQuantity": "002.000",
            "discount": "00090.000",
            "discountType": "F",
            "optative": "1",
            "description": "PB DEO 150ML                            ",
            "itemSubcategory": "",
            "itemSegment": "",
            "itemSubsegment": "",
            "durationCode": "1000023591111111",
            "grouper": "001.000",
            "percent": "000.00",
            "optativeOne": " ",
            "sent": " ",
            "action": "A",
            "binCode": "",
            "messagePsg": ""
        },
        {
            "lineNumber": "5",
            "folio": "  50848026",
            "itemCategory": " 1",
            "type": "02",
            "startDate": "20250702",
            "endDate": "20250729",
            "itemSku": "   7791293022598",
            "category": "",
            "providerType": "0",
            "requiredQuantity": "002.000",
            "discount": "00090.000",
            "discountType": "F",
            "optative": "1",
            "description": "PB DEO 150ML                            ",
            "itemSubcategory": "",
            "itemSegment": "",
            "itemSubsegment": "",
            "durationCode": "1000023591111111",
            "grouper": "001.000",
            "percent": "000.00",
            "optativeOne": " ",
            "sent": " ",
            "action": "A",
            "binCode": "",
            "messagePsg": ""
        },
        {
            "lineNumber": "6",
            "folio": "  50848039",
            "itemCategory": " 1",
            "type": "02",
            "startDate": "20250702",
            "endDate": "20250729",
            "itemSku": "   7501020550986",
            "category": "",
            "providerType": "0",
            "requiredQuantity": "002.000",
            "discount": "00070.000",
            "discountType": "F",
            "optative": "1",
            "description": "PB 3 Pack Leche UHT LALA 2X70           ",
            "itemSubcategory": "",
            "itemSegment": "",
            "itemSubsegment": "",
            "durationCode": "1000023591111111",
            "grouper": "001.000",
            "percent": "000.00",
            "optativeOne": " ",
            "sent": " ",
            "action": "A",
            "binCode": "",
            "messagePsg": ""
        },
        {
            "lineNumber": "7",
            "folio": "  50848039",
            "itemCategory": " 1",
            "type": "02",
            "startDate": "20250702",
            "endDate": "20250729",
            "itemSku": "   7501020550979",
            "category": "",
            "providerType": "0",
            "requiredQuantity": "002.000",
            "discount": "00070.000",
            "discountType": "F",
            "optative": "1",
            "description": "PB 3 Pack Leche UHT LALA 2X70           ",
            "itemSubcategory": "",
            "itemSegment": "",
            "itemSubsegment": "",
            "durationCode": "1000023591111111",
            "grouper": "001.000",
            "percent": "000.00",
            "optativeOne": " ",
            "sent": " ",
            "action": "A",
            "binCode": "",
            "messagePsg": ""
        },
        {
            "lineNumber": "8",
            "folio": "  50848039",
            "itemCategory": " 1",
            "type": "02",
            "startDate": "20250702",
            "endDate": "20250729",
            "itemSku": "   7501020548495",
            "category": "",
            "providerType": "0",
            "requiredQuantity": "002.000",
            "discount": "00070.000",
            "discountType": "F",
            "optative": "1",
            "description": "PB 3 Pack Leche UHT LALA 2X70           ",
            "itemSubcategory": "",
            "itemSegment": "",
            "itemSubsegment": "",
            "durationCode": "1000023591111111",
            "grouper": "001.000",
            "percent": "000.00",
            "optativeOne": " ",
            "sent": " ",
            "action": "A",
            "binCode": "",
            "messagePsg": ""
        },
        {
            "lineNumber": "9",
            "folio": "  50848087",
            "itemCategory": " 1",
            "type": "02",
            "startDate": "20250702",
            "endDate": "20250729",
            "itemSku": "   7501130935512",
            "category": "",
            "providerType": "0",
            "requiredQuantity": "003.000",
            "discount": "00036.000",
            "discountType": "F",
            "optative": "1",
            "description": "PB Helados Holanda 3X$36                ",
            "itemSubcategory": "",
            "itemSegment": "",
            "itemSubsegment": "",
            "durationCode": "1000023591111111",
            "grouper": "001.000",
            "percent": "000.00",
            "optativeOne": " ",
            "sent": " ",
            "action": "A",
            "binCode": "",
            "messagePsg": ""
        },
        {
            "lineNumber": "10",
            "folio": "  50848087",
            "itemCategory": " 1",
            "type": "02",
            "startDate": "20250702",
            "endDate": "20250729",
            "itemSku": "   7501130900411",
            "category": "",
            "providerType": "0",
            "requiredQuantity": "003.000",
            "discount": "00036.000",
            "discountType": "F",
            "optative": "1",
            "description": "PB Helados Holanda 3X$36                ",
            "itemSubcategory": "",
            "itemSegment": "",
            "itemSubsegment": "",
            "durationCode": "1000023591111111",
            "grouper": "001.000",
            "percent": "000.00",
            "optativeOne": " ",
            "sent": " ",
            "action": "A",
            "binCode": "",
            "messagePsg": ""
        },
        {
            "lineNumber": "11",
            "folio": "  50848087",
            "itemCategory": " 1",
            "type": "02",
            "startDate": "20250702",
            "endDate": "20250729",
            "itemSku": "   7506306417359",
            "category": "",
            "providerType": "0",
            "requiredQuantity": "003.000",
            "discount": "00036.000",
            "discountType": "F",
            "optative": "1",
            "description": "PB Helados Holanda 3X$36                ",
            "itemSubcategory": "",
            "itemSegment": "",
            "itemSubsegment": "",
            "durationCode": "1000023591111111",
            "grouper": "001.000",
            "percent": "000.00",
            "optativeOne": " ",
            "sent": " ",
            "action": "A",
            "binCode": "",
            "messagePsg": ""
        }
    ]
}