{
    "organizationCountry": "MX",
    "organizationName": "FEMSA Comercio",
    "businessName": "OXXO",
    "departmentId": "12NEO",
    "storeId": "52DUG",
    "numberOfRecords": "11",
    "searchId": "000000000000000000000000",
    "searchDate": "2025-04-29 20:45:55",
    "promotions": [
        {
            "lineNumber": "1",
            "folio": "  19714479",
            "itemCategory": " 1",
            "type": "00",
            "startDate": "20250430",
            "endDate": "20250527",
            "itemSku": "    604722013869",
            "category": "",
            "providerType": "0",
            "requiredQuantity": "002.000",
            "discount": "00020.000",
            "discountType": "F",
            "optative": "1",
            "description": "PB BOTANAS LEO                          ",
            "itemSubcategory": "    ",
            "itemSegment": "    ",
            "itemSubsegment": "    ",
            "durationCode": "1000023591111111",
            "grouper": "001.000",
            "percent": "000.00",
            "optativeOne": " ",
            "sent": " ",
            "action": "A",
            "binCode": "",
            "messagePsg": ""
        },
        {
            "lineNumber": "2",
            "folio": "  19714479",
            "itemCategory": " 1",
            "type": "00",
            "startDate": "20250430",
            "endDate": "20250527",
            "itemSku": "    604722008971",
            "category": "",
            "providerType": "0",
            "requiredQuantity": "002.000",
            "discount": "00020.000",
            "discountType": "F",
            "optative": "1",
            "description": "PB BOTANAS LEO                          ",
            "itemSubcategory": "    ",
            "itemSegment": "    ",
            "itemSubsegment": "    ",
            "durationCode": "1000023591111111",
            "grouper": "001.000",
            "percent": "000.00",
            "optativeOne": " ",
            "sent": " ",
            "action": "A",
            "binCode": "",
            "messagePsg": ""
        },
        {
            "lineNumber": "3",
            "folio": "  19714479",
            "itemCategory": " 1",
            "type": "00",
            "startDate": "20250430",
            "endDate": "20250527",
            "itemSku": "    604722009619",
            "category": "",
            "providerType": "0",
            "requiredQuantity": "002.000",
            "discount": "00020.000",
            "discountType": "F",
            "optative": "1",
            "description": "PB BOTANAS LEO                          ",
            "itemSubcategory": "    ",
            "itemSegment": "    ",
            "itemSubsegment": "    ",
            "durationCode": "1000023591111111",
            "grouper": "001.000",
            "percent": "000.00",
            "optativeOne": " ",
            "sent": " ",
            "action": "A",
            "binCode": "",
            "messagePsg": ""
        },
        {
            "lineNumber": "4",
            "folio": "  19714479",
            "itemCategory": " 1",
            "type": "00",
            "startDate": "20250430",
            "endDate": "20250527",
            "itemSku": "    604722013050",
            "category": "",
            "providerType": "0",
            "requiredQuantity": "002.000",
            "discount": "00020.000",
            "discountType": "F",
            "optative": "1",
            "description": "PB BOTANAS LEO                          ",
            "itemSubcategory": "    ",
            "itemSegment": "    ",
            "itemSubsegment": "    ",
            "durationCode": "1000023591111111",
            "grouper": "001.000",
            "percent": "000.00",
            "optativeOne": " ",
            "sent": " ",
            "action": "A",
            "binCode": "",
            "messagePsg": ""
        },
        {
            "lineNumber": "5",
            "folio": "  19714479",
            "itemCategory": " 1",
            "type": "00",
            "startDate": "20250430",
            "endDate": "20250527",
            "itemSku": "    604722013074",
            "category": "",
            "providerType": "0",
            "requiredQuantity": "002.000",
            "discount": "00020.000",
            "discountType": "F",
            "optative": "1",
            "description": "PB BOTANAS LEO                          ",
            "itemSubcategory": "    ",
            "itemSegment": "    ",
            "itemSubsegment": "    ",
            "durationCode": "1000023591111111",
            "grouper": "001.000",
            "percent": "000.00",
            "optativeOne": " ",
            "sent": " ",
            "action": "A",
            "binCode": "",
            "messagePsg": ""
        },
        {
            "lineNumber": "6",
            "folio": "  19714479",
            "itemCategory": " 1",
            "type": "00",
            "startDate": "20250430",
            "endDate": "20250527",
            "itemSku": "    604722006007",
            "category": "",
            "providerType": "0",
            "requiredQuantity": "002.000",
            "discount": "00020.000",
            "discountType": "F",
            "optative": "1",
            "description": "PB BOTANAS LEO                          ",
            "itemSubcategory": "    ",
            "itemSegment": "    ",
            "itemSubsegment": "    ",
            "durationCode": "1000023591111111",
            "grouper": "001.000",
            "percent": "000.00",
            "optativeOne": " ",
            "sent": " ",
            "action": "A",
            "binCode": "",
            "messagePsg": ""
        },
        {
            "lineNumber": "7",
            "folio": "  19714481",
            "itemCategory": " 1",
            "type": "03",
            "startDate": "20250430",
            "endDate": "20250527",
            "itemSku": "   7501025408121",
            "category": "",
            "providerType": "0",
            "requiredQuantity": "001.000",
            "discount": "00065.000",
            "discountType": " ",
            "optative": " ",
            "description": "PSP SIMPLE NACIONAL B05                 ",
            "itemSubcategory": "",
            "itemSegment": "",
            "itemSubsegment": "",
            "durationCode": "1000023591111111",
            "grouper": "000.000",
            "percent": "000.00",
            "optativeOne": " ",
            "sent": " ",
            "action": "A",
            "binCode": "",
            "messagePsg": ""
        },
        {
            "lineNumber": "8",
            "folio": "  19714482",
            "itemCategory": " 1",
            "type": "00",
            "startDate": "20250430",
            "endDate": "20250527",
            "itemSku": "   7501846503111",
            "category": "",
            "providerType": "0",
            "requiredQuantity": "002.000",
            "discount": "00068.000",
            "discountType": "F",
            "optative": "1",
            "description": "PSP SIMPLE NACIONAL B05                 ",
            "itemSubcategory": "    ",
            "itemSegment": "    ",
            "itemSubsegment": "    ",
            "durationCode": "1000023591111111",
            "grouper": "001.000",
            "percent": "000.00",
            "optativeOne": " ",
            "sent": " ",
            "action": "A",
            "binCode": "",
            "messagePsg": ""
        },
        {
            "lineNumber": "9",
            "folio": "  19714482",
            "itemCategory": " 1",
            "type": "00",
            "startDate": "20250430",
            "endDate": "20250527",
            "itemSku": "   7501846503135",
            "category": "",
            "providerType": "0",
            "requiredQuantity": "002.000",
            "discount": "00068.000",
            "discountType": "F",
            "optative": "1",
            "description": "PSP SIMPLE NACIONAL B05                 ",
            "itemSubcategory": "    ",
            "itemSegment": "    ",
            "itemSubsegment": "    ",
            "durationCode": "1000023591111111",
            "grouper": "001.000",
            "percent": "000.00",
            "optativeOne": " ",
            "sent": " ",
            "action": "A",
            "binCode": "",
            "messagePsg": ""
        },
        {
            "lineNumber": "10",
            "folio": "  19714482",
            "itemCategory": " 1",
            "type": "00",
            "startDate": "20250430",
            "endDate": "20250527",
            "itemSku": "   7501846503197",
            "category": "",
            "providerType": "0",
            "requiredQuantity": "002.000",
            "discount": "00068.000",
            "discountType": "F",
            "optative": "1",
            "description": "PSP SIMPLE NACIONAL B05                 ",
            "itemSubcategory": "    ",
            "itemSegment": "    ",
            "itemSubsegment": "    ",
            "durationCode": "1000023591111111",
            "grouper": "001.000",
            "percent": "000.00",
            "optativeOne": " ",
            "sent": " ",
            "action": "A",
            "binCode": "",
            "messagePsg": ""
        },
        {
            "lineNumber": "11",
            "folio": "  19714482",
            "itemCategory": " 1",
            "type": "00",
            "startDate": "20250430",
            "endDate": "20250527",
            "itemSku": "   7501846503203",
            "category": "",
            "providerType": "0",
            "requiredQuantity": "002.000",
            "discount": "00068.000",
            "discountType": "F",
            "optative": "1",
            "description": "PSP SIMPLE NACIONAL B05                 ",
            "itemSubcategory": "    ",
            "itemSegment": "    ",
            "itemSubsegment": "    ",
            "durationCode": "1000023591111111",
            "grouper": "001.000",
            "percent": "000.00",
            "optativeOne": " ",
            "sent": " ",
            "action": "A",
            "binCode": "",
            "messagePsg": ""
        }
    ]
}