{
    "organizationCountry": "MX",
    "organizationName": "FEMSA Comercio",
    "businessName": "OXXO",
    "departmentId": "12NEO",
    "storeId": "52DUG",
    "numberOfRecords": "2",
    "searchId": "000000000000000000000000",
    "searchDate": "2025-06-27 03:15:21",
    "promotions": [
        {
            "lineNumber": "1",
            "folio": "  50843015",
            "itemCategory": " 1",
            "type": "00",
            "startDate": "20250627",
            "endDate": "20250703",
            "itemSku": "   7502294224085",
            "category": "",
            "providerType": "0",
            "requiredQuantity": "001.000",
            "discount": "00012.000",
            "discountType": "F",
            "optative": "1",
            "description": "PB Detergente + Suavizante Bonamark     ",
            "itemSubcategory": "",
            "itemSegment": "",
            "itemSubsegment": "",
            "durationCode": "1000023591111111",
            "grouper": "002.000",
            "percent": "000.00",
            "optativeOne": " ",
            "sent": " ",
            "action": "A",
            "binCode": "",
            "messagePsg": ""
        },
        {
            "lineNumber": "2",
            "folio": "  50843015",
            "itemCategory": " 1",
            "type": "00",
            "startDate": "20250627",
            "endDate": "20250703",
            "itemSku": "   7502271158662",
            "category": "",
            "providerType": "0",
            "requiredQuantity": "001.000",
            "discount": "00023.000",
            "discountType": "F",
            "optative": "2",
            "description": "PB Detergente + Suavizante Bonamark     ",
            "itemSubcategory": "",
            "itemSegment": "",
            "itemSubsegment": "",
            "durationCode": "1000023591111111",
            "grouper": "002.000",
            "percent": "000.00",
            "optativeOne": " ",
            "sent": " ",
            "action": "A",
            "binCode": "",
            "messagePsg": ""
        }
    ]
}