{
    "organizationCountry": "MX",
    "organizationName": "FEMSA Comercio",
    "businessName": "OXXO",
    "departmentId": "12NEO",
    "storeId": "52DUG",
    "numberOfRecords": "7",
    "searchId": "000000000000000000000000",
    "searchDate": "2025-07-24 14:09:51",
    "promotions": [
        {
            "lineNumber": "1",
            "folio": "  51038438",
            "itemCategory": " 1",
            "type": "03",
            "startDate": "20250724",
            "endDate": "20250821",
            "itemSku": "    661440001462",
            "category": "",
            "providerType": "0",
            "requiredQuantity": "001.000",
            "discount": "00019.000",
            "discountType": "F",
            "optative": " ",
            "description": "Azucar Zulka 900gr $19.00               ",
            "itemSubcategory": "",
            "itemSegment": "",
            "itemSubsegment": "",
            "durationCode": "1000023591111111",
            "grouper": "000.000",
            "percent": "000.00",
            "optativeOne": " ",
            "sent": " ",
            "action": "A",
            "binCode": "",
            "messagePsg": ""
        },
        {
            "lineNumber": "2",
            "folio": "  51038441",
            "itemCategory": " 1",
            "type": "03",
            "startDate": "20250724",
            "endDate": "20250730",
            "itemSku": "   7506425622016",
            "category": "",
            "providerType": "0",
            "requiredQuantity": "001.000",
            "discount": "00038.000",
            "discountType": "F",
            "optative": " ",
            "description": "Higienico Cottonelle Elegance $38       ",
            "itemSubcategory": "",
            "itemSegment": "",
            "itemSubsegment": "",
            "durationCode": "1000023591111111",
            "grouper": "000.000",
            "percent": "000.00",
            "optativeOne": " ",
            "sent": " ",
            "action": "A",
            "binCode": "",
            "messagePsg": ""
        },
        {
            "lineNumber": "3",
            "folio": "  51043584",
            "itemCategory": " 1",
            "type": "02",
            "startDate": "20250724",
            "endDate": "20250902",
            "itemSku": "        75000806",
            "category": "",
            "providerType": "0",
            "requiredQuantity": "004.000",
            "discount": "00018.000",
            "discountType": "F",
            "optative": "1",
            "description": "PB DEL VALLE BOT DURAZNO 250 ML 4X$18   ",
            "itemSubcategory": "",
            "itemSegment": "",
            "itemSubsegment": "",
            "durationCode": "1000023591111111",
            "grouper": "001.000",
            "percent": "000.00",
            "optativeOne": " ",
            "sent": " ",
            "action": "A",
            "binCode": "",
            "messagePsg": ""
        },
        {
            "lineNumber": "4",
            "folio": "  51043585",
            "itemCategory": " 1",
            "type": "02",
            "startDate": "20250724",
            "endDate": "20250902",
            "itemSku": "   7503052023766",
            "category": "",
            "providerType": "0",
            "requiredQuantity": "002.000",
            "discount": "00015.000",
            "discountType": "F",
            "optative": "1",
            "description": "PB VARIEDAD DE CACAHUATE 2X$15          ",
            "itemSubcategory": "",
            "itemSegment": "",
            "itemSubsegment": "",
            "durationCode": "1000023591111111",
            "grouper": "001.000",
            "percent": "000.00",
            "optativeOne": " ",
            "sent": " ",
            "action": "A",
            "binCode": "",
            "messagePsg": ""
        },
        {
            "lineNumber": "5",
            "folio": "  51043585",
            "itemCategory": " 1",
            "type": "02",
            "startDate": "20250724",
            "endDate": "20250902",
            "itemSku": "   7503052023629",
            "category": "",
            "providerType": "0",
            "requiredQuantity": "002.000",
            "discount": "00015.000",
            "discountType": "F",
            "optative": "1",
            "description": "PB VARIEDAD DE CACAHUATE 2X$15          ",
            "itemSubcategory": "",
            "itemSegment": "",
            "itemSubsegment": "",
            "durationCode": "1000023591111111",
            "grouper": "001.000",
            "percent": "000.00",
            "optativeOne": " ",
            "sent": " ",
            "action": "A",
            "binCode": "",
            "messagePsg": ""
        },
        {
            "lineNumber": "6",
            "folio": "  51043585",
            "itemCategory": " 1",
            "type": "02",
            "startDate": "20250724",
            "endDate": "20250902",
            "itemSku": "   7503052023612",
            "category": "",
            "providerType": "0",
            "requiredQuantity": "002.000",
            "discount": "00015.000",
            "discountType": "F",
            "optative": "1",
            "description": "PB VARIEDAD DE CACAHUATE 2X$15          ",
            "itemSubcategory": "",
            "itemSegment": "",
            "itemSubsegment": "",
            "durationCode": "1000023591111111",
            "grouper": "001.000",
            "percent": "000.00",
            "optativeOne": " ",
            "sent": " ",
            "action": "A",
            "binCode": "",
            "messagePsg": ""
        },
        {
            "lineNumber": "7",
            "folio": "  51043585",
            "itemCategory": " 1",
            "type": "02",
            "startDate": "20250724",
            "endDate": "20250902",
            "itemSku": "   7503052023940",
            "category": "",
            "providerType": "0",
            "requiredQuantity": "002.000",
            "discount": "00015.000",
            "discountType": "F",
            "optative": "1",
            "description": "PB VARIEDAD DE CACAHUATE 2X$15          ",
            "itemSubcategory": "",
            "itemSegment": "",
            "itemSubsegment": "",
            "durationCode": "1000023591111111",
            "grouper": "001.000",
            "percent": "000.00",
            "optativeOne": " ",
            "sent": " ",
            "action": "A",
            "binCode": "",
            "messagePsg": ""
        }
    ]
}