{
    "organizationCountry": "MX",
    "organizationName": "FEMSA Comercio",
    "businessName": "OXXO",
    "departmentId": "12NEO",
    "storeId": "52DUG",
    "numberOfRecords": "12",
    "searchId": "000000000000000000000000",
    "searchDate": "2025-05-27 17:30:48",
    "promotions": [
        {
            "lineNumber": "1",
            "folio": "  50758818",
            "itemCategory": " 1",
            "type": "03",
            "startDate": "20250528",
            "endDate": "20250701",
            "itemSku": "   7500478008285",
            "category": "",
            "providerType": "0",
            "requiredQuantity": "001.000",
            "discount": "00030.000",
            "discountType": "F",
            "optative": " ",
            "description": "PSP SIMPLES NACIONALES B06              ",
            "itemSubcategory": "",
            "itemSegment": "",
            "itemSubsegment": "",
            "durationCode": "1000023591111111",
            "grouper": "000.000",
            "percent": "000.00",
            "optativeOne": " ",
            "sent": " ",
            "action": "A",
            "binCode": "",
            "messagePsg": ""
        },
        {
            "lineNumber": "2",
            "folio": "  50758818",
            "itemCategory": " 1",
            "type": "03",
            "startDate": "20250528",
            "endDate": "20250701",
            "itemSku": "   7501943444966",
            "category": "",
            "providerType": "0",
            "requiredQuantity": "001.000",
            "discount": "00249.000",
            "discountType": "F",
            "optative": " ",
            "description": "PSP SIMPLES NACIONALES B06              ",
            "itemSubcategory": "",
            "itemSegment": "",
            "itemSubsegment": "",
            "durationCode": "1000023591111111",
            "grouper": "000.000",
            "percent": "000.00",
            "optativeOne": " ",
            "sent": " ",
            "action": "A",
            "binCode": "",
            "messagePsg": ""
        },
        {
            "lineNumber": "3",
            "folio": "  50758818",
            "itemCategory": " 1",
            "type": "03",
            "startDate": "20250528",
            "endDate": "20250701",
            "itemSku": "   7503000438321",
            "category": "",
            "providerType": "0",
            "requiredQuantity": "001.000",
            "discount": "00038.000",
            "discountType": "F",
            "optative": " ",
            "description": "PSP SIMPLES NACIONALES B06              ",
            "itemSubcategory": "",
            "itemSegment": "",
            "itemSubsegment": "",
            "durationCode": "1000023591111111",
            "grouper": "000.000",
            "percent": "000.00",
            "optativeOne": " ",
            "sent": " ",
            "action": "A",
            "binCode": "",
            "messagePsg": ""
        },
        {
            "lineNumber": "4",
            "folio": "  50758818",
            "itemCategory": " 1",
            "type": "03",
            "startDate": "20250528",
            "endDate": "20250701",
            "itemSku": "   7501943447615",
            "category": "",
            "providerType": "0",
            "requiredQuantity": "001.000",
            "discount": "00269.000",
            "discountType": "F",
            "optative": " ",
            "description": "PSP SIMPLES NACIONALES B06              ",
            "itemSubcategory": "",
            "itemSegment": "",
            "itemSubsegment": "",
            "durationCode": "1000023591111111",
            "grouper": "000.000",
            "percent": "000.00",
            "optativeOne": " ",
            "sent": " ",
            "action": "A",
            "binCode": "",
            "messagePsg": ""
        },
        {
            "lineNumber": "5",
            "folio": "  50758818",
            "itemCategory": " 1",
            "type": "03",
            "startDate": "20250528",
            "endDate": "20250701",
            "itemSku": "   7501943433090",
            "category": "",
            "providerType": "0",
            "requiredQuantity": "001.000",
            "discount": "00189.000",
            "discountType": "F",
            "optative": " ",
            "description": "PSP SIMPLES NACIONALES B06              ",
            "itemSubcategory": "",
            "itemSegment": "",
            "itemSubsegment": "",
            "durationCode": "1000023591111111",
            "grouper": "000.000",
            "percent": "000.00",
            "optativeOne": " ",
            "sent": " ",
            "action": "A",
            "binCode": "",
            "messagePsg": ""
        },
        {
            "lineNumber": "6",
            "folio": "  50758818",
            "itemCategory": " 1",
            "type": "03",
            "startDate": "20250528",
            "endDate": "20250701",
            "itemSku": "   7501943444928",
            "category": "",
            "providerType": "0",
            "requiredQuantity": "001.000",
            "discount": "00199.000",
            "discountType": "F",
            "optative": " ",
            "description": "PSP SIMPLES NACIONALES B06              ",
            "itemSubcategory": "",
            "itemSegment": "",
            "itemSubsegment": "",
            "durationCode": "1000023591111111",
            "grouper": "000.000",
            "percent": "000.00",
            "optativeOne": " ",
            "sent": " ",
            "action": "A",
            "binCode": "",
            "messagePsg": ""
        },
        {
            "lineNumber": "7",
            "folio": "  50758818",
            "itemCategory": " 1",
            "type": "03",
            "startDate": "20250528",
            "endDate": "20250701",
            "itemSku": "   7506425600007",
            "category": "",
            "providerType": "0",
            "requiredQuantity": "001.000",
            "discount": "00169.000",
            "discountType": "F",
            "optative": " ",
            "description": "PSP SIMPLES NACIONALES B06              ",
            "itemSubcategory": "",
            "itemSegment": "",
            "itemSubsegment": "",
            "durationCode": "1000023591111111",
            "grouper": "000.000",
            "percent": "000.00",
            "optativeOne": " ",
            "sent": " ",
            "action": "A",
            "binCode": "",
            "messagePsg": ""
        },
        {
            "lineNumber": "8",
            "folio": "  50758818",
            "itemCategory": " 1",
            "type": "03",
            "startDate": "20250528",
            "endDate": "20250701",
            "itemSku": "   7503000437652",
            "category": "",
            "providerType": "0",
            "requiredQuantity": "001.000",
            "discount": "00045.000",
            "discountType": "F",
            "optative": " ",
            "description": "PSP SIMPLES NACIONALES B06              ",
            "itemSubcategory": "",
            "itemSegment": "",
            "itemSubsegment": "",
            "durationCode": "1000023591111111",
            "grouper": "000.000",
            "percent": "000.00",
            "optativeOne": " ",
            "sent": " ",
            "action": "A",
            "binCode": "",
            "messagePsg": ""
        },
        {
            "lineNumber": "9",
            "folio": "  50758818",
            "itemCategory": " 1",
            "type": "03",
            "startDate": "20250528",
            "endDate": "20250701",
            "itemSku": "   7501943444942",
            "category": "",
            "providerType": "0",
            "requiredQuantity": "001.000",
            "discount": "00229.000",
            "discountType": "F",
            "optative": " ",
            "description": "PSP SIMPLES NACIONALES B06              ",
            "itemSubcategory": "",
            "itemSegment": "",
            "itemSubsegment": "",
            "durationCode": "1000023591111111",
            "grouper": "000.000",
            "percent": "000.00",
            "optativeOne": " ",
            "sent": " ",
            "action": "A",
            "binCode": "",
            "messagePsg": ""
        },
        {
            "lineNumber": "10",
            "folio": "  50768477",
            "itemCategory": " 1",
            "type": "02",
            "startDate": "20250528",
            "endDate": "20250701",
            "itemSku": "   7791293022598",
            "category": "",
            "providerType": "0",
            "requiredQuantity": "002.000",
            "discount": "00090.000",
            "discountType": "F",
            "optative": "1",
            "description": "PB DESODORANTE AXE                      ",
            "itemSubcategory": "",
            "itemSegment": "",
            "itemSubsegment": "",
            "durationCode": "1000023591111111",
            "grouper": "001.000",
            "percent": "000.00",
            "optativeOne": " ",
            "sent": " ",
            "action": "A",
            "binCode": "",
            "messagePsg": ""
        },
        {
            "lineNumber": "11",
            "folio": "  50768477",
            "itemCategory": " 1",
            "type": "02",
            "startDate": "20250528",
            "endDate": "20250701",
            "itemSku": "   7791293032436",
            "category": "",
            "providerType": "0",
            "requiredQuantity": "002.000",
            "discount": "00090.000",
            "discountType": "F",
            "optative": "1",
            "description": "PB DESODORANTE AXE                      ",
            "itemSubcategory": "",
            "itemSegment": "",
            "itemSubsegment": "",
            "durationCode": "1000023591111111",
            "grouper": "001.000",
            "percent": "000.00",
            "optativeOne": " ",
            "sent": " ",
            "action": "A",
            "binCode": "",
            "messagePsg": ""
        },
        {
            "lineNumber": "12",
            "folio": "  50768477",
            "itemCategory": " 1",
            "type": "02",
            "startDate": "20250528",
            "endDate": "20250701",
            "itemSku": "   7791293025797",
            "category": "",
            "providerType": "0",
            "requiredQuantity": "002.000",
            "discount": "00090.000",
            "discountType": "F",
            "optative": "1",
            "description": "PB DESODORANTE AXE                      ",
            "itemSubcategory": "",
            "itemSegment": "",
            "itemSubsegment": "",
            "durationCode": "1000023591111111",
            "grouper": "001.000",
            "percent": "000.00",
            "optativeOne": " ",
            "sent": " ",
            "action": "A",
            "binCode": "",
            "messagePsg": ""
        }
    ]
}