{
    "organizationCountry": "MX",
    "organizationName": "FEMSA Comercio",
    "businessName": "OXXO",
    "departmentId": "12NEO",
    "storeId": "52DUG",
    "numberOfRecords": "107",
    "searchId": "000000000000000000000000",
    "searchDate": "2025-05-19 21:48:35",
    "promotions": [
        {
            "lineNumber": "1",
            "folio": "  50669705",
            "itemCategory": " 1",
            "type": "03",
            "startDate": "20250516",
            "endDate": "20250527",
            "itemSku": "   7503047873109",
            "category": "",
            "providerType": "0",
            "requiredQuantity": "001.000",
            "discount": "00075.040",
            "discountType": "F",
            "optative": " ",
            "description": "RYC B05 $V                              ",
            "itemSubcategory": "",
            "itemSegment": "",
            "itemSubsegment": "",
            "durationCode": "1000023591111111",
            "grouper": "000.000",
            "percent": "000.00",
            "optativeOne": " ",
            "sent": " ",
            "action": "A",
            "binCode": "",
            "messagePsg": ""
        },
        {
            "lineNumber": "2",
            "folio": "  50669705",
            "itemCategory": " 1",
            "type": "03",
            "startDate": "20250516",
            "endDate": "20250527",
            "itemSku": "   7503047873116",
            "category": "",
            "providerType": "0",
            "requiredQuantity": "001.000",
            "discount": "00075.040",
            "discountType": "F",
            "optative": " ",
            "description": "RYC B05 $V                              ",
            "itemSubcategory": "",
            "itemSegment": "",
            "itemSubsegment": "",
            "durationCode": "1000023591111111",
            "grouper": "000.000",
            "percent": "000.00",
            "optativeOne": " ",
            "sent": " ",
            "action": "A",
            "binCode": "",
            "messagePsg": ""
        },
        {
            "lineNumber": "3",
            "folio": "  50695029",
            "itemCategory": " 1",
            "type": "00",
            "startDate": "20250519",
            "endDate": "20250527",
            "itemSku": "           23461",
            "category": "",
            "providerType": "0",
            "requiredQuantity": "002.000",
            "discount": "00100.000",
            "discountType": "P",
            "optative": "1",
            "description": "PB MEGAS                                ",
            "itemSubcategory": "",
            "itemSegment": "",
            "itemSubsegment": "",
            "durationCode": "1000023591111111",
            "grouper": "002.000",
            "percent": "000.00",
            "optativeOne": " ",
            "sent": " ",
            "action": "A",
            "binCode": "",
            "messagePsg": ""
        },
        {
            "lineNumber": "4",
            "folio": "  50695029",
            "itemCategory": " 1",
            "type": "00",
            "startDate": "20250519",
            "endDate": "20250527",
            "itemSku": "   7501064191909",
            "category": "",
            "providerType": "0",
            "requiredQuantity": "001.000",
            "discount": "00049.000",
            "discountType": "F",
            "optative": "2",
            "description": "PB MEGAS                                ",
            "itemSubcategory": "",
            "itemSegment": "",
            "itemSubsegment": "",
            "durationCode": "1000023591111111",
            "grouper": "002.000",
            "percent": "000.00",
            "optativeOne": " ",
            "sent": " ",
            "action": "A",
            "binCode": "",
            "messagePsg": ""
        },
        {
            "lineNumber": "5",
            "folio": "  50695029",
            "itemCategory": " 1",
            "type": "00",
            "startDate": "20250519",
            "endDate": "20250527",
            "itemSku": "   7501064101205",
            "category": "",
            "providerType": "0",
            "requiredQuantity": "001.000",
            "discount": "00049.000",
            "discountType": "F",
            "optative": "2",
            "description": "PB MEGAS                                ",
            "itemSubcategory": "",
            "itemSegment": "",
            "itemSubsegment": "",
            "durationCode": "1000023591111111",
            "grouper": "002.000",
            "percent": "000.00",
            "optativeOne": " ",
            "sent": " ",
            "action": "A",
            "binCode": "",
            "messagePsg": ""
        },
        {
            "lineNumber": "6",
            "folio": "  50695106",
            "itemCategory": " 1",
            "type": "03",
            "startDate": "20250520",
            "endDate": "20250601",
            "itemSku": "   7501000922239",
            "category": "",
            "providerType": "0",
            "requiredQuantity": "001.000",
            "discount": "00005.040",
            "discountType": "F",
            "optative": " ",
            "description": "052RYC$5.00                             ",
            "itemSubcategory": "",
            "itemSegment": "",
            "itemSubsegment": "",
            "durationCode": "1000023591111111",
            "grouper": "000.000",
            "percent": "000.00",
            "optativeOne": " ",
            "sent": " ",
            "action": "A",
            "binCode": "",
            "messagePsg": ""
        },
        {
            "lineNumber": "7",
            "folio": "  50695106",
            "itemCategory": " 1",
            "type": "03",
            "startDate": "20250520",
            "endDate": "20250601",
            "itemSku": "   7502294222272",
            "category": "",
            "providerType": "0",
            "requiredQuantity": "001.000",
            "discount": "00005.040",
            "discountType": "F",
            "optative": " ",
            "description": "052RYC$5.00                             ",
            "itemSubcategory": "",
            "itemSegment": "",
            "itemSubsegment": "",
            "durationCode": "1000023591111111",
            "grouper": "000.000",
            "percent": "000.00",
            "optativeOne": " ",
            "sent": " ",
            "action": "A",
            "binCode": "",
            "messagePsg": ""
        },
        {
            "lineNumber": "8",
            "folio": "  50695106",
            "itemCategory": " 1",
            "type": "03",
            "startDate": "20250520",
            "endDate": "20250601",
            "itemSku": "   7506306249202",
            "category": "",
            "providerType": "0",
            "requiredQuantity": "001.000",
            "discount": "00005.040",
            "discountType": "F",
            "optative": " ",
            "description": "052RYC$5.00                             ",
            "itemSubcategory": "",
            "itemSegment": "",
            "itemSubsegment": "",
            "durationCode": "1000023591111111",
            "grouper": "000.000",
            "percent": "000.00",
            "optativeOne": " ",
            "sent": " ",
            "action": "A",
            "binCode": "",
            "messagePsg": ""
        },
        {
            "lineNumber": "9",
            "folio": "  50695106",
            "itemCategory": " 1",
            "type": "03",
            "startDate": "20250520",
            "endDate": "20250601",
            "itemSku": "    740085250135",
            "category": "",
            "providerType": "0",
            "requiredQuantity": "001.000",
            "discount": "00005.040",
            "discountType": "F",
            "optative": " ",
            "description": "052RYC$5.00                             ",
            "itemSubcategory": "",
            "itemSegment": "",
            "itemSubsegment": "",
            "durationCode": "1000023591111111",
            "grouper": "000.000",
            "percent": "000.00",
            "optativeOne": " ",
            "sent": " ",
            "action": "A",
            "binCode": "",
            "messagePsg": ""
        },
        {
            "lineNumber": "10",
            "folio": "  50695106",
            "itemCategory": " 1",
            "type": "03",
            "startDate": "20250520",
            "endDate": "20250601",
            "itemSku": "   7502294222692",
            "category": "",
            "providerType": "0",
            "requiredQuantity": "001.000",
            "discount": "00005.040",
            "discountType": "F",
            "optative": " ",
            "description": "052RYC$5.00                             ",
            "itemSubcategory": "",
            "itemSegment": "",
            "itemSubsegment": "",
            "durationCode": "1000023591111111",
            "grouper": "000.000",
            "percent": "000.00",
            "optativeOne": " ",
            "sent": " ",
            "action": "A",
            "binCode": "",
            "messagePsg": ""
        },
        {
            "lineNumber": "11",
            "folio": "  50695106",
            "itemCategory": " 1",
            "type": "03",
            "startDate": "20250520",
            "endDate": "20250601",
            "itemSku": "   7501052420431",
            "category": "",
            "providerType": "0",
            "requiredQuantity": "001.000",
            "discount": "00005.040",
            "discountType": "F",
            "optative": " ",
            "description": "052RYC$5.00                             ",
            "itemSubcategory": "",
            "itemSegment": "",
            "itemSubsegment": "",
            "durationCode": "1000023591111111",
            "grouper": "000.000",
            "percent": "000.00",
            "optativeOne": " ",
            "sent": " ",
            "action": "A",
            "binCode": "",
            "messagePsg": ""
        },
        {
            "lineNumber": "12",
            "folio": "  50695106",
            "itemCategory": " 1",
            "type": "03",
            "startDate": "20250520",
            "endDate": "20250601",
            "itemSku": "   7506425645466",
            "category": "",
            "providerType": "0",
            "requiredQuantity": "001.000",
            "discount": "00005.040",
            "discountType": "F",
            "optative": " ",
            "description": "052RYC$5.00                             ",
            "itemSubcategory": "",
            "itemSegment": "",
            "itemSubsegment": "",
            "durationCode": "1000023591111111",
            "grouper": "000.000",
            "percent": "000.00",
            "optativeOne": " ",
            "sent": " ",
            "action": "A",
            "binCode": "",
            "messagePsg": ""
        },
        {
            "lineNumber": "13",
            "folio": "  50695106",
            "itemCategory": " 1",
            "type": "03",
            "startDate": "20250520",
            "endDate": "20250601",
            "itemSku": "   7501943421141",
            "category": "",
            "providerType": "0",
            "requiredQuantity": "001.000",
            "discount": "00005.040",
            "discountType": "F",
            "optative": " ",
            "description": "052RYC$5.00                             ",
            "itemSubcategory": "",
            "itemSegment": "",
            "itemSubsegment": "",
            "durationCode": "1000023591111111",
            "grouper": "000.000",
            "percent": "000.00",
            "optativeOne": " ",
            "sent": " ",
            "action": "A",
            "binCode": "",
            "messagePsg": ""
        },
        {
            "lineNumber": "14",
            "folio": "  50695107",
            "itemCategory": " 1",
            "type": "03",
            "startDate": "20250520",
            "endDate": "20250601",
            "itemSku": "   7501055307906",
            "category": "",
            "providerType": "0",
            "requiredQuantity": "001.000",
            "discount": "00002.040",
            "discountType": "F",
            "optative": " ",
            "description": "052RYC$2.00                             ",
            "itemSubcategory": "",
            "itemSegment": "",
            "itemSubsegment": "",
            "durationCode": "1000023591111111",
            "grouper": "000.000",
            "percent": "000.00",
            "optativeOne": " ",
            "sent": " ",
            "action": "A",
            "binCode": "",
            "messagePsg": ""
        },
        {
            "lineNumber": "15",
            "folio": "  50695111",
            "itemCategory": " 1",
            "type": "03",
            "startDate": "20250520",
            "endDate": "20250601",
            "itemSku": "   7501032398385",
            "category": "",
            "providerType": "0",
            "requiredQuantity": "001.000",
            "discount": "00015.040",
            "discountType": "F",
            "optative": " ",
            "description": "052RYC$15.00                            ",
            "itemSubcategory": "",
            "itemSegment": "",
            "itemSubsegment": "",
            "durationCode": "1000023591111111",
            "grouper": "000.000",
            "percent": "000.00",
            "optativeOne": " ",
            "sent": " ",
            "action": "A",
            "binCode": "",
            "messagePsg": ""
        },
        {
            "lineNumber": "16",
            "folio": "  50695111",
            "itemCategory": " 1",
            "type": "03",
            "startDate": "20250520",
            "endDate": "20250601",
            "itemSku": "   7501777001144",
            "category": "",
            "providerType": "0",
            "requiredQuantity": "001.000",
            "discount": "00015.040",
            "discountType": "F",
            "optative": " ",
            "description": "052RYC$15.00                            ",
            "itemSubcategory": "",
            "itemSegment": "",
            "itemSubsegment": "",
            "durationCode": "1000023591111111",
            "grouper": "000.000",
            "percent": "000.00",
            "optativeOne": " ",
            "sent": " ",
            "action": "A",
            "binCode": "",
            "messagePsg": ""
        },
        {
            "lineNumber": "17",
            "folio": "  50695111",
            "itemCategory": " 1",
            "type": "03",
            "startDate": "20250520",
            "endDate": "20250601",
            "itemSku": "   7509546061085",
            "category": "",
            "providerType": "0",
            "requiredQuantity": "001.000",
            "discount": "00015.040",
            "discountType": "F",
            "optative": " ",
            "description": "052RYC$15.00                            ",
            "itemSubcategory": "",
            "itemSegment": "",
            "itemSubsegment": "",
            "durationCode": "1000023591111111",
            "grouper": "000.000",
            "percent": "000.00",
            "optativeOne": " ",
            "sent": " ",
            "action": "A",
            "binCode": "",
            "messagePsg": ""
        },
        {
            "lineNumber": "18",
            "folio": "  50695111",
            "itemCategory": " 1",
            "type": "03",
            "startDate": "20250520",
            "endDate": "20250601",
            "itemSku": "   7501954902318",
            "category": "",
            "providerType": "0",
            "requiredQuantity": "001.000",
            "discount": "00015.040",
            "discountType": "F",
            "optative": " ",
            "description": "052RYC$15.00                            ",
            "itemSubcategory": "",
            "itemSegment": "",
            "itemSubsegment": "",
            "durationCode": "1000023591111111",
            "grouper": "000.000",
            "percent": "000.00",
            "optativeOne": " ",
            "sent": " ",
            "action": "A",
            "binCode": "",
            "messagePsg": ""
        },
        {
            "lineNumber": "19",
            "folio": "  50695111",
            "itemCategory": " 1",
            "type": "03",
            "startDate": "20250520",
            "endDate": "20250601",
            "itemSku": "   7509546057545",
            "category": "",
            "providerType": "0",
            "requiredQuantity": "001.000",
            "discount": "00015.040",
            "discountType": "F",
            "optative": " ",
            "description": "052RYC$15.00                            ",
            "itemSubcategory": "",
            "itemSegment": "",
            "itemSubsegment": "",
            "durationCode": "1000023591111111",
            "grouper": "000.000",
            "percent": "000.00",
            "optativeOne": " ",
            "sent": " ",
            "action": "A",
            "binCode": "",
            "messagePsg": ""
        },
        {
            "lineNumber": "20",
            "folio": "  50695111",
            "itemCategory": " 1",
            "type": "03",
            "startDate": "20250520",
            "endDate": "20250601",
            "itemSku": "   7506443101616",
            "category": "",
            "providerType": "0",
            "requiredQuantity": "001.000",
            "discount": "00015.040",
            "discountType": "F",
            "optative": " ",
            "description": "052RYC$15.00                            ",
            "itemSubcategory": "",
            "itemSegment": "",
            "itemSubsegment": "",
            "durationCode": "1000023591111111",
            "grouper": "000.000",
            "percent": "000.00",
            "optativeOne": " ",
            "sent": " ",
            "action": "A",
            "binCode": "",
            "messagePsg": ""
        },
        {
            "lineNumber": "21",
            "folio": "  50695111",
            "itemCategory": " 1",
            "type": "03",
            "startDate": "20250520",
            "endDate": "20250601",
            "itemSku": "   7501438326388",
            "category": "",
            "providerType": "0",
            "requiredQuantity": "001.000",
            "discount": "00015.040",
            "discountType": "F",
            "optative": " ",
            "description": "052RYC$15.00                            ",
            "itemSubcategory": "",
            "itemSegment": "",
            "itemSubsegment": "",
            "durationCode": "1000023591111111",
            "grouper": "000.000",
            "percent": "000.00",
            "optativeOne": " ",
            "sent": " ",
            "action": "A",
            "binCode": "",
            "messagePsg": ""
        },
        {
            "lineNumber": "22",
            "folio": "  50695111",
            "itemCategory": " 1",
            "type": "03",
            "startDate": "20250520",
            "endDate": "20250601",
            "itemSku": "   7502214985348",
            "category": "",
            "providerType": "0",
            "requiredQuantity": "001.000",
            "discount": "00015.040",
            "discountType": "F",
            "optative": " ",
            "description": "052RYC$15.00                            ",
            "itemSubcategory": "",
            "itemSegment": "",
            "itemSubsegment": "",
            "durationCode": "1000023591111111",
            "grouper": "000.000",
            "percent": "000.00",
            "optativeOne": " ",
            "sent": " ",
            "action": "A",
            "binCode": "",
            "messagePsg": ""
        },
        {
            "lineNumber": "23",
            "folio": "  50695111",
            "itemCategory": " 1",
            "type": "03",
            "startDate": "20250520",
            "endDate": "20250601",
            "itemSku": "   7501008735299",
            "category": "",
            "providerType": "0",
            "requiredQuantity": "001.000",
            "discount": "00015.040",
            "discountType": "F",
            "optative": " ",
            "description": "052RYC$15.00                            ",
            "itemSubcategory": "",
            "itemSegment": "",
            "itemSubsegment": "",
            "durationCode": "1000023591111111",
            "grouper": "000.000",
            "percent": "000.00",
            "optativeOne": " ",
            "sent": " ",
            "action": "A",
            "binCode": "",
            "messagePsg": ""
        },
        {
            "lineNumber": "24",
            "folio": "  50695111",
            "itemCategory": " 1",
            "type": "03",
            "startDate": "20250520",
            "endDate": "20250601",
            "itemSku": "   7500478011230",
            "category": "",
            "providerType": "0",
            "requiredQuantity": "001.000",
            "discount": "00015.040",
            "discountType": "F",
            "optative": " ",
            "description": "052RYC$15.00                            ",
            "itemSubcategory": "",
            "itemSegment": "",
            "itemSubsegment": "",
            "durationCode": "1000023591111111",
            "grouper": "000.000",
            "percent": "000.00",
            "optativeOne": " ",
            "sent": " ",
            "action": "A",
            "binCode": "",
            "messagePsg": ""
        },
        {
            "lineNumber": "25",
            "folio": "  50695116",
            "itemCategory": " 1",
            "type": "03",
            "startDate": "20250520",
            "endDate": "20250601",
            "itemSku": "           49459",
            "category": "",
            "providerType": "0",
            "requiredQuantity": "000.001",
            "discount": "00045.040",
            "discountType": "F",
            "optative": " ",
            "description": "052RYC$45.00                            ",
            "itemSubcategory": "",
            "itemSegment": "",
            "itemSubsegment": "",
            "durationCode": "1000023591111111",
            "grouper": "000.000",
            "percent": "000.00",
            "optativeOne": " ",
            "sent": " ",
            "action": "A",
            "binCode": "",
            "messagePsg": ""
        },
        {
            "lineNumber": "26",
            "folio": "  50718190",
            "itemCategory": " 1",
            "type": "03",
            "startDate": "20250520",
            "endDate": "20250601",
            "itemSku": "   7501018310530",
            "category": "",
            "providerType": "0",
            "requiredQuantity": "001.000",
            "discount": "00002.040",
            "discountType": "F",
            "optative": " ",
            "description": "052RYC$2.00                             ",
            "itemSubcategory": "",
            "itemSegment": "",
            "itemSubsegment": "",
            "durationCode": "1000023591111111",
            "grouper": "000.000",
            "percent": "000.00",
            "optativeOne": " ",
            "sent": " ",
            "action": "A",
            "binCode": "",
            "messagePsg": ""
        },
        {
            "lineNumber": "27",
            "folio": "  50718190",
            "itemCategory": " 1",
            "type": "03",
            "startDate": "20250520",
            "endDate": "20250601",
            "itemSku": "   7501058652492",
            "category": "",
            "providerType": "0",
            "requiredQuantity": "001.000",
            "discount": "00002.040",
            "discountType": "F",
            "optative": " ",
            "description": "052RYC$2.00                             ",
            "itemSubcategory": "",
            "itemSegment": "",
            "itemSubsegment": "",
            "durationCode": "1000023591111111",
            "grouper": "000.000",
            "percent": "000.00",
            "optativeOne": " ",
            "sent": " ",
            "action": "A",
            "binCode": "",
            "messagePsg": ""
        },
        {
            "lineNumber": "28",
            "folio": "  50718190",
            "itemCategory": " 1",
            "type": "03",
            "startDate": "20250520",
            "endDate": "20250601",
            "itemSku": "        75030896",
            "category": "",
            "providerType": "0",
            "requiredQuantity": "001.000",
            "discount": "00002.040",
            "discountType": "F",
            "optative": " ",
            "description": "052RYC$2.00                             ",
            "itemSubcategory": "",
            "itemSegment": "",
            "itemSubsegment": "",
            "durationCode": "1000023591111111",
            "grouper": "000.000",
            "percent": "000.00",
            "optativeOne": " ",
            "sent": " ",
            "action": "A",
            "binCode": "",
            "messagePsg": ""
        },
        {
            "lineNumber": "29",
            "folio": "  50718190",
            "itemCategory": " 1",
            "type": "03",
            "startDate": "20250520",
            "endDate": "20250601",
            "itemSku": "        75074814",
            "category": "",
            "providerType": "0",
            "requiredQuantity": "001.000",
            "discount": "00002.040",
            "discountType": "F",
            "optative": " ",
            "description": "052RYC$2.00                             ",
            "itemSubcategory": "",
            "itemSegment": "",
            "itemSubsegment": "",
            "durationCode": "1000023591111111",
            "grouper": "000.000",
            "percent": "000.00",
            "optativeOne": " ",
            "sent": " ",
            "action": "A",
            "binCode": "",
            "messagePsg": ""
        },
        {
            "lineNumber": "30",
            "folio": "  50718190",
            "itemCategory": " 1",
            "type": "03",
            "startDate": "20250520",
            "endDate": "20250601",
            "itemSku": "    070662043103",
            "category": "",
            "providerType": "0",
            "requiredQuantity": "001.000",
            "discount": "00002.040",
            "discountType": "F",
            "optative": " ",
            "description": "052RYC$2.00                             ",
            "itemSubcategory": "",
            "itemSegment": "",
            "itemSubsegment": "",
            "durationCode": "1000023591111111",
            "grouper": "000.000",
            "percent": "000.00",
            "optativeOne": " ",
            "sent": " ",
            "action": "A",
            "binCode": "",
            "messagePsg": ""
        },
        {
            "lineNumber": "31",
            "folio": "  50718191",
            "itemCategory": " 1",
            "type": "03",
            "startDate": "20250520",
            "endDate": "20250601",
            "itemSku": "   7503020651557",
            "category": "",
            "providerType": "0",
            "requiredQuantity": "001.000",
            "discount": "00003.040",
            "discountType": "F",
            "optative": " ",
            "description": "052RYC$3.00                             ",
            "itemSubcategory": "",
            "itemSegment": "",
            "itemSubsegment": "",
            "durationCode": "1000023591111111",
            "grouper": "000.000",
            "percent": "000.00",
            "optativeOne": " ",
            "sent": " ",
            "action": "A",
            "binCode": "",
            "messagePsg": ""
        },
        {
            "lineNumber": "32",
            "folio": "  50718191",
            "itemCategory": " 1",
            "type": "03",
            "startDate": "20250520",
            "endDate": "20250601",
            "itemSku": "    070662242025",
            "category": "",
            "providerType": "0",
            "requiredQuantity": "001.000",
            "discount": "00003.040",
            "discountType": "F",
            "optative": " ",
            "description": "052RYC$3.00                             ",
            "itemSubcategory": "",
            "itemSegment": "",
            "itemSubsegment": "",
            "durationCode": "1000023591111111",
            "grouper": "000.000",
            "percent": "000.00",
            "optativeOne": " ",
            "sent": " ",
            "action": "A",
            "binCode": "",
            "messagePsg": ""
        },
        {
            "lineNumber": "33",
            "folio": "  50718191",
            "itemCategory": " 1",
            "type": "03",
            "startDate": "20250520",
            "endDate": "20250601",
            "itemSku": "    070662140123",
            "category": "",
            "providerType": "0",
            "requiredQuantity": "001.000",
            "discount": "00003.040",
            "discountType": "F",
            "optative": " ",
            "description": "052RYC$3.00                             ",
            "itemSubcategory": "",
            "itemSegment": "",
            "itemSubsegment": "",
            "durationCode": "1000023591111111",
            "grouper": "000.000",
            "percent": "000.00",
            "optativeOne": " ",
            "sent": " ",
            "action": "A",
            "binCode": "",
            "messagePsg": ""
        },
        {
            "lineNumber": "34",
            "folio": "  50718192",
            "itemCategory": " 1",
            "type": "03",
            "startDate": "20250520",
            "endDate": "20250601",
            "itemSku": "    012388000978",
            "category": "",
            "providerType": "0",
            "requiredQuantity": "001.000",
            "discount": "00007.040",
            "discountType": "F",
            "optative": " ",
            "description": "052RYC$7.00                             ",
            "itemSubcategory": "",
            "itemSegment": "",
            "itemSubsegment": "",
            "durationCode": "1000023591111111",
            "grouper": "000.000",
            "percent": "000.00",
            "optativeOne": " ",
            "sent": " ",
            "action": "A",
            "binCode": "",
            "messagePsg": ""
        },
        {
            "lineNumber": "35",
            "folio": "  50718192",
            "itemCategory": " 1",
            "type": "03",
            "startDate": "20250520",
            "endDate": "20250601",
            "itemSku": "    014800515329",
            "category": "",
            "providerType": "0",
            "requiredQuantity": "001.000",
            "discount": "00007.040",
            "discountType": "F",
            "optative": " ",
            "description": "052RYC$7.00                             ",
            "itemSubcategory": "",
            "itemSegment": "",
            "itemSubsegment": "",
            "durationCode": "1000023591111111",
            "grouper": "000.000",
            "percent": "000.00",
            "optativeOne": " ",
            "sent": " ",
            "action": "A",
            "binCode": "",
            "messagePsg": ""
        },
        {
            "lineNumber": "36",
            "folio": "  50718192",
            "itemCategory": " 1",
            "type": "03",
            "startDate": "20250520",
            "endDate": "20250601",
            "itemSku": "   7503030199995",
            "category": "",
            "providerType": "0",
            "requiredQuantity": "001.000",
            "discount": "00007.040",
            "discountType": "F",
            "optative": " ",
            "description": "052RYC$7.00                             ",
            "itemSubcategory": "",
            "itemSegment": "",
            "itemSubsegment": "",
            "durationCode": "1000023591111111",
            "grouper": "000.000",
            "percent": "000.00",
            "optativeOne": " ",
            "sent": " ",
            "action": "A",
            "binCode": "",
            "messagePsg": ""
        },
        {
            "lineNumber": "37",
            "folio": "  50718192",
            "itemCategory": " 1",
            "type": "03",
            "startDate": "20250520",
            "endDate": "20250601",
            "itemSku": "   7506306417359",
            "category": "",
            "providerType": "0",
            "requiredQuantity": "001.000",
            "discount": "00007.040",
            "discountType": "F",
            "optative": " ",
            "description": "052RYC$7.00                             ",
            "itemSubcategory": "",
            "itemSegment": "",
            "itemSubsegment": "",
            "durationCode": "1000023591111111",
            "grouper": "000.000",
            "percent": "000.00",
            "optativeOne": " ",
            "sent": " ",
            "action": "A",
            "binCode": "",
            "messagePsg": ""
        },
        {
            "lineNumber": "38",
            "folio": "  50718192",
            "itemCategory": " 1",
            "type": "03",
            "startDate": "20250520",
            "endDate": "20250601",
            "itemSku": "   7503030374002",
            "category": "",
            "providerType": "0",
            "requiredQuantity": "001.000",
            "discount": "00007.040",
            "discountType": "F",
            "optative": " ",
            "description": "052RYC$7.00                             ",
            "itemSubcategory": "",
            "itemSegment": "",
            "itemSubsegment": "",
            "durationCode": "1000023591111111",
            "grouper": "000.000",
            "percent": "000.00",
            "optativeOne": " ",
            "sent": " ",
            "action": "A",
            "binCode": "",
            "messagePsg": ""
        },
        {
            "lineNumber": "39",
            "folio": "  50718192",
            "itemCategory": " 1",
            "type": "03",
            "startDate": "20250520",
            "endDate": "20250601",
            "itemSku": "   7500810018378",
            "category": "",
            "providerType": "0",
            "requiredQuantity": "001.000",
            "discount": "00007.040",
            "discountType": "F",
            "optative": " ",
            "description": "052RYC$7.00                             ",
            "itemSubcategory": "",
            "itemSegment": "",
            "itemSubsegment": "",
            "durationCode": "1000023591111111",
            "grouper": "000.000",
            "percent": "000.00",
            "optativeOne": " ",
            "sent": " ",
            "action": "A",
            "binCode": "",
            "messagePsg": ""
        },
        {
            "lineNumber": "40",
            "folio": "  50718192",
            "itemCategory": " 1",
            "type": "03",
            "startDate": "20250520",
            "endDate": "20250601",
            "itemSku": "   7501022015162",
            "category": "",
            "providerType": "0",
            "requiredQuantity": "001.000",
            "discount": "00007.040",
            "discountType": "F",
            "optative": " ",
            "description": "052RYC$7.00                             ",
            "itemSubcategory": "",
            "itemSegment": "",
            "itemSubsegment": "",
            "durationCode": "1000023591111111",
            "grouper": "000.000",
            "percent": "000.00",
            "optativeOne": " ",
            "sent": " ",
            "action": "A",
            "binCode": "",
            "messagePsg": ""
        },
        {
            "lineNumber": "41",
            "folio": "  50718192",
            "itemCategory": " 1",
            "type": "03",
            "startDate": "20250520",
            "endDate": "20250601",
            "itemSku": "   7501000112401",
            "category": "",
            "providerType": "0",
            "requiredQuantity": "001.000",
            "discount": "00007.040",
            "discountType": "F",
            "optative": " ",
            "description": "052RYC$7.00                             ",
            "itemSubcategory": "",
            "itemSegment": "",
            "itemSubsegment": "",
            "durationCode": "1000023591111111",
            "grouper": "000.000",
            "percent": "000.00",
            "optativeOne": " ",
            "sent": " ",
            "action": "A",
            "binCode": "",
            "messagePsg": ""
        },
        {
            "lineNumber": "42",
            "folio": "  50718192",
            "itemCategory": " 1",
            "type": "03",
            "startDate": "20250520",
            "endDate": "20250601",
            "itemSku": "   7501055385492",
            "category": "",
            "providerType": "0",
            "requiredQuantity": "001.000",
            "discount": "00007.040",
            "discountType": "F",
            "optative": " ",
            "description": "052RYC$7.00                             ",
            "itemSubcategory": "",
            "itemSegment": "",
            "itemSubsegment": "",
            "durationCode": "1000023591111111",
            "grouper": "000.000",
            "percent": "000.00",
            "optativeOne": " ",
            "sent": " ",
            "action": "A",
            "binCode": "",
            "messagePsg": ""
        },
        {
            "lineNumber": "43",
            "folio": "  50718192",
            "itemCategory": " 1",
            "type": "03",
            "startDate": "20250520",
            "endDate": "20250601",
            "itemSku": "   7501055385508",
            "category": "",
            "providerType": "0",
            "requiredQuantity": "001.000",
            "discount": "00007.040",
            "discountType": "F",
            "optative": " ",
            "description": "052RYC$7.00                             ",
            "itemSubcategory": "",
            "itemSegment": "",
            "itemSubsegment": "",
            "durationCode": "1000023591111111",
            "grouper": "000.000",
            "percent": "000.00",
            "optativeOne": " ",
            "sent": " ",
            "action": "A",
            "binCode": "",
            "messagePsg": ""
        },
        {
            "lineNumber": "44",
            "folio": "  50718192",
            "itemCategory": " 1",
            "type": "03",
            "startDate": "20250520",
            "endDate": "20250601",
            "itemSku": "   7500810028032",
            "category": "",
            "providerType": "0",
            "requiredQuantity": "001.000",
            "discount": "00007.040",
            "discountType": "F",
            "optative": " ",
            "description": "052RYC$7.00                             ",
            "itemSubcategory": "",
            "itemSegment": "",
            "itemSubsegment": "",
            "durationCode": "1000023591111111",
            "grouper": "000.000",
            "percent": "000.00",
            "optativeOne": " ",
            "sent": " ",
            "action": "A",
            "binCode": "",
            "messagePsg": ""
        },
        {
            "lineNumber": "45",
            "folio": "  50718192",
            "itemCategory": " 1",
            "type": "03",
            "startDate": "20250520",
            "endDate": "20250601",
            "itemSku": "   7501058619228",
            "category": "",
            "providerType": "0",
            "requiredQuantity": "001.000",
            "discount": "00007.040",
            "discountType": "F",
            "optative": " ",
            "description": "052RYC$7.00                             ",
            "itemSubcategory": "",
            "itemSegment": "",
            "itemSubsegment": "",
            "durationCode": "1000023591111111",
            "grouper": "000.000",
            "percent": "000.00",
            "optativeOne": " ",
            "sent": " ",
            "action": "A",
            "binCode": "",
            "messagePsg": ""
        },
        {
            "lineNumber": "46",
            "folio": "  50718192",
            "itemCategory": " 1",
            "type": "03",
            "startDate": "20250520",
            "endDate": "20250601",
            "itemSku": "   7501003336125",
            "category": "",
            "providerType": "0",
            "requiredQuantity": "001.000",
            "discount": "00007.040",
            "discountType": "F",
            "optative": " ",
            "description": "052RYC$7.00                             ",
            "itemSubcategory": "",
            "itemSegment": "",
            "itemSubsegment": "",
            "durationCode": "1000023591111111",
            "grouper": "000.000",
            "percent": "000.00",
            "optativeOne": " ",
            "sent": " ",
            "action": "A",
            "binCode": "",
            "messagePsg": ""
        },
        {
            "lineNumber": "47",
            "folio": "  50718192",
            "itemCategory": " 1",
            "type": "03",
            "startDate": "20250520",
            "endDate": "20250601",
            "itemSku": "   7500810022801",
            "category": "",
            "providerType": "0",
            "requiredQuantity": "001.000",
            "discount": "00007.040",
            "discountType": "F",
            "optative": " ",
            "description": "052RYC$7.00                             ",
            "itemSubcategory": "",
            "itemSegment": "",
            "itemSubsegment": "",
            "durationCode": "1000023591111111",
            "grouper": "000.000",
            "percent": "000.00",
            "optativeOne": " ",
            "sent": " ",
            "action": "A",
            "binCode": "",
            "messagePsg": ""
        },
        {
            "lineNumber": "48",
            "folio": "  50718192",
            "itemCategory": " 1",
            "type": "03",
            "startDate": "20250520",
            "endDate": "20250601",
            "itemSku": "    012800525348",
            "category": "",
            "providerType": "0",
            "requiredQuantity": "001.000",
            "discount": "00007.040",
            "discountType": "F",
            "optative": " ",
            "description": "052RYC$7.00                             ",
            "itemSubcategory": "",
            "itemSegment": "",
            "itemSubsegment": "",
            "durationCode": "1000023591111111",
            "grouper": "000.000",
            "percent": "000.00",
            "optativeOne": " ",
            "sent": " ",
            "action": "A",
            "binCode": "",
            "messagePsg": ""
        },
        {
            "lineNumber": "49",
            "folio": "  50718192",
            "itemCategory": " 1",
            "type": "03",
            "startDate": "20250520",
            "endDate": "20250601",
            "itemSku": "    012800525416",
            "category": "",
            "providerType": "0",
            "requiredQuantity": "001.000",
            "discount": "00007.040",
            "discountType": "F",
            "optative": " ",
            "description": "052RYC$7.00                             ",
            "itemSubcategory": "",
            "itemSegment": "",
            "itemSubsegment": "",
            "durationCode": "1000023591111111",
            "grouper": "000.000",
            "percent": "000.00",
            "optativeOne": " ",
            "sent": " ",
            "action": "A",
            "binCode": "",
            "messagePsg": ""
        },
        {
            "lineNumber": "50",
            "folio": "  50718192",
            "itemCategory": " 1",
            "type": "03",
            "startDate": "20250520",
            "endDate": "20250601",
            "itemSku": "   7506306247505",
            "category": "",
            "providerType": "0",
            "requiredQuantity": "001.000",
            "discount": "00007.040",
            "discountType": "F",
            "optative": " ",
            "description": "052RYC$7.00                             ",
            "itemSubcategory": "",
            "itemSegment": "",
            "itemSubsegment": "",
            "durationCode": "1000023591111111",
            "grouper": "000.000",
            "percent": "000.00",
            "optativeOne": " ",
            "sent": " ",
            "action": "A",
            "binCode": "",
            "messagePsg": ""
        },
        {
            "lineNumber": "51",
            "folio": "  50718192",
            "itemCategory": " 1",
            "type": "03",
            "startDate": "20250520",
            "endDate": "20250601",
            "itemSku": "   7500810020531",
            "category": "",
            "providerType": "0",
            "requiredQuantity": "001.000",
            "discount": "00007.040",
            "discountType": "F",
            "optative": " ",
            "description": "052RYC$7.00                             ",
            "itemSubcategory": "",
            "itemSegment": "",
            "itemSubsegment": "",
            "durationCode": "1000023591111111",
            "grouper": "000.000",
            "percent": "000.00",
            "optativeOne": " ",
            "sent": " ",
            "action": "A",
            "binCode": "",
            "messagePsg": ""
        },
        {
            "lineNumber": "52",
            "folio": "  50718192",
            "itemCategory": " 1",
            "type": "03",
            "startDate": "20250520",
            "endDate": "20250601",
            "itemSku": "   7501013106992",
            "category": "",
            "providerType": "0",
            "requiredQuantity": "001.000",
            "discount": "00007.040",
            "discountType": "F",
            "optative": " ",
            "description": "052RYC$7.00                             ",
            "itemSubcategory": "",
            "itemSegment": "",
            "itemSubsegment": "",
            "durationCode": "1000023591111111",
            "grouper": "000.000",
            "percent": "000.00",
            "optativeOne": " ",
            "sent": " ",
            "action": "A",
            "binCode": "",
            "messagePsg": ""
        },
        {
            "lineNumber": "53",
            "folio": "  50718192",
            "itemCategory": " 1",
            "type": "03",
            "startDate": "20250520",
            "endDate": "20250601",
            "itemSku": "   7501018312015",
            "category": "",
            "providerType": "0",
            "requiredQuantity": "001.000",
            "discount": "00007.040",
            "discountType": "F",
            "optative": " ",
            "description": "052RYC$7.00                             ",
            "itemSubcategory": "",
            "itemSegment": "",
            "itemSubsegment": "",
            "durationCode": "1000023591111111",
            "grouper": "000.000",
            "percent": "000.00",
            "optativeOne": " ",
            "sent": " ",
            "action": "A",
            "binCode": "",
            "messagePsg": ""
        },
        {
            "lineNumber": "54",
            "folio": "  50718192",
            "itemCategory": " 1",
            "type": "03",
            "startDate": "20250520",
            "endDate": "20250601",
            "itemSku": "   7502268541491",
            "category": "",
            "providerType": "0",
            "requiredQuantity": "001.000",
            "discount": "00007.040",
            "discountType": "F",
            "optative": " ",
            "description": "052RYC$7.00                             ",
            "itemSubcategory": "",
            "itemSegment": "",
            "itemSubsegment": "",
            "durationCode": "1000023591111111",
            "grouper": "000.000",
            "percent": "000.00",
            "optativeOne": " ",
            "sent": " ",
            "action": "A",
            "binCode": "",
            "messagePsg": ""
        },
        {
            "lineNumber": "55",
            "folio": "  50718193",
            "itemCategory": " 1",
            "type": "03",
            "startDate": "20250520",
            "endDate": "20250601",
            "itemSku": "   7501013104097",
            "category": "",
            "providerType": "0",
            "requiredQuantity": "001.000",
            "discount": "00010.040",
            "discountType": "F",
            "optative": " ",
            "description": "052RYC$10.00                            ",
            "itemSubcategory": "",
            "itemSegment": "",
            "itemSubsegment": "",
            "durationCode": "1000023591111111",
            "grouper": "000.000",
            "percent": "000.00",
            "optativeOne": " ",
            "sent": " ",
            "action": "A",
            "binCode": "",
            "messagePsg": ""
        },
        {
            "lineNumber": "56",
            "folio": "  50718193",
            "itemCategory": " 1",
            "type": "03",
            "startDate": "20250520",
            "endDate": "20250601",
            "itemSku": "   7501199406671",
            "category": "",
            "providerType": "0",
            "requiredQuantity": "001.000",
            "discount": "00010.040",
            "discountType": "F",
            "optative": " ",
            "description": "052RYC$10.00                            ",
            "itemSubcategory": "",
            "itemSegment": "",
            "itemSubsegment": "",
            "durationCode": "1000023591111111",
            "grouper": "000.000",
            "percent": "000.00",
            "optativeOne": " ",
            "sent": " ",
            "action": "A",
            "binCode": "",
            "messagePsg": ""
        },
        {
            "lineNumber": "57",
            "folio": "  50718193",
            "itemCategory": " 1",
            "type": "03",
            "startDate": "20250520",
            "endDate": "20250601",
            "itemSku": "   7501030478591",
            "category": "",
            "providerType": "0",
            "requiredQuantity": "001.000",
            "discount": "00010.040",
            "discountType": "F",
            "optative": " ",
            "description": "052RYC$10.00                            ",
            "itemSubcategory": "",
            "itemSegment": "",
            "itemSubsegment": "",
            "durationCode": "1000023591111111",
            "grouper": "000.000",
            "percent": "000.00",
            "optativeOne": " ",
            "sent": " ",
            "action": "A",
            "binCode": "",
            "messagePsg": ""
        },
        {
            "lineNumber": "58",
            "folio": "  50718193",
            "itemCategory": " 1",
            "type": "03",
            "startDate": "20250520",
            "endDate": "20250601",
            "itemSku": "   7501032398392",
            "category": "",
            "providerType": "0",
            "requiredQuantity": "001.000",
            "discount": "00010.040",
            "discountType": "F",
            "optative": " ",
            "description": "052RYC$10.00                            ",
            "itemSubcategory": "",
            "itemSegment": "",
            "itemSubsegment": "",
            "durationCode": "1000023591111111",
            "grouper": "000.000",
            "percent": "000.00",
            "optativeOne": " ",
            "sent": " ",
            "action": "A",
            "binCode": "",
            "messagePsg": ""
        },
        {
            "lineNumber": "59",
            "folio": "  50718193",
            "itemCategory": " 1",
            "type": "03",
            "startDate": "20250520",
            "endDate": "20250601",
            "itemSku": "   7506306414525",
            "category": "",
            "providerType": "0",
            "requiredQuantity": "001.000",
            "discount": "00010.040",
            "discountType": "F",
            "optative": " ",
            "description": "052RYC$10.00                            ",
            "itemSubcategory": "",
            "itemSegment": "",
            "itemSubsegment": "",
            "durationCode": "1000023591111111",
            "grouper": "000.000",
            "percent": "000.00",
            "optativeOne": " ",
            "sent": " ",
            "action": "A",
            "binCode": "",
            "messagePsg": ""
        },
        {
            "lineNumber": "60",
            "folio": "  50718193",
            "itemCategory": " 1",
            "type": "03",
            "startDate": "20250520",
            "endDate": "20250601",
            "itemSku": "   7501055383900",
            "category": "",
            "providerType": "0",
            "requiredQuantity": "001.000",
            "discount": "00010.040",
            "discountType": "F",
            "optative": " ",
            "description": "052RYC$10.00                            ",
            "itemSubcategory": "",
            "itemSegment": "",
            "itemSubsegment": "",
            "durationCode": "1000023591111111",
            "grouper": "000.000",
            "percent": "000.00",
            "optativeOne": " ",
            "sent": " ",
            "action": "A",
            "binCode": "",
            "messagePsg": ""
        },
        {
            "lineNumber": "61",
            "folio": "  50718193",
            "itemCategory": " 1",
            "type": "03",
            "startDate": "20250520",
            "endDate": "20250601",
            "itemSku": "   7506475115544",
            "category": "",
            "providerType": "0",
            "requiredQuantity": "001.000",
            "discount": "00010.040",
            "discountType": "F",
            "optative": " ",
            "description": "052RYC$10.00                            ",
            "itemSubcategory": "",
            "itemSegment": "",
            "itemSubsegment": "",
            "durationCode": "1000023591111111",
            "grouper": "000.000",
            "percent": "000.00",
            "optativeOne": " ",
            "sent": " ",
            "action": "A",
            "binCode": "",
            "messagePsg": ""
        },
        {
            "lineNumber": "62",
            "folio": "  50718193",
            "itemCategory": " 1",
            "type": "03",
            "startDate": "20250520",
            "endDate": "20250601",
            "itemSku": "    602499161028",
            "category": "",
            "providerType": "0",
            "requiredQuantity": "001.000",
            "discount": "00010.040",
            "discountType": "F",
            "optative": " ",
            "description": "052RYC$10.00                            ",
            "itemSubcategory": "",
            "itemSegment": "",
            "itemSubsegment": "",
            "durationCode": "1000023591111111",
            "grouper": "000.000",
            "percent": "000.00",
            "optativeOne": " ",
            "sent": " ",
            "action": "A",
            "binCode": "",
            "messagePsg": ""
        },
        {
            "lineNumber": "63",
            "folio": "  50718193",
            "itemCategory": " 1",
            "type": "03",
            "startDate": "20250520",
            "endDate": "20250601",
            "itemSku": "   7500810029954",
            "category": "",
            "providerType": "0",
            "requiredQuantity": "001.000",
            "discount": "00010.040",
            "discountType": "F",
            "optative": " ",
            "description": "052RYC$10.00                            ",
            "itemSubcategory": "",
            "itemSegment": "",
            "itemSubsegment": "",
            "durationCode": "1000023591111111",
            "grouper": "000.000",
            "percent": "000.00",
            "optativeOne": " ",
            "sent": " ",
            "action": "A",
            "binCode": "",
            "messagePsg": ""
        },
        {
            "lineNumber": "64",
            "folio": "  50718193",
            "itemCategory": " 1",
            "type": "03",
            "startDate": "20250520",
            "endDate": "20250601",
            "itemSku": "   7500810015797",
            "category": "",
            "providerType": "0",
            "requiredQuantity": "001.000",
            "discount": "00010.040",
            "discountType": "F",
            "optative": " ",
            "description": "052RYC$10.00                            ",
            "itemSubcategory": "",
            "itemSegment": "",
            "itemSubsegment": "",
            "durationCode": "1000023591111111",
            "grouper": "000.000",
            "percent": "000.00",
            "optativeOne": " ",
            "sent": " ",
            "action": "A",
            "binCode": "",
            "messagePsg": ""
        },
        {
            "lineNumber": "65",
            "folio": "  50718193",
            "itemCategory": " 1",
            "type": "03",
            "startDate": "20250520",
            "endDate": "20250601",
            "itemSku": "    094331238706",
            "category": "",
            "providerType": "0",
            "requiredQuantity": "001.000",
            "discount": "00010.040",
            "discountType": "F",
            "optative": " ",
            "description": "052RYC$10.00                            ",
            "itemSubcategory": "",
            "itemSegment": "",
            "itemSubsegment": "",
            "durationCode": "1000023591111111",
            "grouper": "000.000",
            "percent": "000.00",
            "optativeOne": " ",
            "sent": " ",
            "action": "A",
            "binCode": "",
            "messagePsg": ""
        },
        {
            "lineNumber": "66",
            "folio": "  50718193",
            "itemCategory": " 1",
            "type": "03",
            "startDate": "20250520",
            "endDate": "20250601",
            "itemSku": "   7501000601189",
            "category": "",
            "providerType": "0",
            "requiredQuantity": "001.000",
            "discount": "00010.040",
            "discountType": "F",
            "optative": " ",
            "description": "052RYC$10.00                            ",
            "itemSubcategory": "",
            "itemSegment": "",
            "itemSubsegment": "",
            "durationCode": "1000023591111111",
            "grouper": "000.000",
            "percent": "000.00",
            "optativeOne": " ",
            "sent": " ",
            "action": "A",
            "binCode": "",
            "messagePsg": ""
        },
        {
            "lineNumber": "67",
            "folio": "  50718193",
            "itemCategory": " 1",
            "type": "03",
            "startDate": "20250520",
            "endDate": "20250601",
            "itemSku": "   7778965000160",
            "category": "",
            "providerType": "0",
            "requiredQuantity": "001.000",
            "discount": "00010.040",
            "discountType": "F",
            "optative": " ",
            "description": "052RYC$10.00                            ",
            "itemSubcategory": "",
            "itemSegment": "",
            "itemSubsegment": "",
            "durationCode": "1000023591111111",
            "grouper": "000.000",
            "percent": "000.00",
            "optativeOne": " ",
            "sent": " ",
            "action": "A",
            "binCode": "",
            "messagePsg": ""
        },
        {
            "lineNumber": "68",
            "folio": "  50718193",
            "itemCategory": " 1",
            "type": "03",
            "startDate": "20250520",
            "endDate": "20250601",
            "itemSku": "   7509546071275",
            "category": "",
            "providerType": "0",
            "requiredQuantity": "001.000",
            "discount": "00010.040",
            "discountType": "F",
            "optative": " ",
            "description": "052RYC$10.00                            ",
            "itemSubcategory": "",
            "itemSegment": "",
            "itemSubsegment": "",
            "durationCode": "1000023591111111",
            "grouper": "000.000",
            "percent": "000.00",
            "optativeOne": " ",
            "sent": " ",
            "action": "A",
            "binCode": "",
            "messagePsg": ""
        },
        {
            "lineNumber": "69",
            "folio": "  50718193",
            "itemCategory": " 1",
            "type": "03",
            "startDate": "20250520",
            "endDate": "20250601",
            "itemSku": "   7500810015810",
            "category": "",
            "providerType": "0",
            "requiredQuantity": "001.000",
            "discount": "00010.040",
            "discountType": "F",
            "optative": " ",
            "description": "052RYC$10.00                            ",
            "itemSubcategory": "",
            "itemSegment": "",
            "itemSubsegment": "",
            "durationCode": "1000023591111111",
            "grouper": "000.000",
            "percent": "000.00",
            "optativeOne": " ",
            "sent": " ",
            "action": "A",
            "binCode": "",
            "messagePsg": ""
        },
        {
            "lineNumber": "70",
            "folio": "  50718193",
            "itemCategory": " 1",
            "type": "03",
            "startDate": "20250520",
            "endDate": "20250601",
            "itemSku": "    810120500270",
            "category": "",
            "providerType": "0",
            "requiredQuantity": "001.000",
            "discount": "00010.040",
            "discountType": "F",
            "optative": " ",
            "description": "052RYC$10.00                            ",
            "itemSubcategory": "",
            "itemSegment": "",
            "itemSubsegment": "",
            "durationCode": "1000023591111111",
            "grouper": "000.000",
            "percent": "000.00",
            "optativeOne": " ",
            "sent": " ",
            "action": "A",
            "binCode": "",
            "messagePsg": ""
        },
        {
            "lineNumber": "71",
            "folio": "  50718193",
            "itemCategory": " 1",
            "type": "03",
            "startDate": "20250520",
            "endDate": "20250601",
            "itemSku": "    602499161011",
            "category": "",
            "providerType": "0",
            "requiredQuantity": "001.000",
            "discount": "00010.040",
            "discountType": "F",
            "optative": " ",
            "description": "052RYC$10.00                            ",
            "itemSubcategory": "",
            "itemSegment": "",
            "itemSubsegment": "",
            "durationCode": "1000023591111111",
            "grouper": "000.000",
            "percent": "000.00",
            "optativeOne": " ",
            "sent": " ",
            "action": "A",
            "binCode": "",
            "messagePsg": ""
        },
        {
            "lineNumber": "72",
            "folio": "  50718193",
            "itemCategory": " 1",
            "type": "03",
            "startDate": "20250520",
            "endDate": "20250601",
            "itemSku": "   7500810029947",
            "category": "",
            "providerType": "0",
            "requiredQuantity": "001.000",
            "discount": "00010.040",
            "discountType": "F",
            "optative": " ",
            "description": "052RYC$10.00                            ",
            "itemSubcategory": "",
            "itemSegment": "",
            "itemSubsegment": "",
            "durationCode": "1000023591111111",
            "grouper": "000.000",
            "percent": "000.00",
            "optativeOne": " ",
            "sent": " ",
            "action": "A",
            "binCode": "",
            "messagePsg": ""
        },
        {
            "lineNumber": "73",
            "folio": "  50718193",
            "itemCategory": " 1",
            "type": "03",
            "startDate": "20250520",
            "endDate": "20250601",
            "itemSku": "   7501079702848",
            "category": "",
            "providerType": "0",
            "requiredQuantity": "001.000",
            "discount": "00010.040",
            "discountType": "F",
            "optative": " ",
            "description": "052RYC$10.00                            ",
            "itemSubcategory": "",
            "itemSegment": "",
            "itemSubsegment": "",
            "durationCode": "1000023591111111",
            "grouper": "000.000",
            "percent": "000.00",
            "optativeOne": " ",
            "sent": " ",
            "action": "A",
            "binCode": "",
            "messagePsg": ""
        },
        {
            "lineNumber": "74",
            "folio": "  50718193",
            "itemCategory": " 1",
            "type": "03",
            "startDate": "20250520",
            "endDate": "20250601",
            "itemSku": "   7501055915156",
            "category": "",
            "providerType": "0",
            "requiredQuantity": "001.000",
            "discount": "00010.040",
            "discountType": "F",
            "optative": " ",
            "description": "052RYC$10.00                            ",
            "itemSubcategory": "",
            "itemSegment": "",
            "itemSubsegment": "",
            "durationCode": "1000023591111111",
            "grouper": "000.000",
            "percent": "000.00",
            "optativeOne": " ",
            "sent": " ",
            "action": "A",
            "binCode": "",
            "messagePsg": ""
        },
        {
            "lineNumber": "75",
            "folio": "  50718193",
            "itemCategory": " 1",
            "type": "03",
            "startDate": "20250520",
            "endDate": "20250601",
            "itemSku": "   7501761864816",
            "category": "",
            "providerType": "0",
            "requiredQuantity": "001.000",
            "discount": "00010.040",
            "discountType": "F",
            "optative": " ",
            "description": "052RYC$10.00                            ",
            "itemSubcategory": "",
            "itemSegment": "",
            "itemSubsegment": "",
            "durationCode": "1000023591111111",
            "grouper": "000.000",
            "percent": "000.00",
            "optativeOne": " ",
            "sent": " ",
            "action": "A",
            "binCode": "",
            "messagePsg": ""
        },
        {
            "lineNumber": "76",
            "folio": "  50718193",
            "itemCategory": " 1",
            "type": "03",
            "startDate": "20250520",
            "endDate": "20250601",
            "itemSku": "   7501013102802",
            "category": "",
            "providerType": "0",
            "requiredQuantity": "001.000",
            "discount": "00010.040",
            "discountType": "F",
            "optative": " ",
            "description": "052RYC$10.00                            ",
            "itemSubcategory": "",
            "itemSegment": "",
            "itemSubsegment": "",
            "durationCode": "1000023591111111",
            "grouper": "000.000",
            "percent": "000.00",
            "optativeOne": " ",
            "sent": " ",
            "action": "A",
            "binCode": "",
            "messagePsg": ""
        },
        {
            "lineNumber": "77",
            "folio": "  50718193",
            "itemCategory": " 1",
            "type": "03",
            "startDate": "20250520",
            "endDate": "20250601",
            "itemSku": "   7501039400289",
            "category": "",
            "providerType": "0",
            "requiredQuantity": "001.000",
            "discount": "00010.040",
            "discountType": "F",
            "optative": " ",
            "description": "052RYC$10.00                            ",
            "itemSubcategory": "",
            "itemSegment": "",
            "itemSubsegment": "",
            "durationCode": "1000023591111111",
            "grouper": "000.000",
            "percent": "000.00",
            "optativeOne": " ",
            "sent": " ",
            "action": "A",
            "binCode": "",
            "messagePsg": ""
        },
        {
            "lineNumber": "78",
            "folio": "  50718193",
            "itemCategory": " 1",
            "type": "03",
            "startDate": "20250520",
            "endDate": "20250601",
            "itemSku": "   7501011167650",
            "category": "",
            "providerType": "0",
            "requiredQuantity": "001.000",
            "discount": "00010.040",
            "discountType": "F",
            "optative": " ",
            "description": "052RYC$10.00                            ",
            "itemSubcategory": "",
            "itemSegment": "",
            "itemSubsegment": "",
            "durationCode": "1000023591111111",
            "grouper": "000.000",
            "percent": "000.00",
            "optativeOne": " ",
            "sent": " ",
            "action": "A",
            "binCode": "",
            "messagePsg": ""
        },
        {
            "lineNumber": "79",
            "folio": "  50718193",
            "itemCategory": " 1",
            "type": "03",
            "startDate": "20250520",
            "endDate": "20250601",
            "itemSku": "   7501846503210",
            "category": "",
            "providerType": "0",
            "requiredQuantity": "001.000",
            "discount": "00010.040",
            "discountType": "F",
            "optative": " ",
            "description": "052RYC$10.00                            ",
            "itemSubcategory": "",
            "itemSegment": "",
            "itemSubsegment": "",
            "durationCode": "1000023591111111",
            "grouper": "000.000",
            "percent": "000.00",
            "optativeOne": " ",
            "sent": " ",
            "action": "A",
            "binCode": "",
            "messagePsg": ""
        },
        {
            "lineNumber": "80",
            "folio": "  50718193",
            "itemCategory": " 1",
            "type": "03",
            "startDate": "20250520",
            "endDate": "20250601",
            "itemSku": "    658480001262",
            "category": "",
            "providerType": "0",
            "requiredQuantity": "001.000",
            "discount": "00010.040",
            "discountType": "F",
            "optative": " ",
            "description": "052RYC$10.00                            ",
            "itemSubcategory": "",
            "itemSegment": "",
            "itemSubsegment": "",
            "durationCode": "1000023591111111",
            "grouper": "000.000",
            "percent": "000.00",
            "optativeOne": " ",
            "sent": " ",
            "action": "A",
            "binCode": "",
            "messagePsg": ""
        },
        {
            "lineNumber": "81",
            "folio": "  50718193",
            "itemCategory": " 1",
            "type": "03",
            "startDate": "20250520",
            "endDate": "20250601",
            "itemSku": "    036731326003",
            "category": "",
            "providerType": "0",
            "requiredQuantity": "001.000",
            "discount": "00010.040",
            "discountType": "F",
            "optative": " ",
            "description": "052RYC$10.00                            ",
            "itemSubcategory": "",
            "itemSegment": "",
            "itemSubsegment": "",
            "durationCode": "1000023591111111",
            "grouper": "000.000",
            "percent": "000.00",
            "optativeOne": " ",
            "sent": " ",
            "action": "A",
            "binCode": "",
            "messagePsg": ""
        },
        {
            "lineNumber": "82",
            "folio": "  50718193",
            "itemCategory": " 1",
            "type": "03",
            "startDate": "20250520",
            "endDate": "20250601",
            "itemSku": "   7501036100014",
            "category": "",
            "providerType": "0",
            "requiredQuantity": "001.000",
            "discount": "00010.040",
            "discountType": "F",
            "optative": " ",
            "description": "052RYC$10.00                            ",
            "itemSubcategory": "",
            "itemSegment": "",
            "itemSubsegment": "",
            "durationCode": "1000023591111111",
            "grouper": "000.000",
            "percent": "000.00",
            "optativeOne": " ",
            "sent": " ",
            "action": "A",
            "binCode": "",
            "messagePsg": ""
        },
        {
            "lineNumber": "83",
            "folio": "  50718193",
            "itemCategory": " 1",
            "type": "03",
            "startDate": "20250520",
            "endDate": "20250601",
            "itemSku": "   7506306249325",
            "category": "",
            "providerType": "0",
            "requiredQuantity": "001.000",
            "discount": "00010.040",
            "discountType": "F",
            "optative": " ",
            "description": "052RYC$10.00                            ",
            "itemSubcategory": "",
            "itemSegment": "",
            "itemSubsegment": "",
            "durationCode": "1000023591111111",
            "grouper": "000.000",
            "percent": "000.00",
            "optativeOne": " ",
            "sent": " ",
            "action": "A",
            "binCode": "",
            "messagePsg": ""
        },
        {
            "lineNumber": "84",
            "folio": "  50718193",
            "itemCategory": " 1",
            "type": "03",
            "startDate": "20250520",
            "endDate": "20250601",
            "itemSku": "   7501846503234",
            "category": "",
            "providerType": "0",
            "requiredQuantity": "001.000",
            "discount": "00010.040",
            "discountType": "F",
            "optative": " ",
            "description": "052RYC$10.00                            ",
            "itemSubcategory": "",
            "itemSegment": "",
            "itemSubsegment": "",
            "durationCode": "1000023591111111",
            "grouper": "000.000",
            "percent": "000.00",
            "optativeOne": " ",
            "sent": " ",
            "action": "A",
            "binCode": "",
            "messagePsg": ""
        },
        {
            "lineNumber": "85",
            "folio": "  50718194",
            "itemCategory": " 1",
            "type": "03",
            "startDate": "20250520",
            "endDate": "20250601",
            "itemSku": "   7500478021598",
            "category": "",
            "providerType": "0",
            "requiredQuantity": "001.000",
            "discount": "00003.040",
            "discountType": "F",
            "optative": " ",
            "description": "052RYC$3.00                             ",
            "itemSubcategory": "",
            "itemSegment": "",
            "itemSubsegment": "",
            "durationCode": "1000023591111111",
            "grouper": "000.000",
            "percent": "000.00",
            "optativeOne": " ",
            "sent": " ",
            "action": "A",
            "binCode": "",
            "messagePsg": ""
        },
        {
            "lineNumber": "86",
            "folio": "  50718194",
            "itemCategory": " 1",
            "type": "03",
            "startDate": "20250520",
            "endDate": "20250601",
            "itemSku": "   7501000153763",
            "category": "",
            "providerType": "0",
            "requiredQuantity": "001.000",
            "discount": "00003.040",
            "discountType": "F",
            "optative": " ",
            "description": "052RYC$3.00                             ",
            "itemSubcategory": "",
            "itemSegment": "",
            "itemSubsegment": "",
            "durationCode": "1000023591111111",
            "grouper": "000.000",
            "percent": "000.00",
            "optativeOne": " ",
            "sent": " ",
            "action": "A",
            "binCode": "",
            "messagePsg": ""
        },
        {
            "lineNumber": "87",
            "folio": "  50718194",
            "itemCategory": " 1",
            "type": "03",
            "startDate": "20250520",
            "endDate": "20250601",
            "itemSku": "        75003104",
            "category": "",
            "providerType": "0",
            "requiredQuantity": "001.000",
            "discount": "00003.040",
            "discountType": "F",
            "optative": " ",
            "description": "052RYC$3.00                             ",
            "itemSubcategory": "",
            "itemSegment": "",
            "itemSubsegment": "",
            "durationCode": "1000023591111111",
            "grouper": "000.000",
            "percent": "000.00",
            "optativeOne": " ",
            "sent": " ",
            "action": "A",
            "binCode": "",
            "messagePsg": ""
        },
        {
            "lineNumber": "88",
            "folio": "  50718194",
            "itemCategory": " 1",
            "type": "03",
            "startDate": "20250520",
            "endDate": "20250601",
            "itemSku": "   7500810029077",
            "category": "",
            "providerType": "0",
            "requiredQuantity": "001.000",
            "discount": "00003.040",
            "discountType": "F",
            "optative": " ",
            "description": "052RYC$3.00                             ",
            "itemSubcategory": "",
            "itemSegment": "",
            "itemSubsegment": "",
            "durationCode": "1000023591111111",
            "grouper": "000.000",
            "percent": "000.00",
            "optativeOne": " ",
            "sent": " ",
            "action": "A",
            "binCode": "",
            "messagePsg": ""
        },
        {
            "lineNumber": "89",
            "folio": "  50718194",
            "itemCategory": " 1",
            "type": "03",
            "startDate": "20250520",
            "endDate": "20250601",
            "itemSku": "   7501008726402",
            "category": "",
            "providerType": "0",
            "requiredQuantity": "001.000",
            "discount": "00003.040",
            "discountType": "F",
            "optative": " ",
            "description": "052RYC$3.00                             ",
            "itemSubcategory": "",
            "itemSegment": "",
            "itemSubsegment": "",
            "durationCode": "1000023591111111",
            "grouper": "000.000",
            "percent": "000.00",
            "optativeOne": " ",
            "sent": " ",
            "action": "A",
            "binCode": "",
            "messagePsg": ""
        },
        {
            "lineNumber": "90",
            "folio": "  50718196",
            "itemCategory": " 1",
            "type": "03",
            "startDate": "20250520",
            "endDate": "20250601",
            "itemSku": "    077204002871",
            "category": "",
            "providerType": "0",
            "requiredQuantity": "001.000",
            "discount": "00005.040",
            "discountType": "F",
            "optative": " ",
            "description": "052RYC$5.00                             ",
            "itemSubcategory": "",
            "itemSegment": "",
            "itemSubsegment": "",
            "durationCode": "1000023591111111",
            "grouper": "000.000",
            "percent": "000.00",
            "optativeOne": " ",
            "sent": " ",
            "action": "A",
            "binCode": "",
            "messagePsg": ""
        },
        {
            "lineNumber": "91",
            "folio": "  50718196",
            "itemCategory": " 1",
            "type": "03",
            "startDate": "20250520",
            "endDate": "20250601",
            "itemSku": "    077204002499",
            "category": "",
            "providerType": "0",
            "requiredQuantity": "001.000",
            "discount": "00005.040",
            "discountType": "F",
            "optative": " ",
            "description": "052RYC$5.00                             ",
            "itemSubcategory": "",
            "itemSegment": "",
            "itemSubsegment": "",
            "durationCode": "1000023591111111",
            "grouper": "000.000",
            "percent": "000.00",
            "optativeOne": " ",
            "sent": " ",
            "action": "A",
            "binCode": "",
            "messagePsg": ""
        },
        {
            "lineNumber": "92",
            "folio": "  50718196",
            "itemCategory": " 1",
            "type": "03",
            "startDate": "20250520",
            "endDate": "20250601",
            "itemSku": "   7506306416673",
            "category": "",
            "providerType": "0",
            "requiredQuantity": "001.000",
            "discount": "00005.040",
            "discountType": "F",
            "optative": " ",
            "description": "052RYC$5.00                             ",
            "itemSubcategory": "",
            "itemSegment": "",
            "itemSubsegment": "",
            "durationCode": "1000023591111111",
            "grouper": "000.000",
            "percent": "000.00",
            "optativeOne": " ",
            "sent": " ",
            "action": "A",
            "binCode": "",
            "messagePsg": ""
        },
        {
            "lineNumber": "93",
            "folio": "  50718196",
            "itemCategory": " 1",
            "type": "03",
            "startDate": "20250520",
            "endDate": "20250601",
            "itemSku": "    757528037574",
            "category": "",
            "providerType": "0",
            "requiredQuantity": "001.000",
            "discount": "00005.040",
            "discountType": "F",
            "optative": " ",
            "description": "052RYC$5.00                             ",
            "itemSubcategory": "",
            "itemSegment": "",
            "itemSubsegment": "",
            "durationCode": "1000023591111111",
            "grouper": "000.000",
            "percent": "000.00",
            "optativeOne": " ",
            "sent": " ",
            "action": "A",
            "binCode": "",
            "messagePsg": ""
        },
        {
            "lineNumber": "94",
            "folio": "  50718196",
            "itemCategory": " 1",
            "type": "03",
            "startDate": "20250520",
            "endDate": "20250601",
            "itemSku": "   7500478026036",
            "category": "",
            "providerType": "0",
            "requiredQuantity": "001.000",
            "discount": "00005.040",
            "discountType": "F",
            "optative": " ",
            "description": "052RYC$5.00                             ",
            "itemSubcategory": "",
            "itemSegment": "",
            "itemSubsegment": "",
            "durationCode": "1000023591111111",
            "grouper": "000.000",
            "percent": "000.00",
            "optativeOne": " ",
            "sent": " ",
            "action": "A",
            "binCode": "",
            "messagePsg": ""
        },
        {
            "lineNumber": "95",
            "folio": "  50718196",
            "itemCategory": " 1",
            "type": "03",
            "startDate": "20250520",
            "endDate": "20250601",
            "itemSku": "   7501000142804",
            "category": "",
            "providerType": "0",
            "requiredQuantity": "001.000",
            "discount": "00005.040",
            "discountType": "F",
            "optative": " ",
            "description": "052RYC$5.00                             ",
            "itemSubcategory": "",
            "itemSegment": "",
            "itemSubsegment": "",
            "durationCode": "1000023591111111",
            "grouper": "000.000",
            "percent": "000.00",
            "optativeOne": " ",
            "sent": " ",
            "action": "A",
            "binCode": "",
            "messagePsg": ""
        },
        {
            "lineNumber": "96",
            "folio": "  50718196",
            "itemCategory": " 1",
            "type": "03",
            "startDate": "20250520",
            "endDate": "20250601",
            "itemSku": "        75003159",
            "category": "",
            "providerType": "0",
            "requiredQuantity": "001.000",
            "discount": "00005.040",
            "discountType": "F",
            "optative": " ",
            "description": "052RYC$5.00                             ",
            "itemSubcategory": "",
            "itemSegment": "",
            "itemSubsegment": "",
            "durationCode": "1000023591111111",
            "grouper": "000.000",
            "percent": "000.00",
            "optativeOne": " ",
            "sent": " ",
            "action": "A",
            "binCode": "",
            "messagePsg": ""
        },
        {
            "lineNumber": "97",
            "folio": "  50718196",
            "itemCategory": " 1",
            "type": "03",
            "startDate": "20250520",
            "endDate": "20250601",
            "itemSku": "   7501030424536",
            "category": "",
            "providerType": "0",
            "requiredQuantity": "001.000",
            "discount": "00005.040",
            "discountType": "F",
            "optative": " ",
            "description": "052RYC$5.00                             ",
            "itemSubcategory": "",
            "itemSegment": "",
            "itemSubsegment": "",
            "durationCode": "1000023591111111",
            "grouper": "000.000",
            "percent": "000.00",
            "optativeOne": " ",
            "sent": " ",
            "action": "A",
            "binCode": "",
            "messagePsg": ""
        },
        {
            "lineNumber": "98",
            "folio": "  50718196",
            "itemCategory": " 1",
            "type": "03",
            "startDate": "20250520",
            "endDate": "20250601",
            "itemSku": "    757528037567",
            "category": "",
            "providerType": "0",
            "requiredQuantity": "001.000",
            "discount": "00005.040",
            "discountType": "F",
            "optative": " ",
            "description": "052RYC$5.00                             ",
            "itemSubcategory": "",
            "itemSegment": "",
            "itemSubsegment": "",
            "durationCode": "1000023591111111",
            "grouper": "000.000",
            "percent": "000.00",
            "optativeOne": " ",
            "sent": " ",
            "action": "A",
            "binCode": "",
            "messagePsg": ""
        },
        {
            "lineNumber": "99",
            "folio": "  50718196",
            "itemCategory": " 1",
            "type": "03",
            "startDate": "20250520",
            "endDate": "20250601",
            "itemSku": "   7501008759455",
            "category": "",
            "providerType": "0",
            "requiredQuantity": "001.000",
            "discount": "00005.040",
            "discountType": "F",
            "optative": " ",
            "description": "052RYC$5.00                             ",
            "itemSubcategory": "",
            "itemSegment": "",
            "itemSubsegment": "",
            "durationCode": "1000023591111111",
            "grouper": "000.000",
            "percent": "000.00",
            "optativeOne": " ",
            "sent": " ",
            "action": "A",
            "binCode": "",
            "messagePsg": ""
        },
        {
            "lineNumber": "100",
            "folio": "  50718196",
            "itemCategory": " 1",
            "type": "03",
            "startDate": "20250520",
            "endDate": "20250601",
            "itemSku": "   7501011101463",
            "category": "",
            "providerType": "0",
            "requiredQuantity": "001.000",
            "discount": "00005.040",
            "discountType": "F",
            "optative": " ",
            "description": "052RYC$5.00                             ",
            "itemSubcategory": "",
            "itemSegment": "",
            "itemSubsegment": "",
            "durationCode": "1000023591111111",
            "grouper": "000.000",
            "percent": "000.00",
            "optativeOne": " ",
            "sent": " ",
            "action": "A",
            "binCode": "",
            "messagePsg": ""
        },
        {
            "lineNumber": "101",
            "folio": "  50718196",
            "itemCategory": " 1",
            "type": "03",
            "startDate": "20250520",
            "endDate": "20250601",
            "itemSku": "   7501055330683",
            "category": "",
            "providerType": "0",
            "requiredQuantity": "001.000",
            "discount": "00005.040",
            "discountType": "F",
            "optative": " ",
            "description": "052RYC$5.00                             ",
            "itemSubcategory": "",
            "itemSegment": "",
            "itemSubsegment": "",
            "durationCode": "1000023591111111",
            "grouper": "000.000",
            "percent": "000.00",
            "optativeOne": " ",
            "sent": " ",
            "action": "A",
            "binCode": "",
            "messagePsg": ""
        },
        {
            "lineNumber": "102",
            "folio": "  50718200",
            "itemCategory": " 1",
            "type": "03",
            "startDate": "20250520",
            "endDate": "20250601",
            "itemSku": "   7503024416459",
            "category": "",
            "providerType": "0",
            "requiredQuantity": "001.000",
            "discount": "00020.040",
            "discountType": "F",
            "optative": " ",
            "description": "052RYC$20.00                            ",
            "itemSubcategory": "",
            "itemSegment": "",
            "itemSubsegment": "",
            "durationCode": "1000023591111111",
            "grouper": "000.000",
            "percent": "000.00",
            "optativeOne": " ",
            "sent": " ",
            "action": "A",
            "binCode": "",
            "messagePsg": ""
        },
        {
            "lineNumber": "103",
            "folio": "  50718201",
            "itemCategory": " 1",
            "type": "03",
            "startDate": "20250520",
            "endDate": "20250601",
            "itemSku": "            1263",
            "category": "",
            "providerType": "0",
            "requiredQuantity": "000.001",
            "discount": "00020.040",
            "discountType": "F",
            "optative": " ",
            "description": "052RYC$20.00                            ",
            "itemSubcategory": "",
            "itemSegment": "",
            "itemSubsegment": "",
            "durationCode": "1000023591111111",
            "grouper": "000.000",
            "percent": "000.00",
            "optativeOne": " ",
            "sent": " ",
            "action": "A",
            "binCode": "",
            "messagePsg": ""
        },
        {
            "lineNumber": "104",
            "folio": "  50718203",
            "itemCategory": " 1",
            "type": "03",
            "startDate": "20250520",
            "endDate": "20250601",
            "itemSku": "            1238",
            "category": "",
            "providerType": "0",
            "requiredQuantity": "000.001",
            "discount": "00025.040",
            "discountType": "F",
            "optative": " ",
            "description": "052RYC$25.00                            ",
            "itemSubcategory": "",
            "itemSegment": "",
            "itemSubsegment": "",
            "durationCode": "1000023591111111",
            "grouper": "000.000",
            "percent": "000.00",
            "optativeOne": " ",
            "sent": " ",
            "action": "A",
            "binCode": "",
            "messagePsg": ""
        },
        {
            "lineNumber": "105",
            "folio": "  50718204",
            "itemCategory": " 1",
            "type": "03",
            "startDate": "20250520",
            "endDate": "20250601",
            "itemSku": "   8000920200025",
            "category": "",
            "providerType": "0",
            "requiredQuantity": "001.000",
            "discount": "00035.040",
            "discountType": "F",
            "optative": " ",
            "description": "052RYC$35.00                            ",
            "itemSubcategory": "",
            "itemSegment": "",
            "itemSubsegment": "",
            "durationCode": "1000023591111111",
            "grouper": "000.000",
            "percent": "000.00",
            "optativeOne": " ",
            "sent": " ",
            "action": "A",
            "binCode": "",
            "messagePsg": ""
        },
        {
            "lineNumber": "106",
            "folio": "  50718204",
            "itemCategory": " 1",
            "type": "03",
            "startDate": "20250520",
            "endDate": "20250601",
            "itemSku": "   7503047873109",
            "category": "",
            "providerType": "0",
            "requiredQuantity": "001.000",
            "discount": "00035.040",
            "discountType": "F",
            "optative": " ",
            "description": "052RYC$35.00                            ",
            "itemSubcategory": "",
            "itemSegment": "",
            "itemSubsegment": "",
            "durationCode": "1000023591111111",
            "grouper": "000.000",
            "percent": "000.00",
            "optativeOne": " ",
            "sent": " ",
            "action": "A",
            "binCode": "",
            "messagePsg": ""
        },
        {
            "lineNumber": "107",
            "folio": "  50718204",
            "itemCategory": " 1",
            "type": "03",
            "startDate": "20250520",
            "endDate": "20250601",
            "itemSku": "   7503047873116",
            "category": "",
            "providerType": "0",
            "requiredQuantity": "001.000",
            "discount": "00035.040",
            "discountType": "F",
            "optative": " ",
            "description": "052RYC$35.00                            ",
            "itemSubcategory": "",
            "itemSegment": "",
            "itemSubsegment": "",
            "durationCode": "1000023591111111",
            "grouper": "000.000",
            "percent": "000.00",
            "optativeOne": " ",
            "sent": " ",
            "action": "A",
            "binCode": "",
            "messagePsg": ""
        }
    ]
}