{
    "organizationCountry": "MX",
    "organizationName": "FEMSA Comercio",
    "businessName": "OXXO",
    "departmentId": "12NEO",
    "storeId": "52DUG",
    "numberOfRecords": "2",
    "searchId": "000000000000000000000000",
    "searchDate": "2025-05-08 14:53:50",
    "promotions": [
        {
            "lineNumber": "1",
            "folio": "  50654448",
            "itemCategory": " 1",
            "type": "00",
            "startDate": "20250508",
            "endDate": "20250527",
            "itemSku": "   7501072217554",
            "category": "",
            "providerType": "0",
            "requiredQuantity": "002.000",
            "discount": "00055.000",
            "discountType": "F",
            "optative": "1",
            "description": "PB DOG CHOW                             ",
            "itemSubcategory": "",
            "itemSegment": "",
            "itemSubsegment": "",
            "durationCode": "1000023591111111",
            "grouper": "002.000",
            "percent": "000.00",
            "optativeOne": " ",
            "sent": " ",
            "action": "A",
            "binCode": "",
            "messagePsg": ""
        },
        {
            "lineNumber": "2",
            "folio": "  50654448",
            "itemCategory": " 1",
            "type": "00",
            "startDate": "20250508",
            "endDate": "20250527",
            "itemSku": "   7501072217547",
            "category": "",
            "providerType": "0",
            "requiredQuantity": "002.000",
            "discount": "00055.000",
            "discountType": "F",
            "optative": "2",
            "description": "PB DOG CHOW                             ",
            "itemSubcategory": "",
            "itemSegment": "",
            "itemSubsegment": "",
            "durationCode": "1000023591111111",
            "grouper": "002.000",
            "percent": "000.00",
            "optativeOne": " ",
            "sent": " ",
            "action": "A",
            "binCode": "",
            "messagePsg": ""
        }
    ]
}