{
    "organizationCountry": "MX",
    "organizationName": "FEMSA Comercio",
    "businessName": "OXXO",
    "departmentId": "12NEO",
    "storeId": "52DUG",
    "numberOfRecords": "3",
    "searchId": "000000000000000000000000",
    "searchDate": "2025-07-02 10:32:42",
    "promotions": [
        {
            "lineNumber": "1",
            "folio": "  50824386",
            "itemCategory": " 1",
            "type": "02",
            "startDate": "20250703",
            "endDate": "20250722",
            "itemSku": "   7501061669289",
            "category": "",
            "providerType": "0",
            "requiredQuantity": "006.000",
            "discount": "00080.000",
            "discountType": "F",
            "optative": "1",
            "description": "PB HEINEKEN                             ",
            "itemSubcategory": "",
            "itemSegment": "",
            "itemSubsegment": "",
            "durationCode": "1000023591111111",
            "grouper": "001.000",
            "percent": "000.00",
            "optativeOne": " ",
            "sent": " ",
            "action": "A",
            "binCode": "",
            "messagePsg": ""
        },
        {
            "lineNumber": "2",
            "folio": "  50824386",
            "itemCategory": " 1",
            "type": "02",
            "startDate": "20250703",
            "endDate": "20250722",
            "itemSku": "    089826001415",
            "category": "",
            "providerType": "0",
            "requiredQuantity": "006.000",
            "discount": "00080.000",
            "discountType": "F",
            "optative": "1",
            "description": "PB HEINEKEN                             ",
            "itemSubcategory": "",
            "itemSegment": "",
            "itemSubsegment": "",
            "durationCode": "1000023591111111",
            "grouper": "001.000",
            "percent": "000.00",
            "optativeOne": " ",
            "sent": " ",
            "action": "A",
            "binCode": "",
            "messagePsg": ""
        },
        {
            "lineNumber": "3",
            "folio": "  50842986",
            "itemCategory": " 1",
            "type": "02",
            "startDate": "20250703",
            "endDate": "20250722",
            "itemSku": "   7503028412587",
            "category": "",
            "providerType": "0",
            "requiredQuantity": "006.000",
            "discount": "00080.000",
            "discountType": "F",
            "optative": "1",
            "description": "PB HEINEKEN                             ",
            "itemSubcategory": "",
            "itemSegment": "",
            "itemSubsegment": "",
            "durationCode": "1000023591111111",
            "grouper": "001.000",
            "percent": "000.00",
            "optativeOne": " ",
            "sent": " ",
            "action": "A",
            "binCode": "",
            "messagePsg": ""
        }
    ]
}