{
    "organizationCountry": "MX",
    "organizationName": "FEMSA Comercio",
    "businessName": "OXXO",
    "departmentId": "12NEO",
    "storeId": "52DUG",
    "numberOfRecords": "21",
    "searchId": "000000000000000000000000",
    "searchDate": "2025-05-07 23:30:07",
    "promotions": [
        {
            "lineNumber": "1",
            "folio": "  50654448",
            "itemCategory": " 1",
            "type": "00",
            "startDate": "20250508",
            "endDate": "20250527",
            "itemSku": "   7501072217547",
            "category": "",
            "providerType": "0",
            "requiredQuantity": "002.000",
            "discount": "00055.000",
            "discountType": "F",
            "optative": "1",
            "description": "PB DOG CHOW                             ",
            "itemSubcategory": "",
            "itemSegment": "",
            "itemSubsegment": "",
            "durationCode": "1000023591111111",
            "grouper": "002.000",
            "percent": "000.00",
            "optativeOne": " ",
            "sent": " ",
            "action": "A",
            "binCode": "",
            "messagePsg": ""
        },
        {
            "lineNumber": "2",
            "folio": "  50654448",
            "itemCategory": " 1",
            "type": "00",
            "startDate": "20250508",
            "endDate": "20250527",
            "itemSku": "   7501072217554",
            "category": "",
            "providerType": "0",
            "requiredQuantity": "002.000",
            "discount": "00055.000",
            "discountType": "F",
            "optative": "2",
            "description": "PB DOG CHOW                             ",
            "itemSubcategory": "",
            "itemSegment": "",
            "itemSubsegment": "",
            "durationCode": "1000023591111111",
            "grouper": "002.000",
            "percent": "000.00",
            "optativeOne": " ",
            "sent": " ",
            "action": "A",
            "binCode": "",
            "messagePsg": ""
        },
        {
            "lineNumber": "3",
            "folio": "  50654475",
            "itemCategory": " 1",
            "type": "02",
            "startDate": "20250508",
            "endDate": "20250527",
            "itemSku": "   7501072204226",
            "category": "",
            "providerType": "0",
            "requiredQuantity": "002.000",
            "discount": "00069.000",
            "discountType": "F",
            "optative": "1",
            "description": "PBCAMPEON                               ",
            "itemSubcategory": "",
            "itemSegment": "",
            "itemSubsegment": "",
            "durationCode": "1000023591111111",
            "grouper": "001.000",
            "percent": "000.00",
            "optativeOne": " ",
            "sent": " ",
            "action": "A",
            "binCode": "",
            "messagePsg": ""
        },
        {
            "lineNumber": "4",
            "folio": "  50654489",
            "itemCategory": " 1",
            "type": "03",
            "startDate": "20250508",
            "endDate": "20250527",
            "itemSku": "   7503024460018",
            "category": "",
            "providerType": "0",
            "requiredQuantity": "001.000",
            "discount": "00015.000",
            "discountType": "F",
            "optative": " ",
            "description": "PB CORONA CERO                          ",
            "itemSubcategory": "",
            "itemSegment": "",
            "itemSubsegment": "",
            "durationCode": "1000023591111111",
            "grouper": "000.000",
            "percent": "000.00",
            "optativeOne": " ",
            "sent": " ",
            "action": "A",
            "binCode": "",
            "messagePsg": ""
        },
        {
            "lineNumber": "5",
            "folio": "  50654490",
            "itemCategory": " 1",
            "type": "02",
            "startDate": "20250508",
            "endDate": "20250527",
            "itemSku": "   7501064112546",
            "category": "",
            "providerType": "0",
            "requiredQuantity": "006.000",
            "discount": "00109.000",
            "discountType": "F",
            "optative": "1",
            "description": "PB SIX ESPECIAL                         ",
            "itemSubcategory": "",
            "itemSegment": "",
            "itemSubsegment": "",
            "durationCode": "1000023591111111",
            "grouper": "001.000",
            "percent": "000.00",
            "optativeOne": " ",
            "sent": " ",
            "action": "A",
            "binCode": "",
            "messagePsg": ""
        },
        {
            "lineNumber": "6",
            "folio": "  50654491",
            "itemCategory": " 1",
            "type": "02",
            "startDate": "20250508",
            "endDate": "20250527",
            "itemSku": "   7503024460452",
            "category": "",
            "providerType": "0",
            "requiredQuantity": "002.000",
            "discount": "00138.000",
            "discountType": "F",
            "optative": "1",
            "description": "PB BARRILITO                            ",
            "itemSubcategory": "",
            "itemSegment": "",
            "itemSubsegment": "",
            "durationCode": "1000023591111111",
            "grouper": "001.000",
            "percent": "000.00",
            "optativeOne": " ",
            "sent": " ",
            "action": "A",
            "binCode": "",
            "messagePsg": ""
        },
        {
            "lineNumber": "7",
            "folio": "  50654492",
            "itemCategory": " 1",
            "type": "02",
            "startDate": "20250508",
            "endDate": "20250527",
            "itemSku": "   7501064114359",
            "category": "",
            "providerType": "0",
            "requiredQuantity": "002.000",
            "discount": "00125.000",
            "discountType": "F",
            "optative": "1",
            "description": "PB BARRILITO                            ",
            "itemSubcategory": "",
            "itemSegment": "",
            "itemSubsegment": "",
            "durationCode": "1000023591111111",
            "grouper": "001.000",
            "percent": "000.00",
            "optativeOne": " ",
            "sent": " ",
            "action": "A",
            "binCode": "",
            "messagePsg": ""
        },
        {
            "lineNumber": "8",
            "folio": "  50654494",
            "itemCategory": " 1",
            "type": "03",
            "startDate": "20250508",
            "endDate": "20250527",
            "itemSku": "   7502294221190",
            "category": "",
            "providerType": "0",
            "requiredQuantity": "001.000",
            "discount": "00040.000",
            "discountType": "F",
            "optative": " ",
            "description": "PB CAMBIOS B05                          ",
            "itemSubcategory": "",
            "itemSegment": "",
            "itemSubsegment": "",
            "durationCode": "1000023591111111",
            "grouper": "000.000",
            "percent": "000.00",
            "optativeOne": " ",
            "sent": " ",
            "action": "A",
            "binCode": "",
            "messagePsg": ""
        },
        {
            "lineNumber": "9",
            "folio": "  50654495",
            "itemCategory": " 1",
            "type": "02",
            "startDate": "20250508",
            "endDate": "20250527",
            "itemSku": "   7502294221220",
            "category": "",
            "providerType": "0",
            "requiredQuantity": "002.000",
            "discount": "00030.000",
            "discountType": "F",
            "optative": "1",
            "description": "PB CAMBIOS B05                          ",
            "itemSubcategory": "",
            "itemSegment": "",
            "itemSubsegment": "",
            "durationCode": "1000023591111111",
            "grouper": "001.000",
            "percent": "000.00",
            "optativeOne": " ",
            "sent": " ",
            "action": "A",
            "binCode": "",
            "messagePsg": ""
        },
        {
            "lineNumber": "10",
            "folio": "  50654496",
            "itemCategory": " 1",
            "type": "02",
            "startDate": "20250508",
            "endDate": "20250527",
            "itemSku": "   7501125118562",
            "category": "",
            "providerType": "0",
            "requiredQuantity": "003.000",
            "discount": "00060.000",
            "discountType": "F",
            "optative": "1",
            "description": "PB ELECTROLIT                           ",
            "itemSubcategory": "",
            "itemSegment": "",
            "itemSubsegment": "",
            "durationCode": "1000023591111111",
            "grouper": "001.000",
            "percent": "000.00",
            "optativeOne": " ",
            "sent": " ",
            "action": "A",
            "binCode": "",
            "messagePsg": ""
        },
        {
            "lineNumber": "11",
            "folio": "  50654496",
            "itemCategory": " 1",
            "type": "02",
            "startDate": "20250508",
            "endDate": "20250527",
            "itemSku": "   7501125104268",
            "category": "",
            "providerType": "0",
            "requiredQuantity": "003.000",
            "discount": "00060.000",
            "discountType": "F",
            "optative": "1",
            "description": "PB ELECTROLIT                           ",
            "itemSubcategory": "",
            "itemSegment": "",
            "itemSubsegment": "",
            "durationCode": "1000023591111111",
            "grouper": "001.000",
            "percent": "000.00",
            "optativeOne": " ",
            "sent": " ",
            "action": "A",
            "binCode": "",
            "messagePsg": ""
        },
        {
            "lineNumber": "12",
            "folio": "  50654496",
            "itemCategory": " 1",
            "type": "02",
            "startDate": "20250508",
            "endDate": "20250527",
            "itemSku": "   7501125144851",
            "category": "",
            "providerType": "0",
            "requiredQuantity": "003.000",
            "discount": "00060.000",
            "discountType": "F",
            "optative": "1",
            "description": "PB ELECTROLIT                           ",
            "itemSubcategory": "",
            "itemSegment": "",
            "itemSubsegment": "",
            "durationCode": "1000023591111111",
            "grouper": "001.000",
            "percent": "000.00",
            "optativeOne": " ",
            "sent": " ",
            "action": "A",
            "binCode": "",
            "messagePsg": ""
        },
        {
            "lineNumber": "13",
            "folio": "  50654496",
            "itemCategory": " 1",
            "type": "02",
            "startDate": "20250508",
            "endDate": "20250527",
            "itemSku": "   7501125104411",
            "category": "",
            "providerType": "0",
            "requiredQuantity": "003.000",
            "discount": "00060.000",
            "discountType": "F",
            "optative": "1",
            "description": "PB ELECTROLIT                           ",
            "itemSubcategory": "",
            "itemSegment": "",
            "itemSubsegment": "",
            "durationCode": "1000023591111111",
            "grouper": "001.000",
            "percent": "000.00",
            "optativeOne": " ",
            "sent": " ",
            "action": "A",
            "binCode": "",
            "messagePsg": ""
        },
        {
            "lineNumber": "14",
            "folio": "  50654496",
            "itemCategory": " 1",
            "type": "02",
            "startDate": "20250508",
            "endDate": "20250527",
            "itemSku": "   7501125174797",
            "category": "",
            "providerType": "0",
            "requiredQuantity": "003.000",
            "discount": "00060.000",
            "discountType": "F",
            "optative": "1",
            "description": "PB ELECTROLIT                           ",
            "itemSubcategory": "",
            "itemSegment": "",
            "itemSubsegment": "",
            "durationCode": "1000023591111111",
            "grouper": "001.000",
            "percent": "000.00",
            "optativeOne": " ",
            "sent": " ",
            "action": "A",
            "binCode": "",
            "messagePsg": ""
        },
        {
            "lineNumber": "15",
            "folio": "  50654496",
            "itemCategory": " 1",
            "type": "02",
            "startDate": "20250508",
            "endDate": "20250527",
            "itemSku": "   7501125104688",
            "category": "",
            "providerType": "0",
            "requiredQuantity": "003.000",
            "discount": "00060.000",
            "discountType": "F",
            "optative": "1",
            "description": "PB ELECTROLIT                           ",
            "itemSubcategory": "",
            "itemSegment": "",
            "itemSubsegment": "",
            "durationCode": "1000023591111111",
            "grouper": "001.000",
            "percent": "000.00",
            "optativeOne": " ",
            "sent": " ",
            "action": "A",
            "binCode": "",
            "messagePsg": ""
        },
        {
            "lineNumber": "16",
            "folio": "  50654498",
            "itemCategory": " 1",
            "type": "02",
            "startDate": "20250508",
            "endDate": "20250527",
            "itemSku": "   7502294223873",
            "category": "",
            "providerType": "0",
            "requiredQuantity": "028.000",
            "discount": "00080.000",
            "discountType": "F",
            "optative": "1",
            "description": "PB AGUA BONAMARK 500ML                  ",
            "itemSubcategory": "",
            "itemSegment": "",
            "itemSubsegment": "",
            "durationCode": "1000023591111111",
            "grouper": "001.000",
            "percent": "000.00",
            "optativeOne": " ",
            "sent": " ",
            "action": "A",
            "binCode": "",
            "messagePsg": ""
        },
        {
            "lineNumber": "17",
            "folio": "  50655060",
            "itemCategory": " 1",
            "type": "03",
            "startDate": "20250508",
            "endDate": "20250527",
            "itemSku": "   7501064114359",
            "category": "",
            "providerType": "0",
            "requiredQuantity": "001.000",
            "discount": "00065.000",
            "discountType": "F",
            "optative": " ",
            "description": "PB BARRILITO                            ",
            "itemSubcategory": "",
            "itemSegment": "",
            "itemSubsegment": "",
            "durationCode": "1000023591111111",
            "grouper": "000.000",
            "percent": "000.00",
            "optativeOne": " ",
            "sent": " ",
            "action": "A",
            "binCode": "",
            "messagePsg": ""
        },
        {
            "lineNumber": "18",
            "folio": "  50655061",
            "itemCategory": " 1",
            "type": "03",
            "startDate": "20250508",
            "endDate": "20250527",
            "itemSku": "   7503024460452",
            "category": "",
            "providerType": "0",
            "requiredQuantity": "001.000",
            "discount": "00072.000",
            "discountType": "F",
            "optative": " ",
            "description": "PB BARRILITO                            ",
            "itemSubcategory": "",
            "itemSegment": "",
            "itemSubsegment": "",
            "durationCode": "1000023591111111",
            "grouper": "000.000",
            "percent": "000.00",
            "optativeOne": " ",
            "sent": " ",
            "action": "A",
            "binCode": "",
            "messagePsg": ""
        },
        {
            "lineNumber": "19",
            "folio": "  50655062",
            "itemCategory": " 1",
            "type": "03",
            "startDate": "20250508",
            "endDate": "20250527",
            "itemSku": "   7501064120268",
            "category": "",
            "providerType": "0",
            "requiredQuantity": "001.000",
            "discount": "00218.000",
            "discountType": "F",
            "optative": " ",
            "description": "PB 12 ESPECIAL                          ",
            "itemSubcategory": "",
            "itemSegment": "",
            "itemSubsegment": "",
            "durationCode": "1000023591111111",
            "grouper": "000.000",
            "percent": "000.00",
            "optativeOne": " ",
            "sent": " ",
            "action": "A",
            "binCode": "",
            "messagePsg": ""
        },
        {
            "lineNumber": "20",
            "folio": "  50655063",
            "itemCategory": " 1",
            "type": "02",
            "startDate": "20250508",
            "endDate": "20250527",
            "itemSku": "   7501064199769",
            "category": "",
            "providerType": "0",
            "requiredQuantity": "002.000",
            "discount": "00039.000",
            "discountType": "F",
            "optative": "1",
            "description": "PB VICKY                                ",
            "itemSubcategory": "",
            "itemSegment": "",
            "itemSubsegment": "",
            "durationCode": "1000023591111111",
            "grouper": "001.000",
            "percent": "000.00",
            "optativeOne": " ",
            "sent": " ",
            "action": "A",
            "binCode": "",
            "messagePsg": ""
        },
        {
            "lineNumber": "21",
            "folio": "  50655063",
            "itemCategory": " 1",
            "type": "02",
            "startDate": "20250508",
            "endDate": "20250527",
            "itemSku": "   7503024460698",
            "category": "",
            "providerType": "0",
            "requiredQuantity": "002.000",
            "discount": "00039.000",
            "discountType": "F",
            "optative": "1",
            "description": "PB VICKY                                ",
            "itemSubcategory": "",
            "itemSegment": "",
            "itemSubsegment": "",
            "durationCode": "1000023591111111",
            "grouper": "001.000",
            "percent": "000.00",
            "optativeOne": " ",
            "sent": " ",
            "action": "A",
            "binCode": "",
            "messagePsg": ""
        }
    ]
}