{
    "organizationCountry": "MX",
    "organizationName": "FEMSA Comercio",
    "businessName": "OXXO",
    "departmentId": "12NEO",
    "storeId": "52DUG",
    "numberOfRecords": "71",
    "searchId": "000000000000000000000000",
    "searchDate": "2025-02-19 20:46:39",
    "promotions": [
        {
            "lineNumber": "1",
            "folio": "  19710492",
            "itemCategory": " 1",
            "type": "03",
            "startDate": "19900101",
            "endDate": "20250218",
            "itemSku": "    013117000702",
            "category": "",
            "providerType": "0",
            "requiredQuantity": "001.000",
            "discount": "00227.260",
            "discountType": " ",
            "optative": " ",
            "description": "PSP SIMPLES NACIONAL B02                ",
            "itemSubcategory": "",
            "itemSegment": "",
            "itemSubsegment": "",
            "durationCode": "1000023591111111",
            "grouper": "000.000",
            "percent": "000.00",
            "optativeOne": " ",
            "sent": " ",
            "action": "F",
            "binCode": "",
            "messagePsg": ""
        },
        {
            "lineNumber": "2",
            "folio": "  19710492",
            "itemCategory": " 1",
            "type": "03",
            "startDate": "19900101",
            "endDate": "20250218",
            "itemSku": "    013117000719",
            "category": "",
            "providerType": "0",
            "requiredQuantity": "001.000",
            "discount": "00241.160",
            "discountType": " ",
            "optative": " ",
            "description": "PSP SIMPLES NACIONAL B02                ",
            "itemSubcategory": "",
            "itemSegment": "",
            "itemSubsegment": "",
            "durationCode": "1000023591111111",
            "grouper": "000.000",
            "percent": "000.00",
            "optativeOne": " ",
            "sent": " ",
            "action": "F",
            "binCode": "",
            "messagePsg": ""
        },
        {
            "lineNumber": "3",
            "folio": "  19710492",
            "itemCategory": " 1",
            "type": "03",
            "startDate": "19900101",
            "endDate": "20250218",
            "itemSku": "    013117019971",
            "category": "",
            "providerType": "0",
            "requiredQuantity": "001.000",
            "discount": "00252.720",
            "discountType": " ",
            "optative": " ",
            "description": "PSP SIMPLES NACIONAL B02                ",
            "itemSubcategory": "",
            "itemSegment": "",
            "itemSubsegment": "",
            "durationCode": "1000023591111111",
            "grouper": "000.000",
            "percent": "000.00",
            "optativeOne": " ",
            "sent": " ",
            "action": "F",
            "binCode": "",
            "messagePsg": ""
        },
        {
            "lineNumber": "4",
            "folio": "  19710492",
            "itemCategory": " 1",
            "type": "03",
            "startDate": "19900101",
            "endDate": "20250218",
            "itemSku": "    013117023312",
            "category": "",
            "providerType": "0",
            "requiredQuantity": "001.000",
            "discount": "00206.830",
            "discountType": " ",
            "optative": " ",
            "description": "PSP SIMPLES NACIONAL B02                ",
            "itemSubcategory": "",
            "itemSegment": "",
            "itemSubsegment": "",
            "durationCode": "1000023591111111",
            "grouper": "000.000",
            "percent": "000.00",
            "optativeOne": " ",
            "sent": " ",
            "action": "F",
            "binCode": "",
            "messagePsg": ""
        },
        {
            "lineNumber": "5",
            "folio": "  19710492",
            "itemCategory": " 1",
            "type": "03",
            "startDate": "19900101",
            "endDate": "20250218",
            "itemSku": "    013117029000",
            "category": "",
            "providerType": "0",
            "requiredQuantity": "001.000",
            "discount": "00099.440",
            "discountType": " ",
            "optative": " ",
            "description": "PSP SIMPLES NACIONAL B02                ",
            "itemSubcategory": "",
            "itemSegment": "",
            "itemSubsegment": "",
            "durationCode": "1000023591111111",
            "grouper": "000.000",
            "percent": "000.00",
            "optativeOne": " ",
            "sent": " ",
            "action": "F",
            "binCode": "",
            "messagePsg": ""
        },
        {
            "lineNumber": "6",
            "folio": "  19710492",
            "itemCategory": " 1",
            "type": "03",
            "startDate": "19900101",
            "endDate": "20250218",
            "itemSku": "    013117029284",
            "category": "",
            "providerType": "0",
            "requiredQuantity": "001.000",
            "discount": "00232.640",
            "discountType": " ",
            "optative": " ",
            "description": "PSP SIMPLES NACIONAL B02                ",
            "itemSubcategory": "",
            "itemSegment": "",
            "itemSubsegment": "",
            "durationCode": "1000023591111111",
            "grouper": "000.000",
            "percent": "000.00",
            "optativeOne": " ",
            "sent": " ",
            "action": "F",
            "binCode": "",
            "messagePsg": ""
        },
        {
            "lineNumber": "7",
            "folio": "  19710492",
            "itemCategory": " 1",
            "type": "03",
            "startDate": "19900101",
            "endDate": "20250218",
            "itemSku": "    735257002513",
            "category": "",
            "providerType": "0",
            "requiredQuantity": "001.000",
            "discount": "00013.400",
            "discountType": " ",
            "optative": " ",
            "description": "PSP SIMPLES NACIONAL B02                ",
            "itemSubcategory": "",
            "itemSegment": "",
            "itemSubsegment": "",
            "durationCode": "1000023591111111",
            "grouper": "000.000",
            "percent": "000.00",
            "optativeOne": " ",
            "sent": " ",
            "action": "F",
            "binCode": "",
            "messagePsg": ""
        },
        {
            "lineNumber": "8",
            "folio": "  19710492",
            "itemCategory": " 1",
            "type": "03",
            "startDate": "19900101",
            "endDate": "20250218",
            "itemSku": "    735257006306",
            "category": "",
            "providerType": "0",
            "requiredQuantity": "001.000",
            "discount": "00030.710",
            "discountType": " ",
            "optative": " ",
            "description": "PSP SIMPLES NACIONAL B02                ",
            "itemSubcategory": "",
            "itemSegment": "",
            "itemSubsegment": "",
            "durationCode": "1000023591111111",
            "grouper": "000.000",
            "percent": "000.00",
            "optativeOne": " ",
            "sent": " ",
            "action": "F",
            "binCode": "",
            "messagePsg": ""
        },
        {
            "lineNumber": "9",
            "folio": "  19710492",
            "itemCategory": " 1",
            "type": "03",
            "startDate": "19900101",
            "endDate": "20250218",
            "itemSku": "        75000622",
            "category": "",
            "providerType": "0",
            "requiredQuantity": "001.000",
            "discount": "00033.100",
            "discountType": " ",
            "optative": " ",
            "description": "PSP SIMPLES NACIONAL B02                ",
            "itemSubcategory": "",
            "itemSegment": "",
            "itemSubsegment": "",
            "durationCode": "1000023591111111",
            "grouper": "000.000",
            "percent": "000.00",
            "optativeOne": " ",
            "sent": " ",
            "action": "F",
            "binCode": "",
            "messagePsg": ""
        },
        {
            "lineNumber": "10",
            "folio": "  19710492",
            "itemCategory": " 1",
            "type": "03",
            "startDate": "19900101",
            "endDate": "20250218",
            "itemSku": "        75000639",
            "category": "",
            "providerType": "0",
            "requiredQuantity": "001.000",
            "discount": "00058.890",
            "discountType": " ",
            "optative": " ",
            "description": "PSP SIMPLES NACIONAL B02                ",
            "itemSubcategory": "",
            "itemSegment": "",
            "itemSubsegment": "",
            "durationCode": "1000023591111111",
            "grouper": "000.000",
            "percent": "000.00",
            "optativeOne": " ",
            "sent": " ",
            "action": "F",
            "binCode": "",
            "messagePsg": ""
        },
        {
            "lineNumber": "11",
            "folio": "  19710492",
            "itemCategory": " 1",
            "type": "03",
            "startDate": "19900101",
            "endDate": "20250218",
            "itemSku": "   7500435022811",
            "category": "",
            "providerType": "0",
            "requiredQuantity": "001.000",
            "discount": "00048.000",
            "discountType": " ",
            "optative": " ",
            "description": "PSP SIMPLES NACIONAL B02                ",
            "itemSubcategory": "",
            "itemSegment": "",
            "itemSubsegment": "",
            "durationCode": "1000023591111111",
            "grouper": "000.000",
            "percent": "000.00",
            "optativeOne": " ",
            "sent": " ",
            "action": "F",
            "binCode": "",
            "messagePsg": ""
        },
        {
            "lineNumber": "12",
            "folio": "  19710492",
            "itemCategory": " 1",
            "type": "03",
            "startDate": "19900101",
            "endDate": "20250218",
            "itemSku": "   7500435022828",
            "category": "",
            "providerType": "0",
            "requiredQuantity": "001.000",
            "discount": "00048.000",
            "discountType": " ",
            "optative": " ",
            "description": "PSP SIMPLES NACIONAL B02                ",
            "itemSubcategory": "",
            "itemSegment": "",
            "itemSubsegment": "",
            "durationCode": "1000023591111111",
            "grouper": "000.000",
            "percent": "000.00",
            "optativeOne": " ",
            "sent": " ",
            "action": "F",
            "binCode": "",
            "messagePsg": ""
        },
        {
            "lineNumber": "13",
            "folio": "  19710492",
            "itemCategory": " 1",
            "type": "03",
            "startDate": "19900101",
            "endDate": "20250218",
            "itemSku": "   7500435144476",
            "category": "",
            "providerType": "0",
            "requiredQuantity": "001.000",
            "discount": "00026.000",
            "discountType": " ",
            "optative": " ",
            "description": "PSP SIMPLES NACIONAL B02                ",
            "itemSubcategory": "",
            "itemSegment": "",
            "itemSubsegment": "",
            "durationCode": "1000023591111111",
            "grouper": "000.000",
            "percent": "000.00",
            "optativeOne": " ",
            "sent": " ",
            "action": "F",
            "binCode": "",
            "messagePsg": ""
        },
        {
            "lineNumber": "14",
            "folio": "  19710492",
            "itemCategory": " 1",
            "type": "03",
            "startDate": "19900101",
            "endDate": "20250218",
            "itemSku": "   7500435162241",
            "category": "",
            "providerType": "0",
            "requiredQuantity": "001.000",
            "discount": "00126.000",
            "discountType": " ",
            "optative": " ",
            "description": "PSP SIMPLES NACIONAL B02                ",
            "itemSubcategory": "",
            "itemSegment": "",
            "itemSubsegment": "",
            "durationCode": "1000023591111111",
            "grouper": "000.000",
            "percent": "000.00",
            "optativeOne": " ",
            "sent": " ",
            "action": "F",
            "binCode": "",
            "messagePsg": ""
        },
        {
            "lineNumber": "15",
            "folio": "  19710492",
            "itemCategory": " 1",
            "type": "03",
            "startDate": "19900101",
            "endDate": "20250218",
            "itemSku": "   7500435169035",
            "category": "",
            "providerType": "0",
            "requiredQuantity": "001.000",
            "discount": "00066.000",
            "discountType": " ",
            "optative": " ",
            "description": "PSP SIMPLES NACIONAL B02                ",
            "itemSubcategory": "",
            "itemSegment": "",
            "itemSubsegment": "",
            "durationCode": "1000023591111111",
            "grouper": "000.000",
            "percent": "000.00",
            "optativeOne": " ",
            "sent": " ",
            "action": "F",
            "binCode": "",
            "messagePsg": ""
        },
        {
            "lineNumber": "16",
            "folio": "  19710492",
            "itemCategory": " 1",
            "type": "03",
            "startDate": "19900101",
            "endDate": "20250218",
            "itemSku": "   7500435198011",
            "category": "",
            "providerType": "0",
            "requiredQuantity": "001.000",
            "discount": "00030.000",
            "discountType": " ",
            "optative": " ",
            "description": "PSP SIMPLES NACIONAL B02                ",
            "itemSubcategory": "",
            "itemSegment": "",
            "itemSubsegment": "",
            "durationCode": "1000023591111111",
            "grouper": "000.000",
            "percent": "000.00",
            "optativeOne": " ",
            "sent": " ",
            "action": "F",
            "binCode": "",
            "messagePsg": ""
        },
        {
            "lineNumber": "17",
            "folio": "  19710492",
            "itemCategory": " 1",
            "type": "03",
            "startDate": "19900101",
            "endDate": "20250218",
            "itemSku": "   7501006719932",
            "category": "",
            "providerType": "0",
            "requiredQuantity": "001.000",
            "discount": "00028.000",
            "discountType": " ",
            "optative": " ",
            "description": "PSP SIMPLES NACIONAL B02                ",
            "itemSubcategory": "",
            "itemSegment": "",
            "itemSubsegment": "",
            "durationCode": "1000023591111111",
            "grouper": "000.000",
            "percent": "000.00",
            "optativeOne": " ",
            "sent": " ",
            "action": "F",
            "binCode": "",
            "messagePsg": ""
        },
        {
            "lineNumber": "18",
            "folio": "  19710492",
            "itemCategory": " 1",
            "type": "03",
            "startDate": "19900101",
            "endDate": "20250218",
            "itemSku": "   7501008735299",
            "category": "",
            "providerType": "0",
            "requiredQuantity": "001.000",
            "discount": "00049.000",
            "discountType": " ",
            "optative": " ",
            "description": "PSP SIMPLES NACIONAL B02                ",
            "itemSubcategory": "",
            "itemSegment": "",
            "itemSubsegment": "",
            "durationCode": "1000023591111111",
            "grouper": "000.000",
            "percent": "000.00",
            "optativeOne": " ",
            "sent": " ",
            "action": "F",
            "binCode": "",
            "messagePsg": ""
        },
        {
            "lineNumber": "19",
            "folio": "  19710492",
            "itemCategory": " 1",
            "type": "03",
            "startDate": "19900101",
            "endDate": "20250218",
            "itemSku": "   7501018310233",
            "category": "",
            "providerType": "0",
            "requiredQuantity": "001.000",
            "discount": "00009.500",
            "discountType": " ",
            "optative": " ",
            "description": "PSP SIMPLES NACIONAL B02                ",
            "itemSubcategory": "",
            "itemSegment": "",
            "itemSubsegment": "",
            "durationCode": "1000023591111111",
            "grouper": "000.000",
            "percent": "000.00",
            "optativeOne": " ",
            "sent": " ",
            "action": "F",
            "binCode": "",
            "messagePsg": ""
        },
        {
            "lineNumber": "20",
            "folio": "  19710492",
            "itemCategory": " 1",
            "type": "03",
            "startDate": "19900101",
            "endDate": "20250218",
            "itemSku": "   7501020557688",
            "category": "",
            "providerType": "0",
            "requiredQuantity": "001.000",
            "discount": "00037.900",
            "discountType": " ",
            "optative": " ",
            "description": "PSP SIMPLES NACIONAL B02                ",
            "itemSubcategory": "",
            "itemSegment": "",
            "itemSubsegment": "",
            "durationCode": "1000023591111111",
            "grouper": "000.000",
            "percent": "000.00",
            "optativeOne": " ",
            "sent": " ",
            "action": "F",
            "binCode": "",
            "messagePsg": ""
        },
        {
            "lineNumber": "21",
            "folio": "  19710492",
            "itemCategory": " 1",
            "type": "03",
            "startDate": "19900101",
            "endDate": "20250218",
            "itemSku": "   7501020563733",
            "category": "",
            "providerType": "0",
            "requiredQuantity": "001.000",
            "discount": "00040.000",
            "discountType": " ",
            "optative": " ",
            "description": "PSP SIMPLES NACIONAL B02                ",
            "itemSubcategory": "",
            "itemSegment": "",
            "itemSubsegment": "",
            "durationCode": "1000023591111111",
            "grouper": "000.000",
            "percent": "000.00",
            "optativeOne": " ",
            "sent": " ",
            "action": "F",
            "binCode": "",
            "messagePsg": ""
        },
        {
            "lineNumber": "22",
            "folio": "  19710492",
            "itemCategory": " 1",
            "type": "03",
            "startDate": "19900101",
            "endDate": "20250218",
            "itemSku": "   7501025401610",
            "category": "",
            "providerType": "0",
            "requiredQuantity": "001.000",
            "discount": "00028.390",
            "discountType": " ",
            "optative": " ",
            "description": "PSP SIMPLES NACIONAL B02                ",
            "itemSubcategory": "",
            "itemSegment": "",
            "itemSubsegment": "",
            "durationCode": "1000023591111111",
            "grouper": "000.000",
            "percent": "000.00",
            "optativeOne": " ",
            "sent": " ",
            "action": "F",
            "binCode": "",
            "messagePsg": ""
        },
        {
            "lineNumber": "23",
            "folio": "  19710492",
            "itemCategory": " 1",
            "type": "03",
            "startDate": "19900101",
            "endDate": "20250218",
            "itemSku": "   7501025403041",
            "category": "",
            "providerType": "0",
            "requiredQuantity": "001.000",
            "discount": "00059.000",
            "discountType": " ",
            "optative": " ",
            "description": "PSP SIMPLES NACIONAL B02                ",
            "itemSubcategory": "",
            "itemSegment": "",
            "itemSubsegment": "",
            "durationCode": "1000023591111111",
            "grouper": "000.000",
            "percent": "000.00",
            "optativeOne": " ",
            "sent": " ",
            "action": "F",
            "binCode": "",
            "messagePsg": ""
        },
        {
            "lineNumber": "24",
            "folio": "  19710492",
            "itemCategory": " 1",
            "type": "03",
            "startDate": "19900101",
            "endDate": "20250218",
            "itemSku": "   7501025408121",
            "category": "",
            "providerType": "0",
            "requiredQuantity": "001.000",
            "discount": "00082.390",
            "discountType": " ",
            "optative": " ",
            "description": "PSP SIMPLES NACIONAL B02                ",
            "itemSubcategory": "",
            "itemSegment": "",
            "itemSubsegment": "",
            "durationCode": "1000023591111111",
            "grouper": "000.000",
            "percent": "000.00",
            "optativeOne": " ",
            "sent": " ",
            "action": "F",
            "binCode": "",
            "messagePsg": ""
        },
        {
            "lineNumber": "25",
            "folio": "  19710492",
            "itemCategory": " 1",
            "type": "03",
            "startDate": "19900101",
            "endDate": "20250218",
            "itemSku": "   7501025413002",
            "category": "",
            "providerType": "0",
            "requiredQuantity": "001.000",
            "discount": "00028.390",
            "discountType": " ",
            "optative": " ",
            "description": "PSP SIMPLES NACIONAL B02                ",
            "itemSubcategory": "",
            "itemSegment": "",
            "itemSubsegment": "",
            "durationCode": "1000023591111111",
            "grouper": "000.000",
            "percent": "000.00",
            "optativeOne": " ",
            "sent": " ",
            "action": "F",
            "binCode": "",
            "messagePsg": ""
        },
        {
            "lineNumber": "26",
            "folio": "  19710492",
            "itemCategory": " 1",
            "type": "03",
            "startDate": "19900101",
            "endDate": "20250218",
            "itemSku": "   7501025414054",
            "category": "",
            "providerType": "0",
            "requiredQuantity": "001.000",
            "discount": "00028.390",
            "discountType": " ",
            "optative": " ",
            "description": "PSP SIMPLES NACIONAL B02                ",
            "itemSubcategory": "",
            "itemSegment": "",
            "itemSubsegment": "",
            "durationCode": "1000023591111111",
            "grouper": "000.000",
            "percent": "000.00",
            "optativeOne": " ",
            "sent": " ",
            "action": "F",
            "binCode": "",
            "messagePsg": ""
        },
        {
            "lineNumber": "27",
            "folio": "  19710492",
            "itemCategory": " 1",
            "type": "03",
            "startDate": "19900101",
            "endDate": "20250218",
            "itemSku": "   7501025414108",
            "category": "",
            "providerType": "0",
            "requiredQuantity": "001.000",
            "discount": "00028.390",
            "discountType": " ",
            "optative": " ",
            "description": "PSP SIMPLES NACIONAL B02                ",
            "itemSubcategory": "",
            "itemSegment": "",
            "itemSubsegment": "",
            "durationCode": "1000023591111111",
            "grouper": "000.000",
            "percent": "000.00",
            "optativeOne": " ",
            "sent": " ",
            "action": "F",
            "binCode": "",
            "messagePsg": ""
        },
        {
            "lineNumber": "28",
            "folio": "  19710492",
            "itemCategory": " 1",
            "type": "03",
            "startDate": "19900101",
            "endDate": "20250218",
            "itemSku": "   7501025414153",
            "category": "",
            "providerType": "0",
            "requiredQuantity": "001.000",
            "discount": "00028.390",
            "discountType": " ",
            "optative": " ",
            "description": "PSP SIMPLES NACIONAL B02                ",
            "itemSubcategory": "",
            "itemSegment": "",
            "itemSubsegment": "",
            "durationCode": "1000023591111111",
            "grouper": "000.000",
            "percent": "000.00",
            "optativeOne": " ",
            "sent": " ",
            "action": "F",
            "binCode": "",
            "messagePsg": ""
        },
        {
            "lineNumber": "29",
            "folio": "  19710492",
            "itemCategory": " 1",
            "type": "03",
            "startDate": "19900101",
            "endDate": "20250218",
            "itemSku": "   7501025443979",
            "category": "",
            "providerType": "0",
            "requiredQuantity": "001.000",
            "discount": "00028.390",
            "discountType": " ",
            "optative": " ",
            "description": "PSP SIMPLES NACIONAL B02                ",
            "itemSubcategory": "",
            "itemSegment": "",
            "itemSubsegment": "",
            "durationCode": "1000023591111111",
            "grouper": "000.000",
            "percent": "000.00",
            "optativeOne": " ",
            "sent": " ",
            "action": "F",
            "binCode": "",
            "messagePsg": ""
        },
        {
            "lineNumber": "30",
            "folio": "  19710492",
            "itemCategory": " 1",
            "type": "03",
            "startDate": "19900101",
            "endDate": "20250218",
            "itemSku": "   7501027573919",
            "category": "",
            "providerType": "0",
            "requiredQuantity": "001.000",
            "discount": "00020.990",
            "discountType": " ",
            "optative": " ",
            "description": "PSP SIMPLES NACIONAL B02                ",
            "itemSubcategory": "",
            "itemSegment": "",
            "itemSubsegment": "",
            "durationCode": "1000023591111111",
            "grouper": "000.000",
            "percent": "000.00",
            "optativeOne": " ",
            "sent": " ",
            "action": "F",
            "binCode": "",
            "messagePsg": ""
        },
        {
            "lineNumber": "31",
            "folio": "  19710492",
            "itemCategory": " 1",
            "type": "03",
            "startDate": "19900101",
            "endDate": "20250218",
            "itemSku": "   7501035904118",
            "category": "",
            "providerType": "0",
            "requiredQuantity": "001.000",
            "discount": "00037.000",
            "discountType": " ",
            "optative": " ",
            "description": "PSP SIMPLES NACIONAL B02                ",
            "itemSubcategory": "",
            "itemSegment": "",
            "itemSubsegment": "",
            "durationCode": "1000023591111111",
            "grouper": "000.000",
            "percent": "000.00",
            "optativeOne": " ",
            "sent": " ",
            "action": "F",
            "binCode": "",
            "messagePsg": ""
        },
        {
            "lineNumber": "32",
            "folio": "  19710492",
            "itemCategory": " 1",
            "type": "03",
            "startDate": "19900101",
            "endDate": "20250218",
            "itemSku": "   7501052420172",
            "category": "",
            "providerType": "0",
            "requiredQuantity": "001.000",
            "discount": "00016.560",
            "discountType": " ",
            "optative": " ",
            "description": "PSP SIMPLES NACIONAL B02                ",
            "itemSubcategory": "",
            "itemSegment": "",
            "itemSubsegment": "",
            "durationCode": "1000023591111111",
            "grouper": "000.000",
            "percent": "000.00",
            "optativeOne": " ",
            "sent": " ",
            "action": "F",
            "binCode": "",
            "messagePsg": ""
        },
        {
            "lineNumber": "33",
            "folio": "  19710492",
            "itemCategory": " 1",
            "type": "03",
            "startDate": "19900101",
            "endDate": "20250218",
            "itemSku": "   7501052420431",
            "category": "",
            "providerType": "0",
            "requiredQuantity": "001.000",
            "discount": "00018.720",
            "discountType": " ",
            "optative": " ",
            "description": "PSP SIMPLES NACIONAL B02                ",
            "itemSubcategory": "",
            "itemSegment": "",
            "itemSubsegment": "",
            "durationCode": "1000023591111111",
            "grouper": "000.000",
            "percent": "000.00",
            "optativeOne": " ",
            "sent": " ",
            "action": "F",
            "binCode": "",
            "messagePsg": ""
        },
        {
            "lineNumber": "34",
            "folio": "  19710492",
            "itemCategory": " 1",
            "type": "03",
            "startDate": "19900101",
            "endDate": "20250218",
            "itemSku": "   7501161513246",
            "category": "",
            "providerType": "0",
            "requiredQuantity": "001.000",
            "discount": "00039.000",
            "discountType": " ",
            "optative": " ",
            "description": "PSP SIMPLES NACIONAL B02                ",
            "itemSubcategory": "",
            "itemSegment": "",
            "itemSubsegment": "",
            "durationCode": "1000023591111111",
            "grouper": "000.000",
            "percent": "000.00",
            "optativeOne": " ",
            "sent": " ",
            "action": "F",
            "binCode": "",
            "messagePsg": ""
        },
        {
            "lineNumber": "35",
            "folio": "  19710492",
            "itemCategory": " 1",
            "type": "03",
            "startDate": "19900101",
            "endDate": "20250218",
            "itemSku": "   7501199400815",
            "category": "",
            "providerType": "0",
            "requiredQuantity": "001.000",
            "discount": "00022.320",
            "discountType": " ",
            "optative": " ",
            "description": "PSP SIMPLES NACIONAL B02                ",
            "itemSubcategory": "",
            "itemSegment": "",
            "itemSubsegment": "",
            "durationCode": "1000023591111111",
            "grouper": "000.000",
            "percent": "000.00",
            "optativeOne": " ",
            "sent": " ",
            "action": "F",
            "binCode": "",
            "messagePsg": ""
        },
        {
            "lineNumber": "36",
            "folio": "  19710492",
            "itemCategory": " 1",
            "type": "03",
            "startDate": "19900101",
            "endDate": "20250218",
            "itemSku": "   7501199410913",
            "category": "",
            "providerType": "0",
            "requiredQuantity": "001.000",
            "discount": "00033.590",
            "discountType": " ",
            "optative": " ",
            "description": "PSP SIMPLES NACIONAL B02                ",
            "itemSubcategory": "",
            "itemSegment": "",
            "itemSubsegment": "",
            "durationCode": "1000023591111111",
            "grouper": "000.000",
            "percent": "000.00",
            "optativeOne": " ",
            "sent": " ",
            "action": "F",
            "binCode": "",
            "messagePsg": ""
        },
        {
            "lineNumber": "37",
            "folio": "  19710492",
            "itemCategory": " 1",
            "type": "03",
            "startDate": "19900101",
            "endDate": "20250218",
            "itemSku": "   7501199410937",
            "category": "",
            "providerType": "0",
            "requiredQuantity": "001.000",
            "discount": "00033.590",
            "discountType": " ",
            "optative": " ",
            "description": "PSP SIMPLES NACIONAL B02                ",
            "itemSubcategory": "",
            "itemSegment": "",
            "itemSubsegment": "",
            "durationCode": "1000023591111111",
            "grouper": "000.000",
            "percent": "000.00",
            "optativeOne": " ",
            "sent": " ",
            "action": "F",
            "binCode": "",
            "messagePsg": ""
        },
        {
            "lineNumber": "38",
            "folio": "  19710492",
            "itemCategory": " 1",
            "type": "03",
            "startDate": "19900101",
            "endDate": "20250218",
            "itemSku": "   7501199413280",
            "category": "",
            "providerType": "0",
            "requiredQuantity": "001.000",
            "discount": "00044.860",
            "discountType": " ",
            "optative": " ",
            "description": "PSP SIMPLES NACIONAL B02                ",
            "itemSubcategory": "",
            "itemSegment": "",
            "itemSubsegment": "",
            "durationCode": "1000023591111111",
            "grouper": "000.000",
            "percent": "000.00",
            "optativeOne": " ",
            "sent": " ",
            "action": "F",
            "binCode": "",
            "messagePsg": ""
        },
        {
            "lineNumber": "39",
            "folio": "  19710492",
            "itemCategory": " 1",
            "type": "03",
            "startDate": "19900101",
            "endDate": "20250218",
            "itemSku": "   7501199413327",
            "category": "",
            "providerType": "0",
            "requiredQuantity": "001.000",
            "discount": "00081.940",
            "discountType": " ",
            "optative": " ",
            "description": "PSP SIMPLES NACIONAL B02                ",
            "itemSubcategory": "",
            "itemSegment": "",
            "itemSubsegment": "",
            "durationCode": "1000023591111111",
            "grouper": "000.000",
            "percent": "000.00",
            "optativeOne": " ",
            "sent": " ",
            "action": "F",
            "binCode": "",
            "messagePsg": ""
        },
        {
            "lineNumber": "40",
            "folio": "  19710492",
            "itemCategory": " 1",
            "type": "03",
            "startDate": "19900101",
            "endDate": "20250218",
            "itemSku": "   7501199413334",
            "category": "",
            "providerType": "0",
            "requiredQuantity": "001.000",
            "discount": "00081.940",
            "discountType": " ",
            "optative": " ",
            "description": "PSP SIMPLES NACIONAL B02                ",
            "itemSubcategory": "",
            "itemSegment": "",
            "itemSubsegment": "",
            "durationCode": "1000023591111111",
            "grouper": "000.000",
            "percent": "000.00",
            "optativeOne": " ",
            "sent": " ",
            "action": "F",
            "binCode": "",
            "messagePsg": ""
        },
        {
            "lineNumber": "41",
            "folio": "  19710492",
            "itemCategory": " 1",
            "type": "03",
            "startDate": "19900101",
            "endDate": "20250218",
            "itemSku": "   7501209701024",
            "category": "",
            "providerType": "0",
            "requiredQuantity": "001.000",
            "discount": "00025.000",
            "discountType": " ",
            "optative": " ",
            "description": "PSP SIMPLES NACIONAL B02                ",
            "itemSubcategory": "",
            "itemSegment": "",
            "itemSubsegment": "",
            "durationCode": "1000023591111111",
            "grouper": "000.000",
            "percent": "000.00",
            "optativeOne": " ",
            "sent": " ",
            "action": "F",
            "binCode": "",
            "messagePsg": ""
        },
        {
            "lineNumber": "42",
            "folio": "  19710492",
            "itemCategory": " 1",
            "type": "03",
            "startDate": "19900101",
            "endDate": "20250218",
            "itemSku": "   7501209705640",
            "category": "",
            "providerType": "0",
            "requiredQuantity": "001.000",
            "discount": "00039.000",
            "discountType": " ",
            "optative": " ",
            "description": "PSP SIMPLES NACIONAL B02                ",
            "itemSubcategory": "",
            "itemSegment": "",
            "itemSubsegment": "",
            "durationCode": "1000023591111111",
            "grouper": "000.000",
            "percent": "000.00",
            "optativeOne": " ",
            "sent": " ",
            "action": "F",
            "binCode": "",
            "messagePsg": ""
        },
        {
            "lineNumber": "43",
            "folio": "  19710492",
            "itemCategory": " 1",
            "type": "03",
            "startDate": "19900101",
            "endDate": "20250218",
            "itemSku": "   7501209708078",
            "category": "",
            "providerType": "0",
            "requiredQuantity": "001.000",
            "discount": "00019.000",
            "discountType": " ",
            "optative": " ",
            "description": "PSP SIMPLES NACIONAL B02                ",
            "itemSubcategory": "",
            "itemSegment": "",
            "itemSubsegment": "",
            "durationCode": "1000023591111111",
            "grouper": "000.000",
            "percent": "000.00",
            "optativeOne": " ",
            "sent": " ",
            "action": "F",
            "binCode": "",
            "messagePsg": ""
        },
        {
            "lineNumber": "44",
            "folio": "  19710492",
            "itemCategory": " 1",
            "type": "03",
            "startDate": "19900101",
            "endDate": "20250218",
            "itemSku": "        75013820",
            "category": "",
            "providerType": "0",
            "requiredQuantity": "001.000",
            "discount": "00055.000",
            "discountType": " ",
            "optative": " ",
            "description": "PSP SIMPLES NACIONAL B02                ",
            "itemSubcategory": "",
            "itemSegment": "",
            "itemSubsegment": "",
            "durationCode": "1000023591111111",
            "grouper": "000.000",
            "percent": "000.00",
            "optativeOne": " ",
            "sent": " ",
            "action": "F",
            "binCode": "",
            "messagePsg": ""
        },
        {
            "lineNumber": "45",
            "folio": "  19710492",
            "itemCategory": " 1",
            "type": "03",
            "startDate": "19900101",
            "endDate": "20250218",
            "itemSku": "   7501518463156",
            "category": "",
            "providerType": "0",
            "requiredQuantity": "001.000",
            "discount": "00043.500",
            "discountType": " ",
            "optative": " ",
            "description": "PSP SIMPLES NACIONAL B02                ",
            "itemSubcategory": "",
            "itemSegment": "",
            "itemSubsegment": "",
            "durationCode": "1000023591111111",
            "grouper": "000.000",
            "percent": "000.00",
            "optativeOne": " ",
            "sent": " ",
            "action": "F",
            "binCode": "",
            "messagePsg": ""
        },
        {
            "lineNumber": "46",
            "folio": "  19710492",
            "itemCategory": " 1",
            "type": "03",
            "startDate": "19900101",
            "endDate": "20250218",
            "itemSku": "   7501761869149",
            "category": "",
            "providerType": "0",
            "requiredQuantity": "001.000",
            "discount": "00045.000",
            "discountType": " ",
            "optative": " ",
            "description": "PSP SIMPLES NACIONAL B02                ",
            "itemSubcategory": "",
            "itemSegment": "",
            "itemSubsegment": "",
            "durationCode": "1000023591111111",
            "grouper": "000.000",
            "percent": "000.00",
            "optativeOne": " ",
            "sent": " ",
            "action": "F",
            "binCode": "",
            "messagePsg": ""
        },
        {
            "lineNumber": "47",
            "folio": "  19710492",
            "itemCategory": " 1",
            "type": "03",
            "startDate": "19900101",
            "endDate": "20250218",
            "itemSku": "   7501943471900",
            "category": "",
            "providerType": "0",
            "requiredQuantity": "001.000",
            "discount": "00022.500",
            "discountType": " ",
            "optative": " ",
            "description": "PSP SIMPLES NACIONAL B02                ",
            "itemSubcategory": "",
            "itemSegment": "",
            "itemSubsegment": "",
            "durationCode": "1000023591111111",
            "grouper": "000.000",
            "percent": "000.00",
            "optativeOne": " ",
            "sent": " ",
            "action": "F",
            "binCode": "",
            "messagePsg": ""
        },
        {
            "lineNumber": "48",
            "folio": "  19710492",
            "itemCategory": " 1",
            "type": "03",
            "startDate": "19900101",
            "endDate": "20250218",
            "itemSku": "   7501943471962",
            "category": "",
            "providerType": "0",
            "requiredQuantity": "001.000",
            "discount": "00043.990",
            "discountType": " ",
            "optative": " ",
            "description": "PSP SIMPLES NACIONAL B02                ",
            "itemSubcategory": "",
            "itemSegment": "",
            "itemSubsegment": "",
            "durationCode": "1000023591111111",
            "grouper": "000.000",
            "percent": "000.00",
            "optativeOne": " ",
            "sent": " ",
            "action": "F",
            "binCode": "",
            "messagePsg": ""
        },
        {
            "lineNumber": "49",
            "folio": "  19710492",
            "itemCategory": " 1",
            "type": "03",
            "startDate": "19900101",
            "endDate": "20250218",
            "itemSku": "   7501954902318",
            "category": "",
            "providerType": "0",
            "requiredQuantity": "001.000",
            "discount": "00067.000",
            "discountType": " ",
            "optative": " ",
            "description": "PSP SIMPLES NACIONAL B02                ",
            "itemSubcategory": "",
            "itemSegment": "",
            "itemSubsegment": "",
            "durationCode": "1000023591111111",
            "grouper": "000.000",
            "percent": "000.00",
            "optativeOne": " ",
            "sent": " ",
            "action": "F",
            "binCode": "",
            "messagePsg": ""
        },
        {
            "lineNumber": "50",
            "folio": "  19710492",
            "itemCategory": " 1",
            "type": "03",
            "startDate": "19900101",
            "endDate": "20250218",
            "itemSku": "   7501954904664",
            "category": "",
            "providerType": "0",
            "requiredQuantity": "001.000",
            "discount": "00074.380",
            "discountType": " ",
            "optative": " ",
            "description": "PSP SIMPLES NACIONAL B02                ",
            "itemSubcategory": "",
            "itemSegment": "",
            "itemSubsegment": "",
            "durationCode": "1000023591111111",
            "grouper": "000.000",
            "percent": "000.00",
            "optativeOne": " ",
            "sent": " ",
            "action": "F",
            "binCode": "",
            "messagePsg": ""
        },
        {
            "lineNumber": "51",
            "folio": "  19710492",
            "itemCategory": " 1",
            "type": "03",
            "startDate": "19900101",
            "endDate": "20250218",
            "itemSku": "   7502271157801",
            "category": "",
            "providerType": "0",
            "requiredQuantity": "001.000",
            "discount": "00017.000",
            "discountType": " ",
            "optative": " ",
            "description": "PSP SIMPLES NACIONAL B02                ",
            "itemSubcategory": "",
            "itemSegment": "",
            "itemSubsegment": "",
            "durationCode": "1000023591111111",
            "grouper": "000.000",
            "percent": "000.00",
            "optativeOne": " ",
            "sent": " ",
            "action": "F",
            "binCode": "",
            "messagePsg": ""
        },
        {
            "lineNumber": "52",
            "folio": "  19710492",
            "itemCategory": " 1",
            "type": "03",
            "startDate": "19900101",
            "endDate": "20250218",
            "itemSku": "   7502294225099",
            "category": "",
            "providerType": "0",
            "requiredQuantity": "001.000",
            "discount": "00018.630",
            "discountType": " ",
            "optative": " ",
            "description": "PSP SIMPLES NACIONAL B02                ",
            "itemSubcategory": "",
            "itemSegment": "",
            "itemSubsegment": "",
            "durationCode": "1000023591111111",
            "grouper": "000.000",
            "percent": "000.00",
            "optativeOne": " ",
            "sent": " ",
            "action": "F",
            "binCode": "",
            "messagePsg": ""
        },
        {
            "lineNumber": "53",
            "folio": "  19710492",
            "itemCategory": " 1",
            "type": "03",
            "startDate": "19900101",
            "endDate": "20250218",
            "itemSku": "   7503000438321",
            "category": "",
            "providerType": "0",
            "requiredQuantity": "001.000",
            "discount": "00039.000",
            "discountType": " ",
            "optative": " ",
            "description": "PSP SIMPLES NACIONAL B02                ",
            "itemSubcategory": "",
            "itemSegment": "",
            "itemSubsegment": "",
            "durationCode": "1000023591111111",
            "grouper": "000.000",
            "percent": "000.00",
            "optativeOne": " ",
            "sent": " ",
            "action": "F",
            "binCode": "",
            "messagePsg": ""
        },
        {
            "lineNumber": "54",
            "folio": "  19710492",
            "itemCategory": " 1",
            "type": "03",
            "startDate": "19900101",
            "endDate": "20250218",
            "itemSku": "   7506425601769",
            "category": "",
            "providerType": "0",
            "requiredQuantity": "001.000",
            "discount": "00012.500",
            "discountType": " ",
            "optative": " ",
            "description": "PSP SIMPLES NACIONAL B02                ",
            "itemSubcategory": "",
            "itemSegment": "",
            "itemSubsegment": "",
            "durationCode": "1000023591111111",
            "grouper": "000.000",
            "percent": "000.00",
            "optativeOne": " ",
            "sent": " ",
            "action": "F",
            "binCode": "",
            "messagePsg": ""
        },
        {
            "lineNumber": "55",
            "folio": "  19710492",
            "itemCategory": " 1",
            "type": "03",
            "startDate": "19900101",
            "endDate": "20250218",
            "itemSku": "   7506425622016",
            "category": "",
            "providerType": "0",
            "requiredQuantity": "001.000",
            "discount": "00038.100",
            "discountType": " ",
            "optative": " ",
            "description": "PSP SIMPLES NACIONAL B02                ",
            "itemSubcategory": "",
            "itemSegment": "",
            "itemSubsegment": "",
            "durationCode": "1000023591111111",
            "grouper": "000.000",
            "percent": "000.00",
            "optativeOne": " ",
            "sent": " ",
            "action": "F",
            "binCode": "",
            "messagePsg": ""
        },
        {
            "lineNumber": "56",
            "folio": "  19710492",
            "itemCategory": " 1",
            "type": "03",
            "startDate": "19900101",
            "endDate": "20250218",
            "itemSku": "   7506425647873",
            "category": "",
            "providerType": "0",
            "requiredQuantity": "001.000",
            "discount": "00109.500",
            "discountType": " ",
            "optative": " ",
            "description": "PSP SIMPLES NACIONAL B02                ",
            "itemSubcategory": "",
            "itemSegment": "",
            "itemSubsegment": "",
            "durationCode": "1000023591111111",
            "grouper": "000.000",
            "percent": "000.00",
            "optativeOne": " ",
            "sent": " ",
            "action": "F",
            "binCode": "",
            "messagePsg": ""
        },
        {
            "lineNumber": "57",
            "folio": "  19710492",
            "itemCategory": " 1",
            "type": "03",
            "startDate": "19900101",
            "endDate": "20250218",
            "itemSku": "   7506443101616",
            "category": "",
            "providerType": "0",
            "requiredQuantity": "001.000",
            "discount": "00054.910",
            "discountType": " ",
            "optative": " ",
            "description": "PSP SIMPLES NACIONAL B02                ",
            "itemSubcategory": "",
            "itemSegment": "",
            "itemSubsegment": "",
            "durationCode": "1000023591111111",
            "grouper": "000.000",
            "percent": "000.00",
            "optativeOne": " ",
            "sent": " ",
            "action": "F",
            "binCode": "",
            "messagePsg": ""
        },
        {
            "lineNumber": "58",
            "folio": "  19710492",
            "itemCategory": " 1",
            "type": "03",
            "startDate": "19900101",
            "endDate": "20250218",
            "itemSku": "   7506475120227",
            "category": "",
            "providerType": "0",
            "requiredQuantity": "001.000",
            "discount": "00067.800",
            "discountType": " ",
            "optative": " ",
            "description": "PSP SIMPLES NACIONAL B02                ",
            "itemSubcategory": "",
            "itemSegment": "",
            "itemSubsegment": "",
            "durationCode": "1000023591111111",
            "grouper": "000.000",
            "percent": "000.00",
            "optativeOne": " ",
            "sent": " ",
            "action": "F",
            "binCode": "",
            "messagePsg": ""
        },
        {
            "lineNumber": "59",
            "folio": "  19710492",
            "itemCategory": " 1",
            "type": "03",
            "startDate": "19900101",
            "endDate": "20250218",
            "itemSku": "   7509546052977",
            "category": "",
            "providerType": "0",
            "requiredQuantity": "001.000",
            "discount": "00061.000",
            "discountType": " ",
            "optative": " ",
            "description": "PSP SIMPLES NACIONAL B02                ",
            "itemSubcategory": "",
            "itemSegment": "",
            "itemSubsegment": "",
            "durationCode": "1000023591111111",
            "grouper": "000.000",
            "percent": "000.00",
            "optativeOne": " ",
            "sent": " ",
            "action": "F",
            "binCode": "",
            "messagePsg": ""
        },
        {
            "lineNumber": "60",
            "folio": "  19710492",
            "itemCategory": " 1",
            "type": "03",
            "startDate": "19900101",
            "endDate": "20250218",
            "itemSku": "   7509546058955",
            "category": "",
            "providerType": "0",
            "requiredQuantity": "001.000",
            "discount": "00062.400",
            "discountType": " ",
            "optative": " ",
            "description": "PSP SIMPLES NACIONAL B02                ",
            "itemSubcategory": "",
            "itemSegment": "",
            "itemSubsegment": "",
            "durationCode": "1000023591111111",
            "grouper": "000.000",
            "percent": "000.00",
            "optativeOne": " ",
            "sent": " ",
            "action": "F",
            "binCode": "",
            "messagePsg": ""
        },
        {
            "lineNumber": "61",
            "folio": "  19710492",
            "itemCategory": " 1",
            "type": "03",
            "startDate": "19900101",
            "endDate": "20250218",
            "itemSku": "   7509546666396",
            "category": "",
            "providerType": "0",
            "requiredQuantity": "001.000",
            "discount": "00032.000",
            "discountType": " ",
            "optative": " ",
            "description": "PSP SIMPLES NACIONAL B02                ",
            "itemSubcategory": "",
            "itemSegment": "",
            "itemSubsegment": "",
            "durationCode": "1000023591111111",
            "grouper": "000.000",
            "percent": "000.00",
            "optativeOne": " ",
            "sent": " ",
            "action": "F",
            "binCode": "",
            "messagePsg": ""
        },
        {
            "lineNumber": "62",
            "folio": "  19710492",
            "itemCategory": " 1",
            "type": "03",
            "startDate": "19900101",
            "endDate": "20250218",
            "itemSku": "   7509546680262",
            "category": "",
            "providerType": "0",
            "requiredQuantity": "001.000",
            "discount": "00028.100",
            "discountType": " ",
            "optative": " ",
            "description": "PSP SIMPLES NACIONAL B02                ",
            "itemSubcategory": "",
            "itemSegment": "",
            "itemSubsegment": "",
            "durationCode": "1000023591111111",
            "grouper": "000.000",
            "percent": "000.00",
            "optativeOne": " ",
            "sent": " ",
            "action": "F",
            "binCode": "",
            "messagePsg": ""
        },
        {
            "lineNumber": "63",
            "folio": "  19710492",
            "itemCategory": " 1",
            "type": "03",
            "startDate": "19900101",
            "endDate": "20250218",
            "itemSku": "   7509546680293",
            "category": "",
            "providerType": "0",
            "requiredQuantity": "001.000",
            "discount": "00028.100",
            "discountType": " ",
            "optative": " ",
            "description": "PSP SIMPLES NACIONAL B02                ",
            "itemSubcategory": "",
            "itemSegment": "",
            "itemSubsegment": "",
            "durationCode": "1000023591111111",
            "grouper": "000.000",
            "percent": "000.00",
            "optativeOne": " ",
            "sent": " ",
            "action": "F",
            "binCode": "",
            "messagePsg": ""
        },
        {
            "lineNumber": "64",
            "folio": "  19710492",
            "itemCategory": " 1",
            "type": "03",
            "startDate": "19900101",
            "endDate": "20250218",
            "itemSku": "   7509546682358",
            "category": "",
            "providerType": "0",
            "requiredQuantity": "001.000",
            "discount": "00046.500",
            "discountType": " ",
            "optative": " ",
            "description": "PSP SIMPLES NACIONAL B02                ",
            "itemSubcategory": "",
            "itemSegment": "",
            "itemSubsegment": "",
            "durationCode": "1000023591111111",
            "grouper": "000.000",
            "percent": "000.00",
            "optativeOne": " ",
            "sent": " ",
            "action": "F",
            "binCode": "",
            "messagePsg": ""
        },
        {
            "lineNumber": "65",
            "folio": "  19710977",
            "itemCategory": " 1",
            "type": "00",
            "startDate": "20250220",
            "endDate": "20250304",
            "itemSku": "   7501073800908",
            "category": "",
            "providerType": "0",
            "requiredQuantity": "002.000",
            "discount": "00054.000",
            "discountType": "F",
            "optative": "1",
            "description": "PB PB PE\u00d1AFIEL 2L NR                    ",
            "itemSubcategory": "    ",
            "itemSegment": "    ",
            "itemSubsegment": "    ",
            "durationCode": "1000023591111111",
            "grouper": "001.000",
            "percent": "000.00",
            "optativeOne": " ",
            "sent": " ",
            "action": "A",
            "binCode": "",
            "messagePsg": ""
        },
        {
            "lineNumber": "66",
            "folio": "  19710977",
            "itemCategory": " 1",
            "type": "00",
            "startDate": "20250220",
            "endDate": "20250304",
            "itemSku": "   7501073831964",
            "category": "",
            "providerType": "0",
            "requiredQuantity": "002.000",
            "discount": "00054.000",
            "discountType": "F",
            "optative": "1",
            "description": "PB PB PE\u00d1AFIEL 2L NR                    ",
            "itemSubcategory": "    ",
            "itemSegment": "    ",
            "itemSubsegment": "    ",
            "durationCode": "1000023591111111",
            "grouper": "001.000",
            "percent": "000.00",
            "optativeOne": " ",
            "sent": " ",
            "action": "A",
            "binCode": "",
            "messagePsg": ""
        },
        {
            "lineNumber": "67",
            "folio": "  19710977",
            "itemCategory": " 1",
            "type": "00",
            "startDate": "20250220",
            "endDate": "20250304",
            "itemSku": "   7501073831988",
            "category": "",
            "providerType": "0",
            "requiredQuantity": "002.000",
            "discount": "00054.000",
            "discountType": "F",
            "optative": "1",
            "description": "PB PB PE\u00d1AFIEL 2L NR                    ",
            "itemSubcategory": "    ",
            "itemSegment": "    ",
            "itemSubsegment": "    ",
            "durationCode": "1000023591111111",
            "grouper": "001.000",
            "percent": "000.00",
            "optativeOne": " ",
            "sent": " ",
            "action": "A",
            "binCode": "",
            "messagePsg": ""
        },
        {
            "lineNumber": "68",
            "folio": "  19710977",
            "itemCategory": " 1",
            "type": "00",
            "startDate": "20250220",
            "endDate": "20250304",
            "itemSku": "   7501073841949",
            "category": "",
            "providerType": "0",
            "requiredQuantity": "002.000",
            "discount": "00054.000",
            "discountType": "F",
            "optative": "1",
            "description": "PB PB PE\u00d1AFIEL 2L NR                    ",
            "itemSubcategory": "    ",
            "itemSegment": "    ",
            "itemSubsegment": "    ",
            "durationCode": "1000023591111111",
            "grouper": "001.000",
            "percent": "000.00",
            "optativeOne": " ",
            "sent": " ",
            "action": "A",
            "binCode": "",
            "messagePsg": ""
        },
        {
            "lineNumber": "69",
            "folio": "  19710977",
            "itemCategory": " 1",
            "type": "00",
            "startDate": "20250220",
            "endDate": "20250304",
            "itemSku": "   7501073839892",
            "category": "",
            "providerType": "0",
            "requiredQuantity": "002.000",
            "discount": "00054.000",
            "discountType": "F",
            "optative": "1",
            "description": "PB PB PE\u00d1AFIEL 2L NR                    ",
            "itemSubcategory": "    ",
            "itemSegment": "    ",
            "itemSubsegment": "    ",
            "durationCode": "1000023591111111",
            "grouper": "001.000",
            "percent": "000.00",
            "optativeOne": " ",
            "sent": " ",
            "action": "A",
            "binCode": "",
            "messagePsg": ""
        },
        {
            "lineNumber": "70",
            "folio": "  19710977",
            "itemCategory": " 1",
            "type": "00",
            "startDate": "20250220",
            "endDate": "20250304",
            "itemSku": "   7501073840942",
            "category": "",
            "providerType": "0",
            "requiredQuantity": "002.000",
            "discount": "00054.000",
            "discountType": "F",
            "optative": "1",
            "description": "PB PB PE\u00d1AFIEL 2L NR                    ",
            "itemSubcategory": "    ",
            "itemSegment": "    ",
            "itemSubsegment": "    ",
            "durationCode": "1000023591111111",
            "grouper": "001.000",
            "percent": "000.00",
            "optativeOne": " ",
            "sent": " ",
            "action": "A",
            "binCode": "",
            "messagePsg": ""
        },
        {
            "lineNumber": "71",
            "folio": "  19710977",
            "itemCategory": " 1",
            "type": "00",
            "startDate": "20250220",
            "endDate": "20250304",
            "itemSku": "   7501073839861",
            "category": "",
            "providerType": "0",
            "requiredQuantity": "002.000",
            "discount": "00054.000",
            "discountType": "F",
            "optative": "1",
            "description": "PB PB PE\u00d1AFIEL 2L NR                    ",
            "itemSubcategory": "    ",
            "itemSegment": "    ",
            "itemSubsegment": "    ",
            "durationCode": "1000023591111111",
            "grouper": "001.000",
            "percent": "000.00",
            "optativeOne": " ",
            "sent": " ",
            "action": "A",
            "binCode": "",
            "messagePsg": ""
        }
    ]
}