{
    "organizationCountry": "MX",
    "organizationName": "FEMSA Comercio",
    "businessName": "OXXO",
    "departmentId": "12NEO",
    "storeId": "52DUG",
    "numberOfRecords": "6",
    "searchId": "000000000000000000000000",
    "searchDate": "2025-02-15 13:45:20",
    "promotions": [
        {
            "lineNumber": "1",
            "folio": "  19710073",
            "itemCategory": " 1",
            "type": "00",
            "startDate": "19900101",
            "endDate": "20250216",
            "itemSku": "    757528042011",
            "category": "",
            "providerType": "0",
            "requiredQuantity": "003.000",
            "discount": "00033.333",
            "discountType": "P",
            "optative": "1",
            "description": "PB MMS CACAHUATE 44.3 GRMS              ",
            "itemSubcategory": "    ",
            "itemSegment": "    ",
            "itemSubsegment": "    ",
            "durationCode": "1000023591111111",
            "grouper": "000.000",
            "percent": "000.00",
            "optativeOne": " ",
            "sent": " ",
            "action": "F",
            "binCode": "",
            "messagePsg": ""
        },
        {
            "lineNumber": "2",
            "folio": "  19710073",
            "itemCategory": " 1",
            "type": "00",
            "startDate": "19900101",
            "endDate": "20250216",
            "itemSku": "   7506174512248",
            "category": "",
            "providerType": "0",
            "requiredQuantity": "003.000",
            "discount": "00033.333",
            "discountType": "P",
            "optative": "1",
            "description": "PB MMS CACAHUATE 44.3 GRMS              ",
            "itemSubcategory": "    ",
            "itemSegment": "    ",
            "itemSubsegment": "    ",
            "durationCode": "1000023591111111",
            "grouper": "000.000",
            "percent": "000.00",
            "optativeOne": " ",
            "sent": " ",
            "action": "F",
            "binCode": "",
            "messagePsg": ""
        },
        {
            "lineNumber": "3",
            "folio": "  19710073",
            "itemCategory": " 1",
            "type": "00",
            "startDate": "19900101",
            "endDate": "20250216",
            "itemSku": "        04056704",
            "category": "",
            "providerType": "0",
            "requiredQuantity": "003.000",
            "discount": "00033.333",
            "discountType": "P",
            "optative": "1",
            "description": "PB MMS CACAHUATE 44.3 GRMS              ",
            "itemSubcategory": "    ",
            "itemSegment": "    ",
            "itemSubsegment": "    ",
            "durationCode": "1000023591111111",
            "grouper": "000.000",
            "percent": "000.00",
            "optativeOne": " ",
            "sent": " ",
            "action": "F",
            "binCode": "",
            "messagePsg": ""
        },
        {
            "lineNumber": "4",
            "folio": "  19710073",
            "itemCategory": " 1",
            "type": "00",
            "startDate": "19900101",
            "endDate": "20250216",
            "itemSku": "   7501000278404",
            "category": "",
            "providerType": "0",
            "requiredQuantity": "003.000",
            "discount": "00033.333",
            "discountType": "P",
            "optative": "1",
            "description": "PB MMS CACAHUATE 44.3 GRMS              ",
            "itemSubcategory": "    ",
            "itemSegment": "    ",
            "itemSubsegment": "    ",
            "durationCode": "1000023591111111",
            "grouper": "000.000",
            "percent": "000.00",
            "optativeOne": " ",
            "sent": " ",
            "action": "F",
            "binCode": "",
            "messagePsg": ""
        },
        {
            "lineNumber": "5",
            "folio": "  19710073",
            "itemCategory": " 1",
            "type": "00",
            "startDate": "19900101",
            "endDate": "20250216",
            "itemSku": "        07432354",
            "category": "",
            "providerType": "0",
            "requiredQuantity": "003.000",
            "discount": "00033.333",
            "discountType": "P",
            "optative": "1",
            "description": "PB MMS CACAHUATE 44.3 GRMS              ",
            "itemSubcategory": "    ",
            "itemSegment": "    ",
            "itemSubsegment": "    ",
            "durationCode": "1000023591111111",
            "grouper": "000.000",
            "percent": "000.00",
            "optativeOne": " ",
            "sent": " ",
            "action": "F",
            "binCode": "",
            "messagePsg": ""
        },
        {
            "lineNumber": "6",
            "folio": "  19710073",
            "itemCategory": " 1",
            "type": "00",
            "startDate": "19900101",
            "endDate": "20250216",
            "itemSku": "   7502271911472",
            "category": "",
            "providerType": "0",
            "requiredQuantity": "003.000",
            "discount": "00033.333",
            "discountType": "P",
            "optative": "1",
            "description": "PB MMS CACAHUATE 44.3 GRMS              ",
            "itemSubcategory": "    ",
            "itemSegment": "    ",
            "itemSubsegment": "    ",
            "durationCode": "1000023591111111",
            "grouper": "000.000",
            "percent": "000.00",
            "optativeOne": " ",
            "sent": " ",
            "action": "F",
            "binCode": "",
            "messagePsg": ""
        }
    ]
}