{
    "organizationCountry": "MX",
    "organizationName": "FEMSA Comercio",
    "businessName": "OXXO",
    "departmentId": "12NEO",
    "storeId": "52DUG",
    "numberOfRecords": "8",
    "searchId": "000000000000000000000000",
    "searchDate": "2025-02-13 20:47:08",
    "promotions": [
        {
            "lineNumber": "1",
            "folio": "  19710775",
            "itemCategory": " 1",
            "type": "00",
            "startDate": "20250214",
            "endDate": "20250302",
            "itemSku": "   7501064194139",
            "category": "",
            "providerType": "0",
            "requiredQuantity": "004.000",
            "discount": "00094.000",
            "discountType": "F",
            "optative": "1",
            "description": "Corona Ext o Lig o Victoria 473ml 4X$94 ",
            "itemSubcategory": "    ",
            "itemSegment": "    ",
            "itemSubsegment": "    ",
            "durationCode": "1000023591111111",
            "grouper": "001.000",
            "percent": "000.00",
            "optativeOne": " ",
            "sent": " ",
            "action": "A",
            "binCode": "",
            "messagePsg": ""
        },
        {
            "lineNumber": "2",
            "folio": "  19710775",
            "itemCategory": " 1",
            "type": "00",
            "startDate": "20250214",
            "endDate": "20250302",
            "itemSku": "   7501064194962",
            "category": "",
            "providerType": "0",
            "requiredQuantity": "004.000",
            "discount": "00094.000",
            "discountType": "F",
            "optative": "1",
            "description": "Corona Ext o Lig o Victoria 473ml 4X$94 ",
            "itemSubcategory": "    ",
            "itemSegment": "    ",
            "itemSubsegment": "    ",
            "durationCode": "1000023591111111",
            "grouper": "001.000",
            "percent": "000.00",
            "optativeOne": " ",
            "sent": " ",
            "action": "A",
            "binCode": "",
            "messagePsg": ""
        },
        {
            "lineNumber": "3",
            "folio": "  19710775",
            "itemCategory": " 1",
            "type": "00",
            "startDate": "20250214",
            "endDate": "20250302",
            "itemSku": "   7501064193859",
            "category": "",
            "providerType": "0",
            "requiredQuantity": "004.000",
            "discount": "00094.000",
            "discountType": "F",
            "optative": "1",
            "description": "Corona Ext o Lig o Victoria 473ml 4X$94 ",
            "itemSubcategory": "    ",
            "itemSegment": "    ",
            "itemSubsegment": "    ",
            "durationCode": "1000023591111111",
            "grouper": "001.000",
            "percent": "000.00",
            "optativeOne": " ",
            "sent": " ",
            "action": "A",
            "binCode": "",
            "messagePsg": ""
        },
        {
            "lineNumber": "4",
            "folio": "  19710776",
            "itemCategory": " 1",
            "type": "00",
            "startDate": "20250214",
            "endDate": "20250302",
            "itemSku": "   7501064198168",
            "category": "",
            "providerType": "0",
            "requiredQuantity": "006.000",
            "discount": "00115.000",
            "discountType": "F",
            "optative": "1",
            "description": "Michelob Ultra NR 355ml 6X$115          ",
            "itemSubcategory": "    ",
            "itemSegment": "    ",
            "itemSubsegment": "    ",
            "durationCode": "1000023591111111",
            "grouper": "001.000",
            "percent": "000.00",
            "optativeOne": " ",
            "sent": " ",
            "action": "A",
            "binCode": "",
            "messagePsg": ""
        },
        {
            "lineNumber": "5",
            "folio": "  19710777",
            "itemCategory": " 1",
            "type": "00",
            "startDate": "20250214",
            "endDate": "20250302",
            "itemSku": "   7501064191886",
            "category": "",
            "providerType": "0",
            "requiredQuantity": "004.000",
            "discount": "00100.000",
            "discountType": "F",
            "optative": "1",
            "description": "Modelo Especial Laton 473ml 4x$100      ",
            "itemSubcategory": "    ",
            "itemSegment": "    ",
            "itemSubsegment": "    ",
            "durationCode": "1000023591111111",
            "grouper": "001.000",
            "percent": "000.00",
            "optativeOne": " ",
            "sent": " ",
            "action": "A",
            "binCode": "",
            "messagePsg": ""
        },
        {
            "lineNumber": "6",
            "folio": "  19710778",
            "itemCategory": " 1",
            "type": "00",
            "startDate": "20250214",
            "endDate": "20250302",
            "itemSku": "        75027278",
            "category": "",
            "providerType": "0",
            "requiredQuantity": "006.000",
            "discount": "00139.000",
            "discountType": "F",
            "optative": "1",
            "description": "Modelo Especial NR 355ml 6x$139         ",
            "itemSubcategory": "    ",
            "itemSegment": "    ",
            "itemSubsegment": "    ",
            "durationCode": "1000023591111111",
            "grouper": "001.000",
            "percent": "000.00",
            "optativeOne": " ",
            "sent": " ",
            "action": "A",
            "binCode": "",
            "messagePsg": ""
        },
        {
            "lineNumber": "7",
            "folio": "  19710779",
            "itemCategory": " 1",
            "type": "03",
            "startDate": "20250214",
            "endDate": "20250228",
            "itemSku": "   7501064120268",
            "category": "",
            "providerType": "0",
            "requiredQuantity": "001.000",
            "discount": "00230.000",
            "discountType": " ",
            "optative": " ",
            "description": "Modelo Especial 12P 355ml $230          ",
            "itemSubcategory": "",
            "itemSegment": "",
            "itemSubsegment": "",
            "durationCode": "1000023591111111",
            "grouper": "000.000",
            "percent": "000.00",
            "optativeOne": " ",
            "sent": " ",
            "action": "A",
            "binCode": "",
            "messagePsg": ""
        },
        {
            "lineNumber": "8",
            "folio": "  19710780",
            "itemCategory": " 1",
            "type": "00",
            "startDate": "20250214",
            "endDate": "20250228",
            "itemSku": "   7501064112546",
            "category": "",
            "providerType": "0",
            "requiredQuantity": "006.000",
            "discount": "00115.000",
            "discountType": "F",
            "optative": "1",
            "description": "Modelo Especial Lata 355ml 6x$115       ",
            "itemSubcategory": "    ",
            "itemSegment": "    ",
            "itemSubsegment": "    ",
            "durationCode": "1000023591111111",
            "grouper": "001.000",
            "percent": "000.00",
            "optativeOne": " ",
            "sent": " ",
            "action": "A",
            "binCode": "",
            "messagePsg": ""
        }
    ]
}