{
    "organizationCountry": "MX",
    "organizationName": "FEMSA Comercio",
    "businessName": "OXXO",
    "departmentId": "12NEO",
    "storeId": "52DUG",
    "numberOfRecords": "65",
    "searchId": "000000000000000000000000",
    "searchDate": "2025-02-19 13:46:16",
    "promotions": [
        {
            "lineNumber": "1",
            "folio": "  19710973",
            "itemCategory": " 1",
            "type": "03",
            "startDate": "20250219",
            "endDate": "20250304",
            "itemSku": "    013117000702",
            "category": "",
            "providerType": "0",
            "requiredQuantity": "001.000",
            "discount": "00175.000",
            "discountType": " ",
            "optative": " ",
            "description": "PSP SIMPLES NACIONAL B02                ",
            "itemSubcategory": "",
            "itemSegment": "",
            "itemSubsegment": "",
            "durationCode": "1000023591111111",
            "grouper": "000.000",
            "percent": "000.00",
            "optativeOne": " ",
            "sent": " ",
            "action": "A",
            "binCode": "",
            "messagePsg": ""
        },
        {
            "lineNumber": "2",
            "folio": "  19710973",
            "itemCategory": " 1",
            "type": "03",
            "startDate": "20250219",
            "endDate": "20250304",
            "itemSku": "    013117000719",
            "category": "",
            "providerType": "0",
            "requiredQuantity": "001.000",
            "discount": "00180.000",
            "discountType": " ",
            "optative": " ",
            "description": "PSP SIMPLES NACIONAL B02                ",
            "itemSubcategory": "",
            "itemSegment": "",
            "itemSubsegment": "",
            "durationCode": "1000023591111111",
            "grouper": "000.000",
            "percent": "000.00",
            "optativeOne": " ",
            "sent": " ",
            "action": "A",
            "binCode": "",
            "messagePsg": ""
        },
        {
            "lineNumber": "3",
            "folio": "  19710973",
            "itemCategory": " 1",
            "type": "03",
            "startDate": "20250219",
            "endDate": "20250304",
            "itemSku": "    013117019971",
            "category": "",
            "providerType": "0",
            "requiredQuantity": "001.000",
            "discount": "00185.000",
            "discountType": " ",
            "optative": " ",
            "description": "PSP SIMPLES NACIONAL B02                ",
            "itemSubcategory": "",
            "itemSegment": "",
            "itemSubsegment": "",
            "durationCode": "1000023591111111",
            "grouper": "000.000",
            "percent": "000.00",
            "optativeOne": " ",
            "sent": " ",
            "action": "A",
            "binCode": "",
            "messagePsg": ""
        },
        {
            "lineNumber": "4",
            "folio": "  19710973",
            "itemCategory": " 1",
            "type": "03",
            "startDate": "20250219",
            "endDate": "20250304",
            "itemSku": "    013117023312",
            "category": "",
            "providerType": "0",
            "requiredQuantity": "001.000",
            "discount": "00140.000",
            "discountType": " ",
            "optative": " ",
            "description": "PSP SIMPLES NACIONAL B02                ",
            "itemSubcategory": "",
            "itemSegment": "",
            "itemSubsegment": "",
            "durationCode": "1000023591111111",
            "grouper": "000.000",
            "percent": "000.00",
            "optativeOne": " ",
            "sent": " ",
            "action": "A",
            "binCode": "",
            "messagePsg": ""
        },
        {
            "lineNumber": "5",
            "folio": "  19710973",
            "itemCategory": " 1",
            "type": "03",
            "startDate": "20250219",
            "endDate": "20250304",
            "itemSku": "    013117029000",
            "category": "",
            "providerType": "0",
            "requiredQuantity": "001.000",
            "discount": "00083.000",
            "discountType": " ",
            "optative": " ",
            "description": "PSP SIMPLES NACIONAL B02                ",
            "itemSubcategory": "",
            "itemSegment": "",
            "itemSubsegment": "",
            "durationCode": "1000023591111111",
            "grouper": "000.000",
            "percent": "000.00",
            "optativeOne": " ",
            "sent": " ",
            "action": "A",
            "binCode": "",
            "messagePsg": ""
        },
        {
            "lineNumber": "6",
            "folio": "  19710973",
            "itemCategory": " 1",
            "type": "03",
            "startDate": "20250219",
            "endDate": "20250304",
            "itemSku": "    013117029284",
            "category": "",
            "providerType": "0",
            "requiredQuantity": "001.000",
            "discount": "00145.000",
            "discountType": " ",
            "optative": " ",
            "description": "PSP SIMPLES NACIONAL B02                ",
            "itemSubcategory": "",
            "itemSegment": "",
            "itemSubsegment": "",
            "durationCode": "1000023591111111",
            "grouper": "000.000",
            "percent": "000.00",
            "optativeOne": " ",
            "sent": " ",
            "action": "A",
            "binCode": "",
            "messagePsg": ""
        },
        {
            "lineNumber": "7",
            "folio": "  19710973",
            "itemCategory": " 1",
            "type": "03",
            "startDate": "20250219",
            "endDate": "20250304",
            "itemSku": "    735257002513",
            "category": "",
            "providerType": "0",
            "requiredQuantity": "001.000",
            "discount": "00012.500",
            "discountType": " ",
            "optative": " ",
            "description": "PSP SIMPLES NACIONAL B02                ",
            "itemSubcategory": "",
            "itemSegment": "",
            "itemSubsegment": "",
            "durationCode": "1000023591111111",
            "grouper": "000.000",
            "percent": "000.00",
            "optativeOne": " ",
            "sent": " ",
            "action": "A",
            "binCode": "",
            "messagePsg": ""
        },
        {
            "lineNumber": "8",
            "folio": "  19710973",
            "itemCategory": " 1",
            "type": "03",
            "startDate": "20250219",
            "endDate": "20250304",
            "itemSku": "    735257006306",
            "category": "",
            "providerType": "0",
            "requiredQuantity": "001.000",
            "discount": "00029.000",
            "discountType": " ",
            "optative": " ",
            "description": "PSP SIMPLES NACIONAL B02                ",
            "itemSubcategory": "",
            "itemSegment": "",
            "itemSubsegment": "",
            "durationCode": "1000023591111111",
            "grouper": "000.000",
            "percent": "000.00",
            "optativeOne": " ",
            "sent": " ",
            "action": "A",
            "binCode": "",
            "messagePsg": ""
        },
        {
            "lineNumber": "9",
            "folio": "  19710973",
            "itemCategory": " 1",
            "type": "03",
            "startDate": "20250219",
            "endDate": "20250304",
            "itemSku": "        75000622",
            "category": "",
            "providerType": "0",
            "requiredQuantity": "001.000",
            "discount": "00027.000",
            "discountType": " ",
            "optative": " ",
            "description": "PSP SIMPLES NACIONAL B02                ",
            "itemSubcategory": "",
            "itemSegment": "",
            "itemSubsegment": "",
            "durationCode": "1000023591111111",
            "grouper": "000.000",
            "percent": "000.00",
            "optativeOne": " ",
            "sent": " ",
            "action": "A",
            "binCode": "",
            "messagePsg": ""
        },
        {
            "lineNumber": "10",
            "folio": "  19710973",
            "itemCategory": " 1",
            "type": "03",
            "startDate": "20250219",
            "endDate": "20250304",
            "itemSku": "        75000639",
            "category": "",
            "providerType": "0",
            "requiredQuantity": "001.000",
            "discount": "00050.000",
            "discountType": " ",
            "optative": " ",
            "description": "PSP SIMPLES NACIONAL B02                ",
            "itemSubcategory": "",
            "itemSegment": "",
            "itemSubsegment": "",
            "durationCode": "1000023591111111",
            "grouper": "000.000",
            "percent": "000.00",
            "optativeOne": " ",
            "sent": " ",
            "action": "A",
            "binCode": "",
            "messagePsg": ""
        },
        {
            "lineNumber": "11",
            "folio": "  19710973",
            "itemCategory": " 1",
            "type": "03",
            "startDate": "20250219",
            "endDate": "20250304",
            "itemSku": "   7500435022811",
            "category": "",
            "providerType": "0",
            "requiredQuantity": "001.000",
            "discount": "00045.000",
            "discountType": " ",
            "optative": " ",
            "description": "PSP SIMPLES NACIONAL B02                ",
            "itemSubcategory": "",
            "itemSegment": "",
            "itemSubsegment": "",
            "durationCode": "1000023591111111",
            "grouper": "000.000",
            "percent": "000.00",
            "optativeOne": " ",
            "sent": " ",
            "action": "A",
            "binCode": "",
            "messagePsg": ""
        },
        {
            "lineNumber": "12",
            "folio": "  19710973",
            "itemCategory": " 1",
            "type": "03",
            "startDate": "20250219",
            "endDate": "20250304",
            "itemSku": "   7500435022828",
            "category": "",
            "providerType": "0",
            "requiredQuantity": "001.000",
            "discount": "00045.000",
            "discountType": " ",
            "optative": " ",
            "description": "PSP SIMPLES NACIONAL B02                ",
            "itemSubcategory": "",
            "itemSegment": "",
            "itemSubsegment": "",
            "durationCode": "1000023591111111",
            "grouper": "000.000",
            "percent": "000.00",
            "optativeOne": " ",
            "sent": " ",
            "action": "A",
            "binCode": "",
            "messagePsg": ""
        },
        {
            "lineNumber": "13",
            "folio": "  19710973",
            "itemCategory": " 1",
            "type": "03",
            "startDate": "20250219",
            "endDate": "20250304",
            "itemSku": "   7500435144476",
            "category": "",
            "providerType": "0",
            "requiredQuantity": "001.000",
            "discount": "00025.000",
            "discountType": " ",
            "optative": " ",
            "description": "PSP SIMPLES NACIONAL B02                ",
            "itemSubcategory": "",
            "itemSegment": "",
            "itemSubsegment": "",
            "durationCode": "1000023591111111",
            "grouper": "000.000",
            "percent": "000.00",
            "optativeOne": " ",
            "sent": " ",
            "action": "A",
            "binCode": "",
            "messagePsg": ""
        },
        {
            "lineNumber": "14",
            "folio": "  19710973",
            "itemCategory": " 1",
            "type": "03",
            "startDate": "20250219",
            "endDate": "20250304",
            "itemSku": "   7500435162241",
            "category": "",
            "providerType": "0",
            "requiredQuantity": "001.000",
            "discount": "00119.000",
            "discountType": " ",
            "optative": " ",
            "description": "PSP SIMPLES NACIONAL B02                ",
            "itemSubcategory": "",
            "itemSegment": "",
            "itemSubsegment": "",
            "durationCode": "1000023591111111",
            "grouper": "000.000",
            "percent": "000.00",
            "optativeOne": " ",
            "sent": " ",
            "action": "A",
            "binCode": "",
            "messagePsg": ""
        },
        {
            "lineNumber": "15",
            "folio": "  19710973",
            "itemCategory": " 1",
            "type": "03",
            "startDate": "20250219",
            "endDate": "20250304",
            "itemSku": "   7500435169035",
            "category": "",
            "providerType": "0",
            "requiredQuantity": "001.000",
            "discount": "00061.000",
            "discountType": " ",
            "optative": " ",
            "description": "PSP SIMPLES NACIONAL B02                ",
            "itemSubcategory": "",
            "itemSegment": "",
            "itemSubsegment": "",
            "durationCode": "1000023591111111",
            "grouper": "000.000",
            "percent": "000.00",
            "optativeOne": " ",
            "sent": " ",
            "action": "A",
            "binCode": "",
            "messagePsg": ""
        },
        {
            "lineNumber": "16",
            "folio": "  19710973",
            "itemCategory": " 1",
            "type": "03",
            "startDate": "20250219",
            "endDate": "20250304",
            "itemSku": "   7500435198011",
            "category": "",
            "providerType": "0",
            "requiredQuantity": "001.000",
            "discount": "00028.500",
            "discountType": " ",
            "optative": " ",
            "description": "PSP SIMPLES NACIONAL B02                ",
            "itemSubcategory": "",
            "itemSegment": "",
            "itemSubsegment": "",
            "durationCode": "1000023591111111",
            "grouper": "000.000",
            "percent": "000.00",
            "optativeOne": " ",
            "sent": " ",
            "action": "A",
            "binCode": "",
            "messagePsg": ""
        },
        {
            "lineNumber": "17",
            "folio": "  19710973",
            "itemCategory": " 1",
            "type": "03",
            "startDate": "20250219",
            "endDate": "20250304",
            "itemSku": "   7501006719932",
            "category": "",
            "providerType": "0",
            "requiredQuantity": "001.000",
            "discount": "00027.000",
            "discountType": " ",
            "optative": " ",
            "description": "PSP SIMPLES NACIONAL B02                ",
            "itemSubcategory": "",
            "itemSegment": "",
            "itemSubsegment": "",
            "durationCode": "1000023591111111",
            "grouper": "000.000",
            "percent": "000.00",
            "optativeOne": " ",
            "sent": " ",
            "action": "A",
            "binCode": "",
            "messagePsg": ""
        },
        {
            "lineNumber": "18",
            "folio": "  19710973",
            "itemCategory": " 1",
            "type": "03",
            "startDate": "20250219",
            "endDate": "20250304",
            "itemSku": "   7501008735299",
            "category": "",
            "providerType": "0",
            "requiredQuantity": "001.000",
            "discount": "00043.000",
            "discountType": " ",
            "optative": " ",
            "description": "PSP SIMPLES NACIONAL B02                ",
            "itemSubcategory": "",
            "itemSegment": "",
            "itemSubsegment": "",
            "durationCode": "1000023591111111",
            "grouper": "000.000",
            "percent": "000.00",
            "optativeOne": " ",
            "sent": " ",
            "action": "A",
            "binCode": "",
            "messagePsg": ""
        },
        {
            "lineNumber": "19",
            "folio": "  19710973",
            "itemCategory": " 1",
            "type": "03",
            "startDate": "20250219",
            "endDate": "20250304",
            "itemSku": "   7501018310233",
            "category": "",
            "providerType": "0",
            "requiredQuantity": "001.000",
            "discount": "00009.000",
            "discountType": " ",
            "optative": " ",
            "description": "PSP SIMPLES NACIONAL B02                ",
            "itemSubcategory": "",
            "itemSegment": "",
            "itemSubsegment": "",
            "durationCode": "1000023591111111",
            "grouper": "000.000",
            "percent": "000.00",
            "optativeOne": " ",
            "sent": " ",
            "action": "A",
            "binCode": "",
            "messagePsg": ""
        },
        {
            "lineNumber": "20",
            "folio": "  19710973",
            "itemCategory": " 1",
            "type": "03",
            "startDate": "20250219",
            "endDate": "20250304",
            "itemSku": "   7501020557688",
            "category": "",
            "providerType": "0",
            "requiredQuantity": "001.000",
            "discount": "00036.000",
            "discountType": " ",
            "optative": " ",
            "description": "PSP SIMPLES NACIONAL B02                ",
            "itemSubcategory": "",
            "itemSegment": "",
            "itemSubsegment": "",
            "durationCode": "1000023591111111",
            "grouper": "000.000",
            "percent": "000.00",
            "optativeOne": " ",
            "sent": " ",
            "action": "A",
            "binCode": "",
            "messagePsg": ""
        },
        {
            "lineNumber": "21",
            "folio": "  19710973",
            "itemCategory": " 1",
            "type": "03",
            "startDate": "20250219",
            "endDate": "20250304",
            "itemSku": "   7501020563733",
            "category": "",
            "providerType": "0",
            "requiredQuantity": "001.000",
            "discount": "00035.000",
            "discountType": " ",
            "optative": " ",
            "description": "PSP SIMPLES NACIONAL B02                ",
            "itemSubcategory": "",
            "itemSegment": "",
            "itemSubsegment": "",
            "durationCode": "1000023591111111",
            "grouper": "000.000",
            "percent": "000.00",
            "optativeOne": " ",
            "sent": " ",
            "action": "A",
            "binCode": "",
            "messagePsg": ""
        },
        {
            "lineNumber": "22",
            "folio": "  19710973",
            "itemCategory": " 1",
            "type": "03",
            "startDate": "20250219",
            "endDate": "20250304",
            "itemSku": "   7501025401610",
            "category": "",
            "providerType": "0",
            "requiredQuantity": "001.000",
            "discount": "00025.000",
            "discountType": " ",
            "optative": " ",
            "description": "PSP SIMPLES NACIONAL B02                ",
            "itemSubcategory": "",
            "itemSegment": "",
            "itemSubsegment": "",
            "durationCode": "1000023591111111",
            "grouper": "000.000",
            "percent": "000.00",
            "optativeOne": " ",
            "sent": " ",
            "action": "A",
            "binCode": "",
            "messagePsg": ""
        },
        {
            "lineNumber": "23",
            "folio": "  19710973",
            "itemCategory": " 1",
            "type": "03",
            "startDate": "20250219",
            "endDate": "20250304",
            "itemSku": "   7501025403041",
            "category": "",
            "providerType": "0",
            "requiredQuantity": "001.000",
            "discount": "00050.000",
            "discountType": " ",
            "optative": " ",
            "description": "PSP SIMPLES NACIONAL B02                ",
            "itemSubcategory": "",
            "itemSegment": "",
            "itemSubsegment": "",
            "durationCode": "1000023591111111",
            "grouper": "000.000",
            "percent": "000.00",
            "optativeOne": " ",
            "sent": " ",
            "action": "A",
            "binCode": "",
            "messagePsg": ""
        },
        {
            "lineNumber": "24",
            "folio": "  19710973",
            "itemCategory": " 1",
            "type": "03",
            "startDate": "20250219",
            "endDate": "20250304",
            "itemSku": "   7501025408121",
            "category": "",
            "providerType": "0",
            "requiredQuantity": "001.000",
            "discount": "00060.000",
            "discountType": " ",
            "optative": " ",
            "description": "PSP SIMPLES NACIONAL B02                ",
            "itemSubcategory": "",
            "itemSegment": "",
            "itemSubsegment": "",
            "durationCode": "1000023591111111",
            "grouper": "000.000",
            "percent": "000.00",
            "optativeOne": " ",
            "sent": " ",
            "action": "A",
            "binCode": "",
            "messagePsg": ""
        },
        {
            "lineNumber": "25",
            "folio": "  19710973",
            "itemCategory": " 1",
            "type": "03",
            "startDate": "20250219",
            "endDate": "20250304",
            "itemSku": "   7501025413002",
            "category": "",
            "providerType": "0",
            "requiredQuantity": "001.000",
            "discount": "00025.000",
            "discountType": " ",
            "optative": " ",
            "description": "PSP SIMPLES NACIONAL B02                ",
            "itemSubcategory": "",
            "itemSegment": "",
            "itemSubsegment": "",
            "durationCode": "1000023591111111",
            "grouper": "000.000",
            "percent": "000.00",
            "optativeOne": " ",
            "sent": " ",
            "action": "A",
            "binCode": "",
            "messagePsg": ""
        },
        {
            "lineNumber": "26",
            "folio": "  19710973",
            "itemCategory": " 1",
            "type": "03",
            "startDate": "20250219",
            "endDate": "20250304",
            "itemSku": "   7501025414054",
            "category": "",
            "providerType": "0",
            "requiredQuantity": "001.000",
            "discount": "00025.000",
            "discountType": " ",
            "optative": " ",
            "description": "PSP SIMPLES NACIONAL B02                ",
            "itemSubcategory": "",
            "itemSegment": "",
            "itemSubsegment": "",
            "durationCode": "1000023591111111",
            "grouper": "000.000",
            "percent": "000.00",
            "optativeOne": " ",
            "sent": " ",
            "action": "A",
            "binCode": "",
            "messagePsg": ""
        },
        {
            "lineNumber": "27",
            "folio": "  19710973",
            "itemCategory": " 1",
            "type": "03",
            "startDate": "20250219",
            "endDate": "20250304",
            "itemSku": "   7501025414108",
            "category": "",
            "providerType": "0",
            "requiredQuantity": "001.000",
            "discount": "00025.000",
            "discountType": " ",
            "optative": " ",
            "description": "PSP SIMPLES NACIONAL B02                ",
            "itemSubcategory": "",
            "itemSegment": "",
            "itemSubsegment": "",
            "durationCode": "1000023591111111",
            "grouper": "000.000",
            "percent": "000.00",
            "optativeOne": " ",
            "sent": " ",
            "action": "A",
            "binCode": "",
            "messagePsg": ""
        },
        {
            "lineNumber": "28",
            "folio": "  19710973",
            "itemCategory": " 1",
            "type": "03",
            "startDate": "20250219",
            "endDate": "20250304",
            "itemSku": "   7501025414153",
            "category": "",
            "providerType": "0",
            "requiredQuantity": "001.000",
            "discount": "00025.000",
            "discountType": " ",
            "optative": " ",
            "description": "PSP SIMPLES NACIONAL B02                ",
            "itemSubcategory": "",
            "itemSegment": "",
            "itemSubsegment": "",
            "durationCode": "1000023591111111",
            "grouper": "000.000",
            "percent": "000.00",
            "optativeOne": " ",
            "sent": " ",
            "action": "A",
            "binCode": "",
            "messagePsg": ""
        },
        {
            "lineNumber": "29",
            "folio": "  19710973",
            "itemCategory": " 1",
            "type": "03",
            "startDate": "20250219",
            "endDate": "20250304",
            "itemSku": "   7501025443979",
            "category": "",
            "providerType": "0",
            "requiredQuantity": "001.000",
            "discount": "00025.000",
            "discountType": " ",
            "optative": " ",
            "description": "PSP SIMPLES NACIONAL B02                ",
            "itemSubcategory": "",
            "itemSegment": "",
            "itemSubsegment": "",
            "durationCode": "1000023591111111",
            "grouper": "000.000",
            "percent": "000.00",
            "optativeOne": " ",
            "sent": " ",
            "action": "A",
            "binCode": "",
            "messagePsg": ""
        },
        {
            "lineNumber": "30",
            "folio": "  19710973",
            "itemCategory": " 1",
            "type": "03",
            "startDate": "20250219",
            "endDate": "20250304",
            "itemSku": "   7501027573919",
            "category": "",
            "providerType": "0",
            "requiredQuantity": "001.000",
            "discount": "00020.000",
            "discountType": " ",
            "optative": " ",
            "description": "PSP SIMPLES NACIONAL B02                ",
            "itemSubcategory": "",
            "itemSegment": "",
            "itemSubsegment": "",
            "durationCode": "1000023591111111",
            "grouper": "000.000",
            "percent": "000.00",
            "optativeOne": " ",
            "sent": " ",
            "action": "A",
            "binCode": "",
            "messagePsg": ""
        },
        {
            "lineNumber": "31",
            "folio": "  19710973",
            "itemCategory": " 1",
            "type": "03",
            "startDate": "20250219",
            "endDate": "20250304",
            "itemSku": "   7501035904118",
            "category": "",
            "providerType": "0",
            "requiredQuantity": "001.000",
            "discount": "00032.000",
            "discountType": " ",
            "optative": " ",
            "description": "PSP SIMPLES NACIONAL B02                ",
            "itemSubcategory": "",
            "itemSegment": "",
            "itemSubsegment": "",
            "durationCode": "1000023591111111",
            "grouper": "000.000",
            "percent": "000.00",
            "optativeOne": " ",
            "sent": " ",
            "action": "A",
            "binCode": "",
            "messagePsg": ""
        },
        {
            "lineNumber": "32",
            "folio": "  19710973",
            "itemCategory": " 1",
            "type": "03",
            "startDate": "20250219",
            "endDate": "20250304",
            "itemSku": "   7501052420431",
            "category": "",
            "providerType": "0",
            "requiredQuantity": "001.000",
            "discount": "00016.000",
            "discountType": " ",
            "optative": " ",
            "description": "PSP SIMPLES NACIONAL B02                ",
            "itemSubcategory": "",
            "itemSegment": "",
            "itemSubsegment": "",
            "durationCode": "1000023591111111",
            "grouper": "000.000",
            "percent": "000.00",
            "optativeOne": " ",
            "sent": " ",
            "action": "A",
            "binCode": "",
            "messagePsg": ""
        },
        {
            "lineNumber": "33",
            "folio": "  19710973",
            "itemCategory": " 1",
            "type": "03",
            "startDate": "20250219",
            "endDate": "20250304",
            "itemSku": "   7501161513246",
            "category": "",
            "providerType": "0",
            "requiredQuantity": "001.000",
            "discount": "00034.000",
            "discountType": " ",
            "optative": " ",
            "description": "PSP SIMPLES NACIONAL B02                ",
            "itemSubcategory": "",
            "itemSegment": "",
            "itemSubsegment": "",
            "durationCode": "1000023591111111",
            "grouper": "000.000",
            "percent": "000.00",
            "optativeOne": " ",
            "sent": " ",
            "action": "A",
            "binCode": "",
            "messagePsg": ""
        },
        {
            "lineNumber": "34",
            "folio": "  19710973",
            "itemCategory": " 1",
            "type": "03",
            "startDate": "20250219",
            "endDate": "20250304",
            "itemSku": "   7501199400815",
            "category": "",
            "providerType": "0",
            "requiredQuantity": "001.000",
            "discount": "00020.000",
            "discountType": " ",
            "optative": " ",
            "description": "PSP SIMPLES NACIONAL B02                ",
            "itemSubcategory": "",
            "itemSegment": "",
            "itemSubsegment": "",
            "durationCode": "1000023591111111",
            "grouper": "000.000",
            "percent": "000.00",
            "optativeOne": " ",
            "sent": " ",
            "action": "A",
            "binCode": "",
            "messagePsg": ""
        },
        {
            "lineNumber": "35",
            "folio": "  19710973",
            "itemCategory": " 1",
            "type": "03",
            "startDate": "20250219",
            "endDate": "20250304",
            "itemSku": "   7501199410913",
            "category": "",
            "providerType": "0",
            "requiredQuantity": "001.000",
            "discount": "00025.000",
            "discountType": " ",
            "optative": " ",
            "description": "PSP SIMPLES NACIONAL B02                ",
            "itemSubcategory": "",
            "itemSegment": "",
            "itemSubsegment": "",
            "durationCode": "1000023591111111",
            "grouper": "000.000",
            "percent": "000.00",
            "optativeOne": " ",
            "sent": " ",
            "action": "A",
            "binCode": "",
            "messagePsg": ""
        },
        {
            "lineNumber": "36",
            "folio": "  19710973",
            "itemCategory": " 1",
            "type": "03",
            "startDate": "20250219",
            "endDate": "20250304",
            "itemSku": "   7501199410937",
            "category": "",
            "providerType": "0",
            "requiredQuantity": "001.000",
            "discount": "00025.000",
            "discountType": " ",
            "optative": " ",
            "description": "PSP SIMPLES NACIONAL B02                ",
            "itemSubcategory": "",
            "itemSegment": "",
            "itemSubsegment": "",
            "durationCode": "1000023591111111",
            "grouper": "000.000",
            "percent": "000.00",
            "optativeOne": " ",
            "sent": " ",
            "action": "A",
            "binCode": "",
            "messagePsg": ""
        },
        {
            "lineNumber": "37",
            "folio": "  19710973",
            "itemCategory": " 1",
            "type": "03",
            "startDate": "20250219",
            "endDate": "20250304",
            "itemSku": "   7501199413280",
            "category": "",
            "providerType": "0",
            "requiredQuantity": "001.000",
            "discount": "00033.500",
            "discountType": " ",
            "optative": " ",
            "description": "PSP SIMPLES NACIONAL B02                ",
            "itemSubcategory": "",
            "itemSegment": "",
            "itemSubsegment": "",
            "durationCode": "1000023591111111",
            "grouper": "000.000",
            "percent": "000.00",
            "optativeOne": " ",
            "sent": " ",
            "action": "A",
            "binCode": "",
            "messagePsg": ""
        },
        {
            "lineNumber": "38",
            "folio": "  19710973",
            "itemCategory": " 1",
            "type": "03",
            "startDate": "20250219",
            "endDate": "20250304",
            "itemSku": "   7501199413327",
            "category": "",
            "providerType": "0",
            "requiredQuantity": "001.000",
            "discount": "00075.000",
            "discountType": " ",
            "optative": " ",
            "description": "PSP SIMPLES NACIONAL B02                ",
            "itemSubcategory": "",
            "itemSegment": "",
            "itemSubsegment": "",
            "durationCode": "1000023591111111",
            "grouper": "000.000",
            "percent": "000.00",
            "optativeOne": " ",
            "sent": " ",
            "action": "A",
            "binCode": "",
            "messagePsg": ""
        },
        {
            "lineNumber": "39",
            "folio": "  19710973",
            "itemCategory": " 1",
            "type": "03",
            "startDate": "20250219",
            "endDate": "20250304",
            "itemSku": "   7501199413334",
            "category": "",
            "providerType": "0",
            "requiredQuantity": "001.000",
            "discount": "00075.000",
            "discountType": " ",
            "optative": " ",
            "description": "PSP SIMPLES NACIONAL B02                ",
            "itemSubcategory": "",
            "itemSegment": "",
            "itemSubsegment": "",
            "durationCode": "1000023591111111",
            "grouper": "000.000",
            "percent": "000.00",
            "optativeOne": " ",
            "sent": " ",
            "action": "A",
            "binCode": "",
            "messagePsg": ""
        },
        {
            "lineNumber": "40",
            "folio": "  19710973",
            "itemCategory": " 1",
            "type": "03",
            "startDate": "20250219",
            "endDate": "20250304",
            "itemSku": "   7501209701024",
            "category": "",
            "providerType": "0",
            "requiredQuantity": "001.000",
            "discount": "00020.000",
            "discountType": " ",
            "optative": " ",
            "description": "PSP SIMPLES NACIONAL B02                ",
            "itemSubcategory": "",
            "itemSegment": "",
            "itemSubsegment": "",
            "durationCode": "1000023591111111",
            "grouper": "000.000",
            "percent": "000.00",
            "optativeOne": " ",
            "sent": " ",
            "action": "A",
            "binCode": "",
            "messagePsg": ""
        },
        {
            "lineNumber": "41",
            "folio": "  19710973",
            "itemCategory": " 1",
            "type": "03",
            "startDate": "20250219",
            "endDate": "20250304",
            "itemSku": "   7501209705640",
            "category": "",
            "providerType": "0",
            "requiredQuantity": "001.000",
            "discount": "00038.000",
            "discountType": " ",
            "optative": " ",
            "description": "PSP SIMPLES NACIONAL B02                ",
            "itemSubcategory": "",
            "itemSegment": "",
            "itemSubsegment": "",
            "durationCode": "1000023591111111",
            "grouper": "000.000",
            "percent": "000.00",
            "optativeOne": " ",
            "sent": " ",
            "action": "A",
            "binCode": "",
            "messagePsg": ""
        },
        {
            "lineNumber": "42",
            "folio": "  19710973",
            "itemCategory": " 1",
            "type": "03",
            "startDate": "20250219",
            "endDate": "20250304",
            "itemSku": "   7501209708078",
            "category": "",
            "providerType": "0",
            "requiredQuantity": "001.000",
            "discount": "00018.000",
            "discountType": " ",
            "optative": " ",
            "description": "PSP SIMPLES NACIONAL B02                ",
            "itemSubcategory": "",
            "itemSegment": "",
            "itemSubsegment": "",
            "durationCode": "1000023591111111",
            "grouper": "000.000",
            "percent": "000.00",
            "optativeOne": " ",
            "sent": " ",
            "action": "A",
            "binCode": "",
            "messagePsg": ""
        },
        {
            "lineNumber": "43",
            "folio": "  19710973",
            "itemCategory": " 1",
            "type": "03",
            "startDate": "20250219",
            "endDate": "20250304",
            "itemSku": "        75013820",
            "category": "",
            "providerType": "0",
            "requiredQuantity": "001.000",
            "discount": "00045.000",
            "discountType": " ",
            "optative": " ",
            "description": "PSP SIMPLES NACIONAL B02                ",
            "itemSubcategory": "",
            "itemSegment": "",
            "itemSubsegment": "",
            "durationCode": "1000023591111111",
            "grouper": "000.000",
            "percent": "000.00",
            "optativeOne": " ",
            "sent": " ",
            "action": "A",
            "binCode": "",
            "messagePsg": ""
        },
        {
            "lineNumber": "44",
            "folio": "  19710973",
            "itemCategory": " 1",
            "type": "03",
            "startDate": "20250219",
            "endDate": "20250304",
            "itemSku": "   7501518463156",
            "category": "",
            "providerType": "0",
            "requiredQuantity": "001.000",
            "discount": "00032.000",
            "discountType": " ",
            "optative": " ",
            "description": "PSP SIMPLES NACIONAL B02                ",
            "itemSubcategory": "",
            "itemSegment": "",
            "itemSubsegment": "",
            "durationCode": "1000023591111111",
            "grouper": "000.000",
            "percent": "000.00",
            "optativeOne": " ",
            "sent": " ",
            "action": "A",
            "binCode": "",
            "messagePsg": ""
        },
        {
            "lineNumber": "45",
            "folio": "  19710973",
            "itemCategory": " 1",
            "type": "03",
            "startDate": "20250219",
            "endDate": "20250304",
            "itemSku": "   7501761869149",
            "category": "",
            "providerType": "0",
            "requiredQuantity": "001.000",
            "discount": "00044.000",
            "discountType": " ",
            "optative": " ",
            "description": "PSP SIMPLES NACIONAL B02                ",
            "itemSubcategory": "",
            "itemSegment": "",
            "itemSubsegment": "",
            "durationCode": "1000023591111111",
            "grouper": "000.000",
            "percent": "000.00",
            "optativeOne": " ",
            "sent": " ",
            "action": "A",
            "binCode": "",
            "messagePsg": ""
        },
        {
            "lineNumber": "46",
            "folio": "  19710973",
            "itemCategory": " 1",
            "type": "03",
            "startDate": "20250219",
            "endDate": "20250304",
            "itemSku": "   7501943471900",
            "category": "",
            "providerType": "0",
            "requiredQuantity": "001.000",
            "discount": "00020.000",
            "discountType": " ",
            "optative": " ",
            "description": "PSP SIMPLES NACIONAL B02                ",
            "itemSubcategory": "",
            "itemSegment": "",
            "itemSubsegment": "",
            "durationCode": "1000023591111111",
            "grouper": "000.000",
            "percent": "000.00",
            "optativeOne": " ",
            "sent": " ",
            "action": "A",
            "binCode": "",
            "messagePsg": ""
        },
        {
            "lineNumber": "47",
            "folio": "  19710973",
            "itemCategory": " 1",
            "type": "03",
            "startDate": "20250219",
            "endDate": "20250304",
            "itemSku": "   7501943471962",
            "category": "",
            "providerType": "0",
            "requiredQuantity": "001.000",
            "discount": "00039.000",
            "discountType": " ",
            "optative": " ",
            "description": "PSP SIMPLES NACIONAL B02                ",
            "itemSubcategory": "",
            "itemSegment": "",
            "itemSubsegment": "",
            "durationCode": "1000023591111111",
            "grouper": "000.000",
            "percent": "000.00",
            "optativeOne": " ",
            "sent": " ",
            "action": "A",
            "binCode": "",
            "messagePsg": ""
        },
        {
            "lineNumber": "48",
            "folio": "  19710973",
            "itemCategory": " 1",
            "type": "03",
            "startDate": "20250219",
            "endDate": "20250304",
            "itemSku": "   7501954902318",
            "category": "",
            "providerType": "0",
            "requiredQuantity": "001.000",
            "discount": "00049.000",
            "discountType": " ",
            "optative": " ",
            "description": "PSP SIMPLES NACIONAL B02                ",
            "itemSubcategory": "",
            "itemSegment": "",
            "itemSubsegment": "",
            "durationCode": "1000023591111111",
            "grouper": "000.000",
            "percent": "000.00",
            "optativeOne": " ",
            "sent": " ",
            "action": "A",
            "binCode": "",
            "messagePsg": ""
        },
        {
            "lineNumber": "49",
            "folio": "  19710973",
            "itemCategory": " 1",
            "type": "03",
            "startDate": "20250219",
            "endDate": "20250304",
            "itemSku": "   7501954904664",
            "category": "",
            "providerType": "0",
            "requiredQuantity": "001.000",
            "discount": "00049.000",
            "discountType": " ",
            "optative": " ",
            "description": "PSP SIMPLES NACIONAL B02                ",
            "itemSubcategory": "",
            "itemSegment": "",
            "itemSubsegment": "",
            "durationCode": "1000023591111111",
            "grouper": "000.000",
            "percent": "000.00",
            "optativeOne": " ",
            "sent": " ",
            "action": "A",
            "binCode": "",
            "messagePsg": ""
        },
        {
            "lineNumber": "50",
            "folio": "  19710973",
            "itemCategory": " 1",
            "type": "03",
            "startDate": "20250219",
            "endDate": "20250304",
            "itemSku": "   7502271157801",
            "category": "",
            "providerType": "0",
            "requiredQuantity": "001.000",
            "discount": "00016.000",
            "discountType": " ",
            "optative": " ",
            "description": "PSP SIMPLES NACIONAL B02                ",
            "itemSubcategory": "",
            "itemSegment": "",
            "itemSubsegment": "",
            "durationCode": "1000023591111111",
            "grouper": "000.000",
            "percent": "000.00",
            "optativeOne": " ",
            "sent": " ",
            "action": "A",
            "binCode": "",
            "messagePsg": ""
        },
        {
            "lineNumber": "51",
            "folio": "  19710973",
            "itemCategory": " 1",
            "type": "03",
            "startDate": "20250219",
            "endDate": "20250304",
            "itemSku": "   7502294225099",
            "category": "",
            "providerType": "0",
            "requiredQuantity": "001.000",
            "discount": "00013.000",
            "discountType": " ",
            "optative": " ",
            "description": "PSP SIMPLES NACIONAL B02                ",
            "itemSubcategory": "",
            "itemSegment": "",
            "itemSubsegment": "",
            "durationCode": "1000023591111111",
            "grouper": "000.000",
            "percent": "000.00",
            "optativeOne": " ",
            "sent": " ",
            "action": "A",
            "binCode": "",
            "messagePsg": ""
        },
        {
            "lineNumber": "52",
            "folio": "  19710973",
            "itemCategory": " 1",
            "type": "03",
            "startDate": "20250219",
            "endDate": "20250304",
            "itemSku": "   7503000438321",
            "category": "",
            "providerType": "0",
            "requiredQuantity": "001.000",
            "discount": "00036.000",
            "discountType": " ",
            "optative": " ",
            "description": "PSP SIMPLES NACIONAL B02                ",
            "itemSubcategory": "",
            "itemSegment": "",
            "itemSubsegment": "",
            "durationCode": "1000023591111111",
            "grouper": "000.000",
            "percent": "000.00",
            "optativeOne": " ",
            "sent": " ",
            "action": "A",
            "binCode": "",
            "messagePsg": ""
        },
        {
            "lineNumber": "53",
            "folio": "  19710973",
            "itemCategory": " 1",
            "type": "03",
            "startDate": "20250219",
            "endDate": "20250304",
            "itemSku": "   7506425601769",
            "category": "",
            "providerType": "0",
            "requiredQuantity": "001.000",
            "discount": "00011.000",
            "discountType": " ",
            "optative": " ",
            "description": "PSP SIMPLES NACIONAL B02                ",
            "itemSubcategory": "",
            "itemSegment": "",
            "itemSubsegment": "",
            "durationCode": "1000023591111111",
            "grouper": "000.000",
            "percent": "000.00",
            "optativeOne": " ",
            "sent": " ",
            "action": "A",
            "binCode": "",
            "messagePsg": ""
        },
        {
            "lineNumber": "54",
            "folio": "  19710973",
            "itemCategory": " 1",
            "type": "03",
            "startDate": "20250219",
            "endDate": "20250304",
            "itemSku": "   7506425622016",
            "category": "",
            "providerType": "0",
            "requiredQuantity": "001.000",
            "discount": "00035.000",
            "discountType": " ",
            "optative": " ",
            "description": "PSP SIMPLES NACIONAL B02                ",
            "itemSubcategory": "",
            "itemSegment": "",
            "itemSubsegment": "",
            "durationCode": "1000023591111111",
            "grouper": "000.000",
            "percent": "000.00",
            "optativeOne": " ",
            "sent": " ",
            "action": "A",
            "binCode": "",
            "messagePsg": ""
        },
        {
            "lineNumber": "55",
            "folio": "  19710973",
            "itemCategory": " 1",
            "type": "03",
            "startDate": "20250219",
            "endDate": "20250304",
            "itemSku": "   7506425647873",
            "category": "",
            "providerType": "0",
            "requiredQuantity": "001.000",
            "discount": "00099.500",
            "discountType": " ",
            "optative": " ",
            "description": "PSP SIMPLES NACIONAL B02                ",
            "itemSubcategory": "",
            "itemSegment": "",
            "itemSubsegment": "",
            "durationCode": "1000023591111111",
            "grouper": "000.000",
            "percent": "000.00",
            "optativeOne": " ",
            "sent": " ",
            "action": "A",
            "binCode": "",
            "messagePsg": ""
        },
        {
            "lineNumber": "56",
            "folio": "  19710973",
            "itemCategory": " 1",
            "type": "03",
            "startDate": "20250219",
            "endDate": "20250304",
            "itemSku": "   7506443101616",
            "category": "",
            "providerType": "0",
            "requiredQuantity": "001.000",
            "discount": "00047.000",
            "discountType": " ",
            "optative": " ",
            "description": "PSP SIMPLES NACIONAL B02                ",
            "itemSubcategory": "",
            "itemSegment": "",
            "itemSubsegment": "",
            "durationCode": "1000023591111111",
            "grouper": "000.000",
            "percent": "000.00",
            "optativeOne": " ",
            "sent": " ",
            "action": "A",
            "binCode": "",
            "messagePsg": ""
        },
        {
            "lineNumber": "57",
            "folio": "  19710973",
            "itemCategory": " 1",
            "type": "03",
            "startDate": "20250219",
            "endDate": "20250304",
            "itemSku": "   7506475120227",
            "category": "",
            "providerType": "0",
            "requiredQuantity": "001.000",
            "discount": "00065.000",
            "discountType": " ",
            "optative": " ",
            "description": "PSP SIMPLES NACIONAL B02                ",
            "itemSubcategory": "",
            "itemSegment": "",
            "itemSubsegment": "",
            "durationCode": "1000023591111111",
            "grouper": "000.000",
            "percent": "000.00",
            "optativeOne": " ",
            "sent": " ",
            "action": "A",
            "binCode": "",
            "messagePsg": ""
        },
        {
            "lineNumber": "58",
            "folio": "  19710973",
            "itemCategory": " 1",
            "type": "03",
            "startDate": "20250219",
            "endDate": "20250304",
            "itemSku": "   7509546052977",
            "category": "",
            "providerType": "0",
            "requiredQuantity": "001.000",
            "discount": "00038.000",
            "discountType": " ",
            "optative": " ",
            "description": "PSP SIMPLES NACIONAL B02                ",
            "itemSubcategory": "",
            "itemSegment": "",
            "itemSubsegment": "",
            "durationCode": "1000023591111111",
            "grouper": "000.000",
            "percent": "000.00",
            "optativeOne": " ",
            "sent": " ",
            "action": "A",
            "binCode": "",
            "messagePsg": ""
        },
        {
            "lineNumber": "59",
            "folio": "  19710973",
            "itemCategory": " 1",
            "type": "03",
            "startDate": "20250219",
            "endDate": "20250304",
            "itemSku": "   7509546058955",
            "category": "",
            "providerType": "0",
            "requiredQuantity": "001.000",
            "discount": "00045.000",
            "discountType": " ",
            "optative": " ",
            "description": "PSP SIMPLES NACIONAL B02                ",
            "itemSubcategory": "",
            "itemSegment": "",
            "itemSubsegment": "",
            "durationCode": "1000023591111111",
            "grouper": "000.000",
            "percent": "000.00",
            "optativeOne": " ",
            "sent": " ",
            "action": "A",
            "binCode": "",
            "messagePsg": ""
        },
        {
            "lineNumber": "60",
            "folio": "  19710973",
            "itemCategory": " 1",
            "type": "03",
            "startDate": "20250219",
            "endDate": "20250304",
            "itemSku": "   7509546666396",
            "category": "",
            "providerType": "0",
            "requiredQuantity": "001.000",
            "discount": "00025.000",
            "discountType": " ",
            "optative": " ",
            "description": "PSP SIMPLES NACIONAL B02                ",
            "itemSubcategory": "",
            "itemSegment": "",
            "itemSubsegment": "",
            "durationCode": "1000023591111111",
            "grouper": "000.000",
            "percent": "000.00",
            "optativeOne": " ",
            "sent": " ",
            "action": "A",
            "binCode": "",
            "messagePsg": ""
        },
        {
            "lineNumber": "61",
            "folio": "  19710973",
            "itemCategory": " 1",
            "type": "03",
            "startDate": "20250219",
            "endDate": "20250304",
            "itemSku": "   7509546680262",
            "category": "",
            "providerType": "0",
            "requiredQuantity": "001.000",
            "discount": "00022.000",
            "discountType": " ",
            "optative": " ",
            "description": "PSP SIMPLES NACIONAL B02                ",
            "itemSubcategory": "",
            "itemSegment": "",
            "itemSubsegment": "",
            "durationCode": "1000023591111111",
            "grouper": "000.000",
            "percent": "000.00",
            "optativeOne": " ",
            "sent": " ",
            "action": "A",
            "binCode": "",
            "messagePsg": ""
        },
        {
            "lineNumber": "62",
            "folio": "  19710973",
            "itemCategory": " 1",
            "type": "03",
            "startDate": "20250219",
            "endDate": "20250304",
            "itemSku": "   7509546680293",
            "category": "",
            "providerType": "0",
            "requiredQuantity": "001.000",
            "discount": "00022.000",
            "discountType": " ",
            "optative": " ",
            "description": "PSP SIMPLES NACIONAL B02                ",
            "itemSubcategory": "",
            "itemSegment": "",
            "itemSubsegment": "",
            "durationCode": "1000023591111111",
            "grouper": "000.000",
            "percent": "000.00",
            "optativeOne": " ",
            "sent": " ",
            "action": "A",
            "binCode": "",
            "messagePsg": ""
        },
        {
            "lineNumber": "63",
            "folio": "  19710973",
            "itemCategory": " 1",
            "type": "03",
            "startDate": "20250219",
            "endDate": "20250304",
            "itemSku": "   7509546682358",
            "category": "",
            "providerType": "0",
            "requiredQuantity": "001.000",
            "discount": "00035.000",
            "discountType": " ",
            "optative": " ",
            "description": "PSP SIMPLES NACIONAL B02                ",
            "itemSubcategory": "",
            "itemSegment": "",
            "itemSubsegment": "",
            "durationCode": "1000023591111111",
            "grouper": "000.000",
            "percent": "000.00",
            "optativeOne": " ",
            "sent": " ",
            "action": "A",
            "binCode": "",
            "messagePsg": ""
        },
        {
            "lineNumber": "64",
            "folio": "  19710975",
            "itemCategory": " 1",
            "type": "03",
            "startDate": "20250220",
            "endDate": "20250304",
            "itemSku": "   7501052420172",
            "category": "",
            "providerType": "0",
            "requiredQuantity": "001.000",
            "discount": "00016.000",
            "discountType": " ",
            "optative": " ",
            "description": "Frijol bayos refritos la sierra 430g $16",
            "itemSubcategory": "",
            "itemSegment": "",
            "itemSubsegment": "",
            "durationCode": "1000023591111111",
            "grouper": "000.000",
            "percent": "000.00",
            "optativeOne": " ",
            "sent": " ",
            "action": "A",
            "binCode": "",
            "messagePsg": ""
        },
        {
            "lineNumber": "65",
            "folio": "  19710976",
            "itemCategory": " 1",
            "type": "03",
            "startDate": "20250220",
            "endDate": "20250304",
            "itemSku": "   7501055356256",
            "category": "",
            "providerType": "0",
            "requiredQuantity": "001.000",
            "discount": "00005.000",
            "discountType": " ",
            "optative": " ",
            "description": "Coca Cola SA Chubby 355ml Pet $5        ",
            "itemSubcategory": "",
            "itemSegment": "",
            "itemSubsegment": "",
            "durationCode": "1000023591111111",
            "grouper": "000.000",
            "percent": "000.00",
            "optativeOne": " ",
            "sent": " ",
            "action": "A",
            "binCode": "",
            "messagePsg": ""
        }
    ]
}