{
    "organizationCountry": "MX",
    "organizationName": "FEMSA Comercio",
    "businessName": "OXXO",
    "departmentId": "12NEO",
    "storeId": "52DUG",
    "numberOfRecords": "5",
    "searchId": "000000000000000000000000",
    "searchDate": "2025-08-12 10:25:50",
    "items": [
        {
            "lineNumber": "1",
            "code": "000000",
            "sku": "       101639081",
            "supplierCode": "00000",
            "shortDescription": "AT&T AN CB EN LINEA      ",
            "piecesPerPackage": "0000",
            "taxRate": "00.00",
            "afeGpo": "00",
            "paiCode": "000",
            "famCode": "000",
            "salePrice": "0",
            "costPrice": "0",
            "status": " ",
            "priceControl": "0",
            "unitMeasure": "  ",
            "saleRestriction": "Y",
            "keyNumber": "00",
            "isps": "0.0000",
            "facDes": "1.0000",
            "decimal": "F",
            "movementCode": "C",
            "movementFolio": "000000",
            "previousSaleDate": "000000.00",
            "cedisSupplier": "0000",
            "unitOfMeasure": "",
            "saleTaxCode": "",
            "subcategory": "538 ",
            "segment": "31  ",
            "subsegment": "1   ",
            "effectiveDate": "20250813",
            "movementInternalFolio": "166138319     ",
            "transactionalLevel": "ITM",
            "type": "",
            "returnableIndicator": "",
            "rounding": "   ",
            "fpgUds": "0000.00",
            "fpgCtd": "0000.00000",
            "merchandiseType": "",
            "longDescription": "ATT AN CB EN LINEA",
            "shrinkageType": "",
            "pricePerPackage": "",
            "unitQuantity": "",
            "taxValue": "0.0",
            "skuFactor": "0.0",
            "maxUnits": "",
            "assortmentLine": "",
            "replenishmentDate": "",
            "assortmentfrequency": "",
            "diasfre": "",
            "isAssortment": "",
            "isSalable": "",
            "transactionType": "13",
            "returnPeriod": "",
            "returnReasonCode": "",
            "returnMaxUnits": "",
            "effectiveStartDate": "",
            "effectiveEndDate": "",
            "shorTae": "",
            "parentSKU": "",
            "category": ""
        },
        {
            "lineNumber": "2",
            "code": "000000",
            "sku": "       101639090",
            "supplierCode": "00000",
            "shortDescription": "AT&T ANR CUENTAS Y D     ",
            "piecesPerPackage": "0000",
            "taxRate": "00.00",
            "afeGpo": "00",
            "paiCode": "000",
            "famCode": "000",
            "salePrice": "0",
            "costPrice": "0",
            "status": " ",
            "priceControl": "0",
            "unitMeasure": "  ",
            "saleRestriction": "Y",
            "keyNumber": "00",
            "isps": "0.0000",
            "facDes": "1.0000",
            "decimal": "F",
            "movementCode": "C",
            "movementFolio": "000000",
            "previousSaleDate": "000000.00",
            "cedisSupplier": "0000",
            "unitOfMeasure": "",
            "saleTaxCode": "",
            "subcategory": "538 ",
            "segment": "31  ",
            "subsegment": "1   ",
            "effectiveDate": "20250813",
            "movementInternalFolio": "166138319     ",
            "transactionalLevel": "ITM",
            "type": "",
            "returnableIndicator": "",
            "rounding": "   ",
            "fpgUds": "0000.00",
            "fpgCtd": "0000.00000",
            "merchandiseType": "",
            "longDescription": "ATT ANR CUENTAS Y DN EN L\u00cdNEA",
            "shrinkageType": "",
            "pricePerPackage": "",
            "unitQuantity": "",
            "taxValue": "0.0",
            "skuFactor": "0.0",
            "maxUnits": "",
            "assortmentLine": "",
            "replenishmentDate": "",
            "assortmentfrequency": "",
            "diasfre": "",
            "isAssortment": "",
            "isSalable": "",
            "transactionType": "13",
            "returnPeriod": "",
            "returnReasonCode": "",
            "returnMaxUnits": "",
            "effectiveStartDate": "",
            "effectiveEndDate": "",
            "shorTae": "",
            "parentSKU": "",
            "category": ""
        },
        {
            "lineNumber": "3",
            "code": "000000",
            "sku": "       101985401",
            "supplierCode": "00000",
            "shortDescription": "TELCEL EN LINEA          ",
            "piecesPerPackage": "0000",
            "taxRate": "00.00",
            "afeGpo": "00",
            "paiCode": "000",
            "famCode": "000",
            "salePrice": "0",
            "costPrice": "0",
            "status": " ",
            "priceControl": "0",
            "unitMeasure": "  ",
            "saleRestriction": "Y",
            "keyNumber": "00",
            "isps": "0.0000",
            "facDes": "1.0000",
            "decimal": "F",
            "movementCode": "C",
            "movementFolio": "000000",
            "previousSaleDate": "000000.00",
            "cedisSupplier": "0000",
            "unitOfMeasure": "",
            "saleTaxCode": "",
            "subcategory": "538 ",
            "segment": "31  ",
            "subsegment": "1   ",
            "effectiveDate": "20250813",
            "movementInternalFolio": "166138319     ",
            "transactionalLevel": "ITM",
            "type": "",
            "returnableIndicator": "",
            "rounding": "   ",
            "fpgUds": "0000.00",
            "fpgCtd": "0000.00000",
            "merchandiseType": "",
            "longDescription": "TELCEL EN LINEA",
            "shrinkageType": "",
            "pricePerPackage": "",
            "unitQuantity": "",
            "taxValue": "0.0",
            "skuFactor": "0.0",
            "maxUnits": "",
            "assortmentLine": "",
            "replenishmentDate": "",
            "assortmentfrequency": "",
            "diasfre": "",
            "isAssortment": "",
            "isSalable": "",
            "transactionType": "13",
            "returnPeriod": "",
            "returnReasonCode": "",
            "returnMaxUnits": "",
            "effectiveStartDate": "",
            "effectiveEndDate": "",
            "shorTae": "",
            "parentSKU": "",
            "category": ""
        },
        {
            "lineNumber": "4",
            "code": "000000",
            "sku": "       102066570",
            "supplierCode": "00000",
            "shortDescription": "PREDIAL DE TORREON E     ",
            "piecesPerPackage": "0000",
            "taxRate": "00.00",
            "afeGpo": "00",
            "paiCode": "000",
            "famCode": "000",
            "salePrice": "0",
            "costPrice": "0",
            "status": " ",
            "priceControl": "0",
            "unitMeasure": "  ",
            "saleRestriction": "Y",
            "keyNumber": "00",
            "isps": "0.0000",
            "facDes": "1.0000",
            "decimal": "F",
            "movementCode": "C",
            "movementFolio": "000000",
            "previousSaleDate": "000000.00",
            "cedisSupplier": "0000",
            "unitOfMeasure": "",
            "saleTaxCode": "",
            "subcategory": "538 ",
            "segment": "20  ",
            "subsegment": "2   ",
            "effectiveDate": "20250813",
            "movementInternalFolio": "166138319     ",
            "transactionalLevel": "ITM",
            "type": "",
            "returnableIndicator": "",
            "rounding": "   ",
            "fpgUds": "0000.00",
            "fpgCtd": "0000.00000",
            "merchandiseType": "",
            "longDescription": "PREDIAL DE TORREON EN LINEA",
            "shrinkageType": "",
            "pricePerPackage": "",
            "unitQuantity": "",
            "taxValue": "0.0",
            "skuFactor": "0.0",
            "maxUnits": "",
            "assortmentLine": "",
            "replenishmentDate": "",
            "assortmentfrequency": "",
            "diasfre": "",
            "isAssortment": "",
            "isSalable": "",
            "transactionType": "13",
            "returnPeriod": "",
            "returnReasonCode": "",
            "returnMaxUnits": "",
            "effectiveStartDate": "",
            "effectiveEndDate": "",
            "shorTae": "",
            "parentSKU": "",
            "category": ""
        },
        {
            "lineNumber": "5",
            "code": "000000",
            "sku": "       113676841",
            "supplierCode": "00000",
            "shortDescription": "FIDEAPECH                ",
            "piecesPerPackage": "0000",
            "taxRate": "00.00",
            "afeGpo": "00",
            "paiCode": "000",
            "famCode": "000",
            "salePrice": "0",
            "costPrice": "0",
            "status": " ",
            "priceControl": "0",
            "unitMeasure": "  ",
            "saleRestriction": "Y",
            "keyNumber": "00",
            "isps": "0.0000",
            "facDes": "1.0000",
            "decimal": "F",
            "movementCode": "C",
            "movementFolio": "000000",
            "previousSaleDate": "000000.00",
            "cedisSupplier": "0000",
            "unitOfMeasure": "",
            "saleTaxCode": "",
            "subcategory": "538 ",
            "segment": "20  ",
            "subsegment": "2   ",
            "effectiveDate": "20250813",
            "movementInternalFolio": "166138319     ",
            "transactionalLevel": "ITM",
            "type": "",
            "returnableIndicator": "",
            "rounding": "   ",
            "fpgUds": "0000.00",
            "fpgCtd": "0000.00000",
            "merchandiseType": "",
            "longDescription": "FIDEAPECH",
            "shrinkageType": "",
            "pricePerPackage": "",
            "unitQuantity": "",
            "taxValue": "0.0",
            "skuFactor": "0.0",
            "maxUnits": "",
            "assortmentLine": "",
            "replenishmentDate": "",
            "assortmentfrequency": "",
            "diasfre": "",
            "isAssortment": "",
            "isSalable": "",
            "transactionType": "13",
            "returnPeriod": "",
            "returnReasonCode": "",
            "returnMaxUnits": "",
            "effectiveStartDate": "",
            "effectiveEndDate": "",
            "shorTae": "",
            "parentSKU": "",
            "category": ""
        }
    ]
}