{
    "organizationCountry": "MX",
    "organizationName": "FEMSA Comercio",
    "businessName": "OXXO",
    "departmentId": "12NEO",
    "storeId": "52DUG",
    "numberOfRecords": "12",
    "searchId": "000000000000000000000000",
    "searchDate": "2025-08-12 21:58:50",
    "promotions": [
        {
            "lineNumber": "1",
            "folio": "  50862554",
            "itemCategory": " 1",
            "type": "03",
            "startDate": "20250730",
            "endDate": "20250811",
            "itemSku": "   7502233111056",
            "category": "",
            "providerType": "0",
            "requiredQuantity": "000.000",
            "discount": "00000.000",
            "discountType": " ",
            "optative": " ",
            "description": "PB Cereales Siprecio 2x$50              ",
            "itemSubcategory": "",
            "itemSegment": "",
            "itemSubsegment": "",
            "durationCode": "1000023591111111",
            "grouper": "000.000",
            "percent": "000.00",
            "optativeOne": " ",
            "sent": " ",
            "action": "F",
            "binCode": "",
            "messagePsg": ""
        },
        {
            "lineNumber": "2",
            "folio": "  50862554",
            "itemCategory": " 1",
            "type": "03",
            "startDate": "20250730",
            "endDate": "20250811",
            "itemSku": "   7502233111049",
            "category": "",
            "providerType": "0",
            "requiredQuantity": "000.000",
            "discount": "00000.000",
            "discountType": " ",
            "optative": " ",
            "description": "PB Cereales Siprecio 2x$50              ",
            "itemSubcategory": "",
            "itemSegment": "",
            "itemSubsegment": "",
            "durationCode": "1000023591111111",
            "grouper": "000.000",
            "percent": "000.00",
            "optativeOne": " ",
            "sent": " ",
            "action": "F",
            "binCode": "",
            "messagePsg": ""
        },
        {
            "lineNumber": "3",
            "folio": "  50862554",
            "itemCategory": " 1",
            "type": "03",
            "startDate": "20250730",
            "endDate": "20250811",
            "itemSku": "   7502294223712",
            "category": "",
            "providerType": "0",
            "requiredQuantity": "000.000",
            "discount": "00000.000",
            "discountType": " ",
            "optative": " ",
            "description": "PB Cereales Siprecio 2x$50              ",
            "itemSubcategory": "",
            "itemSegment": "",
            "itemSubsegment": "",
            "durationCode": "1000023591111111",
            "grouper": "000.000",
            "percent": "000.00",
            "optativeOne": " ",
            "sent": " ",
            "action": "F",
            "binCode": "",
            "messagePsg": ""
        },
        {
            "lineNumber": "4",
            "folio": "  50862554",
            "itemCategory": " 1",
            "type": "03",
            "startDate": "20250730",
            "endDate": "20250811",
            "itemSku": "   7502294223736",
            "category": "",
            "providerType": "0",
            "requiredQuantity": "000.000",
            "discount": "00000.000",
            "discountType": " ",
            "optative": " ",
            "description": "PB Cereales Siprecio 2x$50              ",
            "itemSubcategory": "",
            "itemSegment": "",
            "itemSubsegment": "",
            "durationCode": "1000023591111111",
            "grouper": "000.000",
            "percent": "000.00",
            "optativeOne": " ",
            "sent": " ",
            "action": "F",
            "binCode": "",
            "messagePsg": ""
        },
        {
            "lineNumber": "5",
            "folio": "  50862554",
            "itemCategory": " 1",
            "type": "03",
            "startDate": "20250730",
            "endDate": "20250811",
            "itemSku": "   7502294223729",
            "category": "",
            "providerType": "0",
            "requiredQuantity": "000.000",
            "discount": "00000.000",
            "discountType": " ",
            "optative": " ",
            "description": "PB Cereales Siprecio 2x$50              ",
            "itemSubcategory": "",
            "itemSegment": "",
            "itemSubsegment": "",
            "durationCode": "1000023591111111",
            "grouper": "000.000",
            "percent": "000.00",
            "optativeOne": " ",
            "sent": " ",
            "action": "F",
            "binCode": "",
            "messagePsg": ""
        },
        {
            "lineNumber": "6",
            "folio": "  50862554",
            "itemCategory": " 1",
            "type": "03",
            "startDate": "20250730",
            "endDate": "20250811",
            "itemSku": "   7502294223743",
            "category": "",
            "providerType": "0",
            "requiredQuantity": "000.000",
            "discount": "00000.000",
            "discountType": " ",
            "optative": " ",
            "description": "PB Cereales Siprecio 2x$50              ",
            "itemSubcategory": "",
            "itemSegment": "",
            "itemSubsegment": "",
            "durationCode": "1000023591111111",
            "grouper": "000.000",
            "percent": "000.00",
            "optativeOne": " ",
            "sent": " ",
            "action": "F",
            "binCode": "",
            "messagePsg": ""
        },
        {
            "lineNumber": "7",
            "folio": "  51038701",
            "itemCategory": " 1",
            "type": "03",
            "startDate": "20250730",
            "endDate": "20250811",
            "itemSku": "   7509546687353",
            "category": "",
            "providerType": "0",
            "requiredQuantity": "000.000",
            "discount": "00000.000",
            "discountType": " ",
            "optative": " ",
            "description": "RYC B08 2025                            ",
            "itemSubcategory": "",
            "itemSegment": "",
            "itemSubsegment": "",
            "durationCode": "1000023591111111",
            "grouper": "000.000",
            "percent": "000.00",
            "optativeOne": " ",
            "sent": " ",
            "action": "F",
            "binCode": "",
            "messagePsg": ""
        },
        {
            "lineNumber": "8",
            "folio": "  51038711",
            "itemCategory": " 1",
            "type": "03",
            "startDate": "20250730",
            "endDate": "20250811",
            "itemSku": "   7501019060502",
            "category": "",
            "providerType": "0",
            "requiredQuantity": "000.000",
            "discount": "00000.000",
            "discountType": " ",
            "optative": " ",
            "description": "RYC B08 2025                            ",
            "itemSubcategory": "",
            "itemSegment": "",
            "itemSubsegment": "",
            "durationCode": "1000023591111111",
            "grouper": "000.000",
            "percent": "000.00",
            "optativeOne": " ",
            "sent": " ",
            "action": "F",
            "binCode": "",
            "messagePsg": ""
        },
        {
            "lineNumber": "9",
            "folio": "  51038733",
            "itemCategory": " 1",
            "type": "03",
            "startDate": "20250730",
            "endDate": "20250811",
            "itemSku": "   7501031302819",
            "category": "",
            "providerType": "0",
            "requiredQuantity": "000.000",
            "discount": "00000.000",
            "discountType": " ",
            "optative": " ",
            "description": "RYC B08 2025                            ",
            "itemSubcategory": "",
            "itemSegment": "",
            "itemSubsegment": "",
            "durationCode": "1000023591111111",
            "grouper": "000.000",
            "percent": "000.00",
            "optativeOne": " ",
            "sent": " ",
            "action": "F",
            "binCode": "",
            "messagePsg": ""
        },
        {
            "lineNumber": "10",
            "folio": "  51044458",
            "itemCategory": " 1",
            "type": "03",
            "startDate": "20250730",
            "endDate": "20250811",
            "itemSku": "   7502294220964",
            "category": "",
            "providerType": "0",
            "requiredQuantity": "000.000",
            "discount": "00000.000",
            "discountType": " ",
            "optative": " ",
            "description": "PSP SIMPLES NACIONAL B08                ",
            "itemSubcategory": "",
            "itemSegment": "",
            "itemSubsegment": "",
            "durationCode": "1000023591111111",
            "grouper": "000.000",
            "percent": "000.00",
            "optativeOne": " ",
            "sent": " ",
            "action": "F",
            "binCode": "",
            "messagePsg": ""
        },
        {
            "lineNumber": "11",
            "folio": "  51044459",
            "itemCategory": " 1",
            "type": "03",
            "startDate": "20250730",
            "endDate": "20250811",
            "itemSku": "   7502294220957",
            "category": "",
            "providerType": "0",
            "requiredQuantity": "000.000",
            "discount": "00000.000",
            "discountType": " ",
            "optative": " ",
            "description": "PSP SIMPLES NACIONAL B08                ",
            "itemSubcategory": "",
            "itemSegment": "",
            "itemSubsegment": "",
            "durationCode": "1000023591111111",
            "grouper": "000.000",
            "percent": "000.00",
            "optativeOne": " ",
            "sent": " ",
            "action": "F",
            "binCode": "",
            "messagePsg": ""
        },
        {
            "lineNumber": "12",
            "folio": "  51044462",
            "itemCategory": " 1",
            "type": "03",
            "startDate": "20250730",
            "endDate": "20250811",
            "itemSku": "   7502294220971",
            "category": "",
            "providerType": "0",
            "requiredQuantity": "000.000",
            "discount": "00000.000",
            "discountType": " ",
            "optative": " ",
            "description": "PSP SIMPLES NACIONAL B08                ",
            "itemSubcategory": "",
            "itemSegment": "",
            "itemSubsegment": "",
            "durationCode": "1000023591111111",
            "grouper": "000.000",
            "percent": "000.00",
            "optativeOne": " ",
            "sent": " ",
            "action": "F",
            "binCode": "",
            "messagePsg": ""
        }
    ]
}