{
    "organizationCountry": "MX",
    "organizationName": "FEMSA Comercio",
    "businessName": "OXXO",
    "departmentId": "12NEO",
    "storeId": "52DUG",
    "numberOfRecords": "13",
    "searchId": "000000000000000000000000",
    "searchDate": "2025-08-20 15:11:39",
    "promotions": [
        {
            "lineNumber": "1",
            "folio": "  51062336",
            "itemCategory": " 1",
            "type": "02",
            "startDate": "20250821",
            "endDate": "20250831",
            "itemSku": "   7501064191909",
            "category": "",
            "providerType": "0",
            "requiredQuantity": "002.000",
            "discount": "00085.000",
            "discountType": "F",
            "optative": "1",
            "description": "PB MEGA                                 ",
            "itemSubcategory": "",
            "itemSegment": "",
            "itemSubsegment": "",
            "durationCode": "1000023591111111",
            "grouper": "001.000",
            "percent": "000.00",
            "optativeOne": " ",
            "sent": " ",
            "action": "A",
            "binCode": "",
            "messagePsg": ""
        },
        {
            "lineNumber": "2",
            "folio": "  51062336",
            "itemCategory": " 1",
            "type": "02",
            "startDate": "20250821",
            "endDate": "20250831",
            "itemSku": "   7501064101205",
            "category": "",
            "providerType": "0",
            "requiredQuantity": "002.000",
            "discount": "00085.000",
            "discountType": "F",
            "optative": "1",
            "description": "PB MEGA                                 ",
            "itemSubcategory": "",
            "itemSegment": "",
            "itemSubsegment": "",
            "durationCode": "1000023591111111",
            "grouper": "001.000",
            "percent": "000.00",
            "optativeOne": " ",
            "sent": " ",
            "action": "A",
            "binCode": "",
            "messagePsg": ""
        },
        {
            "lineNumber": "3",
            "folio": "  51062345",
            "itemCategory": " 1",
            "type": "00",
            "startDate": "20250821",
            "endDate": "20250831",
            "itemSku": "   7501064101205",
            "category": "",
            "providerType": "0",
            "requiredQuantity": "002.000",
            "discount": "00098.000",
            "discountType": "F",
            "optative": "1",
            "description": "PB MEGA 2 + envs                        ",
            "itemSubcategory": "",
            "itemSegment": "",
            "itemSubsegment": "",
            "durationCode": "1000023591111111",
            "grouper": "002.000",
            "percent": "000.00",
            "optativeOne": " ",
            "sent": " ",
            "action": "A",
            "binCode": "",
            "messagePsg": ""
        },
        {
            "lineNumber": "4",
            "folio": "  51062345",
            "itemCategory": " 1",
            "type": "00",
            "startDate": "20250821",
            "endDate": "20250831",
            "itemSku": "   7501064191909",
            "category": "",
            "providerType": "0",
            "requiredQuantity": "002.000",
            "discount": "00098.000",
            "discountType": "F",
            "optative": "1",
            "description": "PB MEGA 2 + envs                        ",
            "itemSubcategory": "",
            "itemSegment": "",
            "itemSubsegment": "",
            "durationCode": "1000023591111111",
            "grouper": "002.000",
            "percent": "000.00",
            "optativeOne": " ",
            "sent": " ",
            "action": "A",
            "binCode": "",
            "messagePsg": ""
        },
        {
            "lineNumber": "5",
            "folio": "  51062345",
            "itemCategory": " 1",
            "type": "00",
            "startDate": "20250821",
            "endDate": "20250831",
            "itemSku": "           23461",
            "category": "",
            "providerType": "0",
            "requiredQuantity": "001.000",
            "discount": "00100.000",
            "discountType": "P",
            "optative": "2",
            "description": "PB MEGA 2 + envs                        ",
            "itemSubcategory": "",
            "itemSegment": "",
            "itemSubsegment": "",
            "durationCode": "1000023591111111",
            "grouper": "002.000",
            "percent": "000.00",
            "optativeOne": " ",
            "sent": " ",
            "action": "A",
            "binCode": "",
            "messagePsg": ""
        },
        {
            "lineNumber": "6",
            "folio": "  51062357",
            "itemCategory": " 1",
            "type": "03",
            "startDate": "20250821",
            "endDate": "20250831",
            "itemSku": "   7501064194214",
            "category": "",
            "providerType": "0",
            "requiredQuantity": "001.000",
            "discount": "00198.000",
            "discountType": "F",
            "optative": " ",
            "description": "PB 12 LIGHT                             ",
            "itemSubcategory": "",
            "itemSegment": "",
            "itemSubsegment": "",
            "durationCode": "1000023591111111",
            "grouper": "000.000",
            "percent": "000.00",
            "optativeOne": " ",
            "sent": " ",
            "action": "A",
            "binCode": "",
            "messagePsg": ""
        },
        {
            "lineNumber": "7",
            "folio": "  51062711",
            "itemCategory": " 1",
            "type": "03",
            "startDate": "20250821",
            "endDate": "20250831",
            "itemSku": "   7503024460452",
            "category": "",
            "providerType": "0",
            "requiredQuantity": "001.000",
            "discount": "00072.000",
            "discountType": "F",
            "optative": " ",
            "description": "PB BARRILITO SIX                        ",
            "itemSubcategory": "",
            "itemSegment": "",
            "itemSubsegment": "",
            "durationCode": "1000023591111111",
            "grouper": "000.000",
            "percent": "000.00",
            "optativeOne": " ",
            "sent": " ",
            "action": "A",
            "binCode": "",
            "messagePsg": ""
        },
        {
            "lineNumber": "8",
            "folio": "  51062726",
            "itemCategory": " 1",
            "type": "02",
            "startDate": "20250821",
            "endDate": "20250831",
            "itemSku": "   7501064194139",
            "category": "",
            "providerType": "0",
            "requiredQuantity": "004.000",
            "discount": "00090.000",
            "discountType": "F",
            "optative": "1",
            "description": "PB LATONES MODELO                       ",
            "itemSubcategory": "",
            "itemSegment": "",
            "itemSubsegment": "",
            "durationCode": "1000023591111111",
            "grouper": "001.000",
            "percent": "000.00",
            "optativeOne": " ",
            "sent": " ",
            "action": "A",
            "binCode": "",
            "messagePsg": ""
        },
        {
            "lineNumber": "9",
            "folio": "  51062726",
            "itemCategory": " 1",
            "type": "02",
            "startDate": "20250821",
            "endDate": "20250831",
            "itemSku": "   7501064193859",
            "category": "",
            "providerType": "0",
            "requiredQuantity": "004.000",
            "discount": "00090.000",
            "discountType": "F",
            "optative": "1",
            "description": "PB LATONES MODELO                       ",
            "itemSubcategory": "",
            "itemSegment": "",
            "itemSubsegment": "",
            "durationCode": "1000023591111111",
            "grouper": "001.000",
            "percent": "000.00",
            "optativeOne": " ",
            "sent": " ",
            "action": "A",
            "binCode": "",
            "messagePsg": ""
        },
        {
            "lineNumber": "10",
            "folio": "  51062726",
            "itemCategory": " 1",
            "type": "02",
            "startDate": "20250821",
            "endDate": "20250831",
            "itemSku": "   7501064194962",
            "category": "",
            "providerType": "0",
            "requiredQuantity": "004.000",
            "discount": "00090.000",
            "discountType": "F",
            "optative": "1",
            "description": "PB LATONES MODELO                       ",
            "itemSubcategory": "",
            "itemSegment": "",
            "itemSubsegment": "",
            "durationCode": "1000023591111111",
            "grouper": "001.000",
            "percent": "000.00",
            "optativeOne": " ",
            "sent": " ",
            "action": "A",
            "binCode": "",
            "messagePsg": ""
        },
        {
            "lineNumber": "11",
            "folio": "  51062735",
            "itemCategory": " 1",
            "type": "02",
            "startDate": "20250821",
            "endDate": "20250831",
            "itemSku": "   7501064107153",
            "category": "",
            "providerType": "0",
            "requiredQuantity": "006.000",
            "discount": "00099.000",
            "discountType": "F",
            "optative": "1",
            "description": "PB SIX LIGHT                            ",
            "itemSubcategory": "",
            "itemSegment": "",
            "itemSubsegment": "",
            "durationCode": "1000023591111111",
            "grouper": "001.000",
            "percent": "000.00",
            "optativeOne": " ",
            "sent": " ",
            "action": "A",
            "binCode": "",
            "messagePsg": ""
        },
        {
            "lineNumber": "12",
            "folio": "  51062743",
            "itemCategory": " 1",
            "type": "02",
            "startDate": "20250821",
            "endDate": "20250831",
            "itemSku": "   7501064198168",
            "category": "",
            "providerType": "0",
            "requiredQuantity": "006.000",
            "discount": "00125.000",
            "discountType": "F",
            "optative": "1",
            "description": "PB SIX NR ULTRA                         ",
            "itemSubcategory": "",
            "itemSegment": "",
            "itemSubsegment": "",
            "durationCode": "1000023591111111",
            "grouper": "001.000",
            "percent": "000.00",
            "optativeOne": " ",
            "sent": " ",
            "action": "A",
            "binCode": "",
            "messagePsg": ""
        },
        {
            "lineNumber": "13",
            "folio": "  51062747",
            "itemCategory": " 1",
            "type": "03",
            "startDate": "20250821",
            "endDate": "20250831",
            "itemSku": "   7501064120268",
            "category": "",
            "providerType": "0",
            "requiredQuantity": "001.000",
            "discount": "00236.000",
            "discountType": "F",
            "optative": " ",
            "description": "PB 12 MODELO                            ",
            "itemSubcategory": "",
            "itemSegment": "",
            "itemSubsegment": "",
            "durationCode": "1000023591111111",
            "grouper": "000.000",
            "percent": "000.00",
            "optativeOne": " ",
            "sent": " ",
            "action": "A",
            "binCode": "",
            "messagePsg": ""
        }
    ]
}