{
    "organizationCountry": "MX",
    "organizationName": "FEMSA Comercio",
    "businessName": "OXXO",
    "departmentId": "12NEO",
    "storeId": "52DUG",
    "numberOfRecords": "6",
    "searchId": "000000000000000000000000",
    "searchDate": "2025-07-31 22:33:17",
    "promotions": [
        {
            "lineNumber": "1",
            "folio": "  51046808",
            "itemCategory": " 1",
            "type": "02",
            "startDate": "20250801",
            "endDate": "20250902",
            "itemSku": "   7501125104268",
            "category": "",
            "providerType": "0",
            "requiredQuantity": "003.000",
            "discount": "00060.000",
            "discountType": "F",
            "optative": "1",
            "description": "PB ELECTROLIT                           ",
            "itemSubcategory": "",
            "itemSegment": "",
            "itemSubsegment": "",
            "durationCode": "1000023591111111",
            "grouper": "001.000",
            "percent": "000.00",
            "optativeOne": " ",
            "sent": " ",
            "action": "A",
            "binCode": "",
            "messagePsg": ""
        },
        {
            "lineNumber": "2",
            "folio": "  51046808",
            "itemCategory": " 1",
            "type": "02",
            "startDate": "20250801",
            "endDate": "20250902",
            "itemSku": "   7501125118562",
            "category": "",
            "providerType": "0",
            "requiredQuantity": "003.000",
            "discount": "00060.000",
            "discountType": "F",
            "optative": "1",
            "description": "PB ELECTROLIT                           ",
            "itemSubcategory": "",
            "itemSegment": "",
            "itemSubsegment": "",
            "durationCode": "1000023591111111",
            "grouper": "001.000",
            "percent": "000.00",
            "optativeOne": " ",
            "sent": " ",
            "action": "A",
            "binCode": "",
            "messagePsg": ""
        },
        {
            "lineNumber": "3",
            "folio": "  51046808",
            "itemCategory": " 1",
            "type": "02",
            "startDate": "20250801",
            "endDate": "20250902",
            "itemSku": "   7501125104411",
            "category": "",
            "providerType": "0",
            "requiredQuantity": "003.000",
            "discount": "00060.000",
            "discountType": "F",
            "optative": "1",
            "description": "PB ELECTROLIT                           ",
            "itemSubcategory": "",
            "itemSegment": "",
            "itemSubsegment": "",
            "durationCode": "1000023591111111",
            "grouper": "001.000",
            "percent": "000.00",
            "optativeOne": " ",
            "sent": " ",
            "action": "A",
            "binCode": "",
            "messagePsg": ""
        },
        {
            "lineNumber": "4",
            "folio": "  51046808",
            "itemCategory": " 1",
            "type": "02",
            "startDate": "20250801",
            "endDate": "20250902",
            "itemSku": "   7501125174797",
            "category": "",
            "providerType": "0",
            "requiredQuantity": "003.000",
            "discount": "00060.000",
            "discountType": "F",
            "optative": "1",
            "description": "PB ELECTROLIT                           ",
            "itemSubcategory": "",
            "itemSegment": "",
            "itemSubsegment": "",
            "durationCode": "1000023591111111",
            "grouper": "001.000",
            "percent": "000.00",
            "optativeOne": " ",
            "sent": " ",
            "action": "A",
            "binCode": "",
            "messagePsg": ""
        },
        {
            "lineNumber": "5",
            "folio": "  51046808",
            "itemCategory": " 1",
            "type": "02",
            "startDate": "20250801",
            "endDate": "20250902",
            "itemSku": "   7501125104688",
            "category": "",
            "providerType": "0",
            "requiredQuantity": "003.000",
            "discount": "00060.000",
            "discountType": "F",
            "optative": "1",
            "description": "PB ELECTROLIT                           ",
            "itemSubcategory": "",
            "itemSegment": "",
            "itemSubsegment": "",
            "durationCode": "1000023591111111",
            "grouper": "001.000",
            "percent": "000.00",
            "optativeOne": " ",
            "sent": " ",
            "action": "A",
            "binCode": "",
            "messagePsg": ""
        },
        {
            "lineNumber": "6",
            "folio": "  51046808",
            "itemCategory": " 1",
            "type": "02",
            "startDate": "20250801",
            "endDate": "20250902",
            "itemSku": "   7501125144851",
            "category": "",
            "providerType": "0",
            "requiredQuantity": "003.000",
            "discount": "00060.000",
            "discountType": "F",
            "optative": "1",
            "description": "PB ELECTROLIT                           ",
            "itemSubcategory": "",
            "itemSegment": "",
            "itemSubsegment": "",
            "durationCode": "1000023591111111",
            "grouper": "001.000",
            "percent": "000.00",
            "optativeOne": " ",
            "sent": " ",
            "action": "A",
            "binCode": "",
            "messagePsg": ""
        }
    ]
}