{
    "organizationCountry": "MX",
    "organizationName": "FEMSA Comercio",
    "businessName": "OXXO",
    "departmentId": "12NEO",
    "storeId": "52DUG",
    "numberOfRecords": "22",
    "searchId": "000000000000000000000000",
    "searchDate": "2025-08-21 14:50:38",
    "promotions": [
        {
            "lineNumber": "1",
            "folio": "  51038703",
            "itemCategory": " 1",
            "type": "03",
            "startDate": "20250730",
            "endDate": "20250821",
            "itemSku": "   7501039122181",
            "category": "",
            "providerType": "0",
            "requiredQuantity": "000.000",
            "discount": "00000.000",
            "discountType": " ",
            "optative": " ",
            "description": "RYC B08 2025                            ",
            "itemSubcategory": "",
            "itemSegment": "",
            "itemSubsegment": "",
            "durationCode": "1000023591111111",
            "grouper": "000.000",
            "percent": "000.00",
            "optativeOne": " ",
            "sent": " ",
            "action": "F",
            "binCode": "",
            "messagePsg": ""
        },
        {
            "lineNumber": "2",
            "folio": "  51038704",
            "itemCategory": " 1",
            "type": "03",
            "startDate": "20250730",
            "endDate": "20250821",
            "itemSku": "   7500383162195",
            "category": "",
            "providerType": "0",
            "requiredQuantity": "000.000",
            "discount": "00000.000",
            "discountType": " ",
            "optative": " ",
            "description": "RYC B08 2025                            ",
            "itemSubcategory": "",
            "itemSegment": "",
            "itemSubsegment": "",
            "durationCode": "1000023591111111",
            "grouper": "000.000",
            "percent": "000.00",
            "optativeOne": " ",
            "sent": " ",
            "action": "F",
            "binCode": "",
            "messagePsg": ""
        },
        {
            "lineNumber": "3",
            "folio": "  51038707",
            "itemCategory": " 1",
            "type": "03",
            "startDate": "20250730",
            "endDate": "20250821",
            "itemSku": "   7500478013739",
            "category": "",
            "providerType": "0",
            "requiredQuantity": "000.000",
            "discount": "00000.000",
            "discountType": " ",
            "optative": " ",
            "description": "RYC B08 2025                            ",
            "itemSubcategory": "",
            "itemSegment": "",
            "itemSubsegment": "",
            "durationCode": "1000023591111111",
            "grouper": "000.000",
            "percent": "000.00",
            "optativeOne": " ",
            "sent": " ",
            "action": "F",
            "binCode": "",
            "messagePsg": ""
        },
        {
            "lineNumber": "4",
            "folio": "  51038708",
            "itemCategory": " 1",
            "type": "03",
            "startDate": "20250730",
            "endDate": "20250821",
            "itemSku": "   7500383192093",
            "category": "",
            "providerType": "0",
            "requiredQuantity": "000.000",
            "discount": "00000.000",
            "discountType": " ",
            "optative": " ",
            "description": "RYC B08 2025                            ",
            "itemSubcategory": "",
            "itemSegment": "",
            "itemSubsegment": "",
            "durationCode": "1000023591111111",
            "grouper": "000.000",
            "percent": "000.00",
            "optativeOne": " ",
            "sent": " ",
            "action": "F",
            "binCode": "",
            "messagePsg": ""
        },
        {
            "lineNumber": "5",
            "folio": "  51038709",
            "itemCategory": " 1",
            "type": "03",
            "startDate": "20250730",
            "endDate": "20250821",
            "itemSku": "   7501013101942",
            "category": "",
            "providerType": "0",
            "requiredQuantity": "000.000",
            "discount": "00000.000",
            "discountType": " ",
            "optative": " ",
            "description": "RYC B08 2025                            ",
            "itemSubcategory": "",
            "itemSegment": "",
            "itemSubsegment": "",
            "durationCode": "1000023591111111",
            "grouper": "000.000",
            "percent": "000.00",
            "optativeOne": " ",
            "sent": " ",
            "action": "F",
            "binCode": "",
            "messagePsg": ""
        },
        {
            "lineNumber": "6",
            "folio": "  51038710",
            "itemCategory": " 1",
            "type": "03",
            "startDate": "20250730",
            "endDate": "20250821",
            "itemSku": "   7502271157184",
            "category": "",
            "providerType": "0",
            "requiredQuantity": "000.000",
            "discount": "00000.000",
            "discountType": " ",
            "optative": " ",
            "description": "RYC B08 2025                            ",
            "itemSubcategory": "",
            "itemSegment": "",
            "itemSubsegment": "",
            "durationCode": "1000023591111111",
            "grouper": "000.000",
            "percent": "000.00",
            "optativeOne": " ",
            "sent": " ",
            "action": "F",
            "binCode": "",
            "messagePsg": ""
        },
        {
            "lineNumber": "7",
            "folio": "  51038718",
            "itemCategory": " 1",
            "type": "03",
            "startDate": "20250730",
            "endDate": "20250821",
            "itemSku": "   8445290925299",
            "category": "",
            "providerType": "0",
            "requiredQuantity": "000.000",
            "discount": "00000.000",
            "discountType": " ",
            "optative": " ",
            "description": "RYC B08 2025                            ",
            "itemSubcategory": "",
            "itemSegment": "",
            "itemSubsegment": "",
            "durationCode": "1000023591111111",
            "grouper": "000.000",
            "percent": "000.00",
            "optativeOne": " ",
            "sent": " ",
            "action": "F",
            "binCode": "",
            "messagePsg": ""
        },
        {
            "lineNumber": "8",
            "folio": "  51038727",
            "itemCategory": " 1",
            "type": "03",
            "startDate": "20250730",
            "endDate": "20250821",
            "itemSku": "   7500478022496",
            "category": "",
            "providerType": "0",
            "requiredQuantity": "000.000",
            "discount": "00000.000",
            "discountType": " ",
            "optative": " ",
            "description": "RYC B08 2025                            ",
            "itemSubcategory": "",
            "itemSegment": "",
            "itemSubsegment": "",
            "durationCode": "1000023591111111",
            "grouper": "000.000",
            "percent": "000.00",
            "optativeOne": " ",
            "sent": " ",
            "action": "F",
            "binCode": "",
            "messagePsg": ""
        },
        {
            "lineNumber": "9",
            "folio": "  51038755",
            "itemCategory": " 1",
            "type": "03",
            "startDate": "20250730",
            "endDate": "20250821",
            "itemSku": "    735257003947",
            "category": "",
            "providerType": "0",
            "requiredQuantity": "000.000",
            "discount": "00000.000",
            "discountType": " ",
            "optative": " ",
            "description": "RYC B08 2025                            ",
            "itemSubcategory": "",
            "itemSegment": "",
            "itemSubsegment": "",
            "durationCode": "1000023591111111",
            "grouper": "000.000",
            "percent": "000.00",
            "optativeOne": " ",
            "sent": " ",
            "action": "F",
            "binCode": "",
            "messagePsg": ""
        },
        {
            "lineNumber": "10",
            "folio": "  51038756",
            "itemCategory": " 1",
            "type": "03",
            "startDate": "20250730",
            "endDate": "20250821",
            "itemSku": "   7506475114998",
            "category": "",
            "providerType": "0",
            "requiredQuantity": "000.000",
            "discount": "00000.000",
            "discountType": " ",
            "optative": " ",
            "description": "RYC B08 2025                            ",
            "itemSubcategory": "",
            "itemSegment": "",
            "itemSubsegment": "",
            "durationCode": "1000023591111111",
            "grouper": "000.000",
            "percent": "000.00",
            "optativeOne": " ",
            "sent": " ",
            "action": "F",
            "binCode": "",
            "messagePsg": ""
        },
        {
            "lineNumber": "11",
            "folio": "  51038757",
            "itemCategory": " 1",
            "type": "03",
            "startDate": "20250730",
            "endDate": "20250821",
            "itemSku": "   7506475101356",
            "category": "",
            "providerType": "0",
            "requiredQuantity": "000.000",
            "discount": "00000.000",
            "discountType": " ",
            "optative": " ",
            "description": "RYC B08 2025                            ",
            "itemSubcategory": "",
            "itemSegment": "",
            "itemSubsegment": "",
            "durationCode": "1000023591111111",
            "grouper": "000.000",
            "percent": "000.00",
            "optativeOne": " ",
            "sent": " ",
            "action": "F",
            "binCode": "",
            "messagePsg": ""
        },
        {
            "lineNumber": "12",
            "folio": "  51038758",
            "itemCategory": " 1",
            "type": "03",
            "startDate": "20250730",
            "endDate": "20250821",
            "itemSku": "   7501017003020",
            "category": "",
            "providerType": "0",
            "requiredQuantity": "000.000",
            "discount": "00000.000",
            "discountType": " ",
            "optative": " ",
            "description": "RYC B08 2025                            ",
            "itemSubcategory": "",
            "itemSegment": "",
            "itemSubsegment": "",
            "durationCode": "1000023591111111",
            "grouper": "000.000",
            "percent": "000.00",
            "optativeOne": " ",
            "sent": " ",
            "action": "F",
            "binCode": "",
            "messagePsg": ""
        },
        {
            "lineNumber": "13",
            "folio": "  51038763",
            "itemCategory": " 1",
            "type": "03",
            "startDate": "20250730",
            "endDate": "20250821",
            "itemSku": "   7501003311450",
            "category": "",
            "providerType": "0",
            "requiredQuantity": "000.000",
            "discount": "00000.000",
            "discountType": " ",
            "optative": " ",
            "description": "RYC B08 2025                            ",
            "itemSubcategory": "",
            "itemSegment": "",
            "itemSubsegment": "",
            "durationCode": "1000023591111111",
            "grouper": "000.000",
            "percent": "000.00",
            "optativeOne": " ",
            "sent": " ",
            "action": "F",
            "binCode": "",
            "messagePsg": ""
        },
        {
            "lineNumber": "14",
            "folio": "  51038768",
            "itemCategory": " 1",
            "type": "03",
            "startDate": "20250730",
            "endDate": "20250821",
            "itemSku": "   7501090544670",
            "category": "",
            "providerType": "0",
            "requiredQuantity": "000.000",
            "discount": "00000.000",
            "discountType": " ",
            "optative": " ",
            "description": "RYC B08 2025                            ",
            "itemSubcategory": "",
            "itemSegment": "",
            "itemSubsegment": "",
            "durationCode": "1000023591111111",
            "grouper": "000.000",
            "percent": "000.00",
            "optativeOne": " ",
            "sent": " ",
            "action": "F",
            "binCode": "",
            "messagePsg": ""
        },
        {
            "lineNumber": "15",
            "folio": "  51038769",
            "itemCategory": " 1",
            "type": "03",
            "startDate": "20250730",
            "endDate": "20250821",
            "itemSku": "   7622210267818",
            "category": "",
            "providerType": "0",
            "requiredQuantity": "000.000",
            "discount": "00000.000",
            "discountType": " ",
            "optative": " ",
            "description": "RYC B08 2025                            ",
            "itemSubcategory": "",
            "itemSegment": "",
            "itemSubsegment": "",
            "durationCode": "1000023591111111",
            "grouper": "000.000",
            "percent": "000.00",
            "optativeOne": " ",
            "sent": " ",
            "action": "F",
            "binCode": "",
            "messagePsg": ""
        },
        {
            "lineNumber": "16",
            "folio": "  51038770",
            "itemCategory": " 1",
            "type": "03",
            "startDate": "20250730",
            "endDate": "20250821",
            "itemSku": "   7501003123237",
            "category": "",
            "providerType": "0",
            "requiredQuantity": "000.000",
            "discount": "00000.000",
            "discountType": " ",
            "optative": " ",
            "description": "RYC B08 2025                            ",
            "itemSubcategory": "",
            "itemSegment": "",
            "itemSubsegment": "",
            "durationCode": "1000023591111111",
            "grouper": "000.000",
            "percent": "000.00",
            "optativeOne": " ",
            "sent": " ",
            "action": "F",
            "binCode": "",
            "messagePsg": ""
        },
        {
            "lineNumber": "17",
            "folio": "  51038771",
            "itemCategory": " 1",
            "type": "03",
            "startDate": "20250730",
            "endDate": "20250821",
            "itemSku": "   7501000278404",
            "category": "",
            "providerType": "0",
            "requiredQuantity": "000.000",
            "discount": "00000.000",
            "discountType": " ",
            "optative": " ",
            "description": "RYC B08 2025                            ",
            "itemSubcategory": "",
            "itemSegment": "",
            "itemSubsegment": "",
            "durationCode": "1000023591111111",
            "grouper": "000.000",
            "percent": "000.00",
            "optativeOne": " ",
            "sent": " ",
            "action": "F",
            "binCode": "",
            "messagePsg": ""
        },
        {
            "lineNumber": "18",
            "folio": "  51038772",
            "itemCategory": " 1",
            "type": "03",
            "startDate": "20250730",
            "endDate": "20250821",
            "itemSku": "   7501008042984",
            "category": "",
            "providerType": "0",
            "requiredQuantity": "000.000",
            "discount": "00000.000",
            "discountType": " ",
            "optative": " ",
            "description": "RYC B08 2025                            ",
            "itemSubcategory": "",
            "itemSegment": "",
            "itemSubsegment": "",
            "durationCode": "1000023591111111",
            "grouper": "000.000",
            "percent": "000.00",
            "optativeOne": " ",
            "sent": " ",
            "action": "F",
            "binCode": "",
            "messagePsg": ""
        },
        {
            "lineNumber": "19",
            "folio": "  51038773",
            "itemCategory": " 1",
            "type": "03",
            "startDate": "20250730",
            "endDate": "20250821",
            "itemSku": "   7501008066560",
            "category": "",
            "providerType": "0",
            "requiredQuantity": "000.000",
            "discount": "00000.000",
            "discountType": " ",
            "optative": " ",
            "description": "RYC B08 2025                            ",
            "itemSubcategory": "",
            "itemSegment": "",
            "itemSubsegment": "",
            "durationCode": "1000023591111111",
            "grouper": "000.000",
            "percent": "000.00",
            "optativeOne": " ",
            "sent": " ",
            "action": "F",
            "binCode": "",
            "messagePsg": ""
        },
        {
            "lineNumber": "20",
            "folio": "  51038774",
            "itemCategory": " 1",
            "type": "03",
            "startDate": "20250730",
            "endDate": "20250821",
            "itemSku": "   8076809531351",
            "category": "",
            "providerType": "0",
            "requiredQuantity": "000.000",
            "discount": "00000.000",
            "discountType": " ",
            "optative": " ",
            "description": "RYC B08 2025                            ",
            "itemSubcategory": "",
            "itemSegment": "",
            "itemSubsegment": "",
            "durationCode": "1000023591111111",
            "grouper": "000.000",
            "percent": "000.00",
            "optativeOne": " ",
            "sent": " ",
            "action": "F",
            "binCode": "",
            "messagePsg": ""
        },
        {
            "lineNumber": "21",
            "folio": "  51038775",
            "itemCategory": " 1",
            "type": "03",
            "startDate": "20250730",
            "endDate": "20250821",
            "itemSku": "   8076809578387",
            "category": "",
            "providerType": "0",
            "requiredQuantity": "000.000",
            "discount": "00000.000",
            "discountType": " ",
            "optative": " ",
            "description": "RYC B08 2025                            ",
            "itemSubcategory": "",
            "itemSegment": "",
            "itemSubsegment": "",
            "durationCode": "1000023591111111",
            "grouper": "000.000",
            "percent": "000.00",
            "optativeOne": " ",
            "sent": " ",
            "action": "F",
            "binCode": "",
            "messagePsg": ""
        },
        {
            "lineNumber": "22",
            "folio": "  51051815",
            "itemCategory": " 1",
            "type": "03",
            "startDate": "20250801",
            "endDate": "20250821",
            "itemSku": "    766324303509",
            "category": "",
            "providerType": "0",
            "requiredQuantity": "000.000",
            "discount": "00000.000",
            "discountType": " ",
            "optative": " ",
            "description": "RYC B08 2025                            ",
            "itemSubcategory": "",
            "itemSegment": "",
            "itemSubsegment": "",
            "durationCode": "1000023591111111",
            "grouper": "000.000",
            "percent": "000.00",
            "optativeOne": " ",
            "sent": " ",
            "action": "F",
            "binCode": "",
            "messagePsg": ""
        }
    ]
}