{
    "organizationCountry": "MX",
    "organizationName": "FEMSA Comercio",
    "businessName": "OXXO",
    "departmentId": "12NEO",
    "storeId": "52RSW",
    "numberOfRecords": "3",
    "searchId": "000000000000000000000000",
    "searchDate": "2024-11-01 14:50:22",
    "promotions": [
        {
            "lineNumber": "1",
            "folio": "  19705373",
            "itemCategory": " 1",
            "type": "00",
            "startDate": "19900101",
            "endDate": "20241031",
            "itemSku": "   7501064191909",
            "category": "",
            "providerType": "0",
            "requiredQuantity": "002.000",
            "discount": "00087.000",
            "discountType": "F",
            "optative": "1",
            "description": "Corona Extra o Victoria 1.2L 2x$87      ",
            "itemSubcategory": "    ",
            "itemSegment": "    ",
            "itemSubsegment": "    ",
            "durationCode": "1000023591111111",
            "grouper": "000.000",
            "percent": "000.00",
            "optativeOne": " ",
            "sent": " ",
            "action": "F",
            "binCode": "",
            "messagePsg": ""
        },
        {
            "lineNumber": "2",
            "folio": "  19705373",
            "itemCategory": " 1",
            "type": "00",
            "startDate": "19900101",
            "endDate": "20241031",
            "itemSku": "   7501064101205",
            "category": "",
            "providerType": "0",
            "requiredQuantity": "002.000",
            "discount": "00087.000",
            "discountType": "F",
            "optative": "1",
            "description": "Corona Extra o Victoria 1.2L 2x$87      ",
            "itemSubcategory": "    ",
            "itemSegment": "    ",
            "itemSubsegment": "    ",
            "durationCode": "1000023591111111",
            "grouper": "000.000",
            "percent": "000.00",
            "optativeOne": " ",
            "sent": " ",
            "action": "F",
            "binCode": "",
            "messagePsg": ""
        },
        {
            "lineNumber": "3",
            "folio": "  19705379",
            "itemCategory": " 1",
            "type": "00",
            "startDate": "19900101",
            "endDate": "20241031",
            "itemSku": "        75027278",
            "category": "",
            "providerType": "0",
            "requiredQuantity": "006.000",
            "discount": "00135.000",
            "discountType": "F",
            "optative": "1",
            "description": "Cerveza Modelo EB 355 ml 6x$135         ",
            "itemSubcategory": "    ",
            "itemSegment": "    ",
            "itemSubsegment": "    ",
            "durationCode": "1000023591111111",
            "grouper": "000.000",
            "percent": "000.00",
            "optativeOne": " ",
            "sent": " ",
            "action": "F",
            "binCode": "",
            "messagePsg": ""
        }
    ]
}