{
    "organizationCountry": "MX",
    "organizationName": "FEMSA Comercio",
    "businessName": "OXXO",
    "departmentId": "12NEO",
    "storeId": "52RSW",
    "numberOfRecords": "3",
    "searchId": "000000000000000000000000",
    "searchDate": "2024-11-14 13:51:49",
    "promotions": [
        {
            "lineNumber": "1",
            "folio": "  19705973",
            "itemCategory": " 1",
            "type": "00",
            "startDate": "20241114",
            "endDate": "20241203",
            "itemSku": "   7501055333868",
            "category": "",
            "providerType": "0",
            "requiredQuantity": "002.000",
            "discount": "00040.000",
            "discountType": "F",
            "optative": "1",
            "description": "PB 221853 Valle 1L 2X$40                ",
            "itemSubcategory": "    ",
            "itemSegment": "    ",
            "itemSubsegment": "    ",
            "durationCode": "1000023591111111",
            "grouper": "001.000",
            "percent": "000.00",
            "optativeOne": " ",
            "sent": " ",
            "action": "A",
            "binCode": "",
            "messagePsg": ""
        },
        {
            "lineNumber": "2",
            "folio": "  19705973",
            "itemCategory": " 1",
            "type": "00",
            "startDate": "20241114",
            "endDate": "20241203",
            "itemSku": "   7501055333844",
            "category": "",
            "providerType": "0",
            "requiredQuantity": "002.000",
            "discount": "00040.000",
            "discountType": "F",
            "optative": "1",
            "description": "PB 221853 Valle 1L 2X$40                ",
            "itemSubcategory": "    ",
            "itemSegment": "    ",
            "itemSubsegment": "    ",
            "durationCode": "1000023591111111",
            "grouper": "001.000",
            "percent": "000.00",
            "optativeOne": " ",
            "sent": " ",
            "action": "A",
            "binCode": "",
            "messagePsg": ""
        },
        {
            "lineNumber": "3",
            "folio": "  19705973",
            "itemCategory": " 1",
            "type": "00",
            "startDate": "20241114",
            "endDate": "20241203",
            "itemSku": "   7501055333851",
            "category": "",
            "providerType": "0",
            "requiredQuantity": "002.000",
            "discount": "00040.000",
            "discountType": "F",
            "optative": "1",
            "description": "PB 221853 Valle 1L 2X$40                ",
            "itemSubcategory": "    ",
            "itemSegment": "    ",
            "itemSubsegment": "    ",
            "durationCode": "1000023591111111",
            "grouper": "001.000",
            "percent": "000.00",
            "optativeOne": " ",
            "sent": " ",
            "action": "A",
            "binCode": "",
            "messagePsg": ""
        }
    ]
}