{
    "organizationCountry": "MX",
    "organizationName": "FEMSA Comercio",
    "businessName": "OXXO",
    "departmentId": "12NEO",
    "storeId": "52RSW",
    "numberOfRecords": "3",
    "searchId": "000000000000000000000000",
    "searchDate": "2025-01-22 13:46:22",
    "promotions": [
        {
            "lineNumber": "1",
            "folio": "  19708015",
            "itemCategory": " 1",
            "type": "00",
            "startDate": "20250108",
            "endDate": "20250204",
            "itemSku": "   7501040092596",
            "category": "",
            "providerType": "0",
            "requiredQuantity": "004.000",
            "discount": "00029.000",
            "discountType": "F",
            "optative": "1",
            "description": "PB 228219 Yopla Mini 4X$29              ",
            "itemSubcategory": "    ",
            "itemSegment": "    ",
            "itemSubsegment": "    ",
            "durationCode": "1000023591111111",
            "grouper": "001.000",
            "percent": "000.00",
            "optativeOne": " ",
            "sent": " ",
            "action": "A",
            "binCode": "",
            "messagePsg": ""
        },
        {
            "lineNumber": "2",
            "folio": "  19709566",
            "itemCategory": " 1",
            "type": "00",
            "startDate": "20250123",
            "endDate": "20250202",
            "itemSku": "   7501064191909",
            "category": "",
            "providerType": "0",
            "requiredQuantity": "002.000",
            "discount": "00089.000",
            "discountType": "F",
            "optative": "1",
            "description": "Corona o Victoria Mega Ret. 1.2L 2x$89  ",
            "itemSubcategory": "    ",
            "itemSegment": "    ",
            "itemSubsegment": "    ",
            "durationCode": "1000023591111111",
            "grouper": "001.000",
            "percent": "000.00",
            "optativeOne": " ",
            "sent": " ",
            "action": "A",
            "binCode": "",
            "messagePsg": ""
        },
        {
            "lineNumber": "3",
            "folio": "  19709566",
            "itemCategory": " 1",
            "type": "00",
            "startDate": "20250123",
            "endDate": "20250202",
            "itemSku": "   7501064101205",
            "category": "",
            "providerType": "0",
            "requiredQuantity": "002.000",
            "discount": "00089.000",
            "discountType": "F",
            "optative": "1",
            "description": "Corona o Victoria Mega Ret. 1.2L 2x$89  ",
            "itemSubcategory": "    ",
            "itemSegment": "    ",
            "itemSubsegment": "    ",
            "durationCode": "1000023591111111",
            "grouper": "001.000",
            "percent": "000.00",
            "optativeOne": " ",
            "sent": " ",
            "action": "A",
            "binCode": "",
            "messagePsg": ""
        }
    ]
}