{
    "organizationCountry": "MX",
    "organizationName": "FEMSA Comercio",
    "businessName": "OXXO",
    "departmentId": "12NEO",
    "storeId": "52RSW",
    "numberOfRecords": "61",
    "searchId": "000000000000000000000000",
    "searchDate": "2024-11-14 20:49:46",
    "promotions": [
        {
            "lineNumber": "1",
            "folio": "  19705979",
            "itemCategory": " 1",
            "type": "03",
            "startDate": "20241115",
            "endDate": "20241203",
            "itemSku": "   7508304660690",
            "category": "",
            "providerType": "0",
            "requiredQuantity": "001.000",
            "discount": "00055.020",
            "discountType": " ",
            "optative": " ",
            "description": "RYC B11 2024                            ",
            "itemSubcategory": "",
            "itemSegment": "",
            "itemSubsegment": "",
            "durationCode": "1000023591111111",
            "grouper": "000.000",
            "percent": "000.00",
            "optativeOne": " ",
            "sent": " ",
            "action": "A",
            "binCode": "",
            "messagePsg": ""
        },
        {
            "lineNumber": "2",
            "folio": "  19705979",
            "itemCategory": " 1",
            "type": "03",
            "startDate": "20241115",
            "endDate": "20241203",
            "itemSku": "   7502247545014",
            "category": "",
            "providerType": "0",
            "requiredQuantity": "001.000",
            "discount": "00002.030",
            "discountType": " ",
            "optative": " ",
            "description": "RYC B11 2024                            ",
            "itemSubcategory": "",
            "itemSegment": "",
            "itemSubsegment": "",
            "durationCode": "1000023591111111",
            "grouper": "000.000",
            "percent": "000.00",
            "optativeOne": " ",
            "sent": " ",
            "action": "A",
            "binCode": "",
            "messagePsg": ""
        },
        {
            "lineNumber": "3",
            "folio": "  19705979",
            "itemCategory": " 1",
            "type": "03",
            "startDate": "20241115",
            "endDate": "20241203",
            "itemSku": "   7501518466195",
            "category": "",
            "providerType": "0",
            "requiredQuantity": "001.000",
            "discount": "00030.010",
            "discountType": " ",
            "optative": " ",
            "description": "RYC B11 2024                            ",
            "itemSubcategory": "",
            "itemSegment": "",
            "itemSubsegment": "",
            "durationCode": "1000023591111111",
            "grouper": "000.000",
            "percent": "000.00",
            "optativeOne": " ",
            "sent": " ",
            "action": "A",
            "binCode": "",
            "messagePsg": ""
        },
        {
            "lineNumber": "4",
            "folio": "  19705979",
            "itemCategory": " 1",
            "type": "03",
            "startDate": "20241115",
            "endDate": "20241203",
            "itemSku": "   7702045554090",
            "category": "",
            "providerType": "0",
            "requiredQuantity": "001.000",
            "discount": "00035.010",
            "discountType": " ",
            "optative": " ",
            "description": "RYC B11 2024                            ",
            "itemSubcategory": "",
            "itemSegment": "",
            "itemSubsegment": "",
            "durationCode": "1000023591111111",
            "grouper": "000.000",
            "percent": "000.00",
            "optativeOne": " ",
            "sent": " ",
            "action": "A",
            "binCode": "",
            "messagePsg": ""
        },
        {
            "lineNumber": "5",
            "folio": "  19705979",
            "itemCategory": " 1",
            "type": "03",
            "startDate": "20241115",
            "endDate": "20241203",
            "itemSku": "   7702045554052",
            "category": "",
            "providerType": "0",
            "requiredQuantity": "001.000",
            "discount": "00035.010",
            "discountType": " ",
            "optative": " ",
            "description": "RYC B11 2024                            ",
            "itemSubcategory": "",
            "itemSegment": "",
            "itemSubsegment": "",
            "durationCode": "1000023591111111",
            "grouper": "000.000",
            "percent": "000.00",
            "optativeOne": " ",
            "sent": " ",
            "action": "A",
            "binCode": "",
            "messagePsg": ""
        },
        {
            "lineNumber": "6",
            "folio": "  19705979",
            "itemCategory": " 1",
            "type": "03",
            "startDate": "20241115",
            "endDate": "20241203",
            "itemSku": "   7503023807296",
            "category": "",
            "providerType": "0",
            "requiredQuantity": "001.000",
            "discount": "00035.020",
            "discountType": " ",
            "optative": " ",
            "description": "RYC B11 2024                            ",
            "itemSubcategory": "",
            "itemSegment": "",
            "itemSubsegment": "",
            "durationCode": "1000023591111111",
            "grouper": "000.000",
            "percent": "000.00",
            "optativeOne": " ",
            "sent": " ",
            "action": "A",
            "binCode": "",
            "messagePsg": ""
        },
        {
            "lineNumber": "7",
            "folio": "  19705979",
            "itemCategory": " 1",
            "type": "03",
            "startDate": "20241115",
            "endDate": "20241203",
            "itemSku": "   7508304660645",
            "category": "",
            "providerType": "0",
            "requiredQuantity": "001.000",
            "discount": "00030.020",
            "discountType": " ",
            "optative": " ",
            "description": "RYC B11 2024                            ",
            "itemSubcategory": "",
            "itemSegment": "",
            "itemSubsegment": "",
            "durationCode": "1000023591111111",
            "grouper": "000.000",
            "percent": "000.00",
            "optativeOne": " ",
            "sent": " ",
            "action": "A",
            "binCode": "",
            "messagePsg": ""
        },
        {
            "lineNumber": "8",
            "folio": "  19705979",
            "itemCategory": " 1",
            "type": "03",
            "startDate": "20241115",
            "endDate": "20241203",
            "itemSku": "   7501017372737",
            "category": "",
            "providerType": "0",
            "requiredQuantity": "001.000",
            "discount": "00095.010",
            "discountType": " ",
            "optative": " ",
            "description": "RYC B11 2024                            ",
            "itemSubcategory": "",
            "itemSegment": "",
            "itemSubsegment": "",
            "durationCode": "1000023591111111",
            "grouper": "000.000",
            "percent": "000.00",
            "optativeOne": " ",
            "sent": " ",
            "action": "A",
            "binCode": "",
            "messagePsg": ""
        },
        {
            "lineNumber": "9",
            "folio": "  19705979",
            "itemCategory": " 1",
            "type": "03",
            "startDate": "20241115",
            "endDate": "20241203",
            "itemSku": "   7501058624130",
            "category": "",
            "providerType": "0",
            "requiredQuantity": "001.000",
            "discount": "00055.020",
            "discountType": " ",
            "optative": " ",
            "description": "RYC B11 2024                            ",
            "itemSubcategory": "",
            "itemSegment": "",
            "itemSubsegment": "",
            "durationCode": "1000023591111111",
            "grouper": "000.000",
            "percent": "000.00",
            "optativeOne": " ",
            "sent": " ",
            "action": "A",
            "binCode": "",
            "messagePsg": ""
        },
        {
            "lineNumber": "10",
            "folio": "  19705980",
            "itemCategory": " 1",
            "type": "03",
            "startDate": "20241115",
            "endDate": "20241203",
            "itemSku": "   7500810020524",
            "category": "",
            "providerType": "0",
            "requiredQuantity": "001.000",
            "discount": "00005.020",
            "discountType": " ",
            "optative": " ",
            "description": "RYC B11 $5.00                           ",
            "itemSubcategory": "",
            "itemSegment": "",
            "itemSubsegment": "",
            "durationCode": "1000023591111111",
            "grouper": "000.000",
            "percent": "000.00",
            "optativeOne": " ",
            "sent": " ",
            "action": "A",
            "binCode": "",
            "messagePsg": ""
        },
        {
            "lineNumber": "11",
            "folio": "  19705980",
            "itemCategory": " 1",
            "type": "03",
            "startDate": "20241115",
            "endDate": "20241203",
            "itemSku": "   7501017005345",
            "category": "",
            "providerType": "0",
            "requiredQuantity": "001.000",
            "discount": "00005.020",
            "discountType": " ",
            "optative": " ",
            "description": "RYC B11 $5.00                           ",
            "itemSubcategory": "",
            "itemSegment": "",
            "itemSubsegment": "",
            "durationCode": "1000023591111111",
            "grouper": "000.000",
            "percent": "000.00",
            "optativeOne": " ",
            "sent": " ",
            "action": "A",
            "binCode": "",
            "messagePsg": ""
        },
        {
            "lineNumber": "12",
            "folio": "  19705980",
            "itemCategory": " 1",
            "type": "03",
            "startDate": "20241115",
            "endDate": "20241203",
            "itemSku": "   7501055343447",
            "category": "",
            "providerType": "0",
            "requiredQuantity": "001.000",
            "discount": "00005.020",
            "discountType": " ",
            "optative": " ",
            "description": "RYC B11 $5.00                           ",
            "itemSubcategory": "",
            "itemSegment": "",
            "itemSubsegment": "",
            "durationCode": "1000023591111111",
            "grouper": "000.000",
            "percent": "000.00",
            "optativeOne": " ",
            "sent": " ",
            "action": "A",
            "binCode": "",
            "messagePsg": ""
        },
        {
            "lineNumber": "13",
            "folio": "  19705981",
            "itemCategory": " 1",
            "type": "03",
            "startDate": "20241115",
            "endDate": "20241203",
            "itemSku": "   7506174502652",
            "category": "",
            "providerType": "0",
            "requiredQuantity": "001.000",
            "discount": "00007.020",
            "discountType": " ",
            "optative": " ",
            "description": "RYC B11 $7.00                           ",
            "itemSubcategory": "",
            "itemSegment": "",
            "itemSubsegment": "",
            "durationCode": "1000023591111111",
            "grouper": "000.000",
            "percent": "000.00",
            "optativeOne": " ",
            "sent": " ",
            "action": "A",
            "binCode": "",
            "messagePsg": ""
        },
        {
            "lineNumber": "14",
            "folio": "  19705981",
            "itemCategory": " 1",
            "type": "03",
            "startDate": "20241115",
            "endDate": "20241203",
            "itemSku": "   7506174502645",
            "category": "",
            "providerType": "0",
            "requiredQuantity": "001.000",
            "discount": "00007.020",
            "discountType": " ",
            "optative": " ",
            "description": "RYC B11 $7.00                           ",
            "itemSubcategory": "",
            "itemSegment": "",
            "itemSubsegment": "",
            "durationCode": "1000023591111111",
            "grouper": "000.000",
            "percent": "000.00",
            "optativeOne": " ",
            "sent": " ",
            "action": "A",
            "binCode": "",
            "messagePsg": ""
        },
        {
            "lineNumber": "15",
            "folio": "  19705981",
            "itemCategory": " 1",
            "type": "03",
            "startDate": "20241115",
            "endDate": "20241203",
            "itemSku": "   7501206901168",
            "category": "",
            "providerType": "0",
            "requiredQuantity": "001.000",
            "discount": "00007.020",
            "discountType": " ",
            "optative": " ",
            "description": "RYC B11 $7.00                           ",
            "itemSubcategory": "",
            "itemSegment": "",
            "itemSubsegment": "",
            "durationCode": "1000023591111111",
            "grouper": "000.000",
            "percent": "000.00",
            "optativeOne": " ",
            "sent": " ",
            "action": "A",
            "binCode": "",
            "messagePsg": ""
        },
        {
            "lineNumber": "16",
            "folio": "  19705981",
            "itemCategory": " 1",
            "type": "03",
            "startDate": "20241115",
            "endDate": "20241203",
            "itemSku": "   7501052420165",
            "category": "",
            "providerType": "0",
            "requiredQuantity": "001.000",
            "discount": "00007.020",
            "discountType": " ",
            "optative": " ",
            "description": "RYC B11 $7.00                           ",
            "itemSubcategory": "",
            "itemSegment": "",
            "itemSubsegment": "",
            "durationCode": "1000023591111111",
            "grouper": "000.000",
            "percent": "000.00",
            "optativeOne": " ",
            "sent": " ",
            "action": "A",
            "binCode": "",
            "messagePsg": ""
        },
        {
            "lineNumber": "17",
            "folio": "  19705981",
            "itemCategory": " 1",
            "type": "03",
            "startDate": "20241115",
            "endDate": "20241203",
            "itemSku": "   7501039400951",
            "category": "",
            "providerType": "0",
            "requiredQuantity": "001.000",
            "discount": "00007.010",
            "discountType": " ",
            "optative": " ",
            "description": "RYC B11 $7.00                           ",
            "itemSubcategory": "",
            "itemSegment": "",
            "itemSubsegment": "",
            "durationCode": "1000023591111111",
            "grouper": "000.000",
            "percent": "000.00",
            "optativeOne": " ",
            "sent": " ",
            "action": "A",
            "binCode": "",
            "messagePsg": ""
        },
        {
            "lineNumber": "18",
            "folio": "  19705981",
            "itemCategory": " 1",
            "type": "03",
            "startDate": "20241115",
            "endDate": "20241203",
            "itemSku": "   7501039400937",
            "category": "",
            "providerType": "0",
            "requiredQuantity": "001.000",
            "discount": "00007.010",
            "discountType": " ",
            "optative": " ",
            "description": "RYC B11 $7.00                           ",
            "itemSubcategory": "",
            "itemSegment": "",
            "itemSubsegment": "",
            "durationCode": "1000023591111111",
            "grouper": "000.000",
            "percent": "000.00",
            "optativeOne": " ",
            "sent": " ",
            "action": "A",
            "binCode": "",
            "messagePsg": ""
        },
        {
            "lineNumber": "19",
            "folio": "  19705981",
            "itemCategory": " 1",
            "type": "03",
            "startDate": "20241115",
            "endDate": "20241203",
            "itemSku": "   7501017004362",
            "category": "",
            "providerType": "0",
            "requiredQuantity": "001.000",
            "discount": "00007.020",
            "discountType": " ",
            "optative": " ",
            "description": "RYC B11 $7.00                           ",
            "itemSubcategory": "",
            "itemSegment": "",
            "itemSubsegment": "",
            "durationCode": "1000023591111111",
            "grouper": "000.000",
            "percent": "000.00",
            "optativeOne": " ",
            "sent": " ",
            "action": "A",
            "binCode": "",
            "messagePsg": ""
        },
        {
            "lineNumber": "20",
            "folio": "  19705981",
            "itemCategory": " 1",
            "type": "03",
            "startDate": "20241115",
            "endDate": "20241203",
            "itemSku": "   7501006733907",
            "category": "",
            "providerType": "0",
            "requiredQuantity": "001.000",
            "discount": "00007.030",
            "discountType": " ",
            "optative": " ",
            "description": "RYC B11 $7.00                           ",
            "itemSubcategory": "",
            "itemSegment": "",
            "itemSubsegment": "",
            "durationCode": "1000023591111111",
            "grouper": "000.000",
            "percent": "000.00",
            "optativeOne": " ",
            "sent": " ",
            "action": "A",
            "binCode": "",
            "messagePsg": ""
        },
        {
            "lineNumber": "21",
            "folio": "  19705981",
            "itemCategory": " 1",
            "type": "03",
            "startDate": "20241115",
            "endDate": "20241203",
            "itemSku": "   7500478013678",
            "category": "",
            "providerType": "0",
            "requiredQuantity": "001.000",
            "discount": "00007.020",
            "discountType": " ",
            "optative": " ",
            "description": "RYC B11 $7.00                           ",
            "itemSubcategory": "",
            "itemSegment": "",
            "itemSubsegment": "",
            "durationCode": "1000023591111111",
            "grouper": "000.000",
            "percent": "000.00",
            "optativeOne": " ",
            "sent": " ",
            "action": "A",
            "binCode": "",
            "messagePsg": ""
        },
        {
            "lineNumber": "22",
            "folio": "  19705981",
            "itemCategory": " 1",
            "type": "03",
            "startDate": "20241115",
            "endDate": "20241203",
            "itemSku": "   7500478013654",
            "category": "",
            "providerType": "0",
            "requiredQuantity": "001.000",
            "discount": "00007.020",
            "discountType": " ",
            "optative": " ",
            "description": "RYC B11 $7.00                           ",
            "itemSubcategory": "",
            "itemSegment": "",
            "itemSubsegment": "",
            "durationCode": "1000023591111111",
            "grouper": "000.000",
            "percent": "000.00",
            "optativeOne": " ",
            "sent": " ",
            "action": "A",
            "binCode": "",
            "messagePsg": ""
        },
        {
            "lineNumber": "23",
            "folio": "  19705981",
            "itemCategory": " 1",
            "type": "03",
            "startDate": "20241115",
            "endDate": "20241203",
            "itemSku": "   7500478008926",
            "category": "",
            "providerType": "0",
            "requiredQuantity": "001.000",
            "discount": "00007.020",
            "discountType": " ",
            "optative": " ",
            "description": "RYC B11 $7.00                           ",
            "itemSubcategory": "",
            "itemSegment": "",
            "itemSubsegment": "",
            "durationCode": "1000023591111111",
            "grouper": "000.000",
            "percent": "000.00",
            "optativeOne": " ",
            "sent": " ",
            "action": "A",
            "binCode": "",
            "messagePsg": ""
        },
        {
            "lineNumber": "24",
            "folio": "  19705981",
            "itemCategory": " 1",
            "type": "03",
            "startDate": "20241115",
            "endDate": "20241203",
            "itemSku": "   7506267915666",
            "category": "",
            "providerType": "0",
            "requiredQuantity": "001.000",
            "discount": "00007.030",
            "discountType": " ",
            "optative": " ",
            "description": "RYC B11 $7.00                           ",
            "itemSubcategory": "",
            "itemSegment": "",
            "itemSubsegment": "",
            "durationCode": "1000023591111111",
            "grouper": "000.000",
            "percent": "000.00",
            "optativeOne": " ",
            "sent": " ",
            "action": "A",
            "binCode": "",
            "messagePsg": ""
        },
        {
            "lineNumber": "25",
            "folio": "  19705981",
            "itemCategory": " 1",
            "type": "03",
            "startDate": "20241115",
            "endDate": "20241203",
            "itemSku": "   7500435230520",
            "category": "",
            "providerType": "0",
            "requiredQuantity": "001.000",
            "discount": "00007.030",
            "discountType": " ",
            "optative": " ",
            "description": "RYC B11 $7.00                           ",
            "itemSubcategory": "",
            "itemSegment": "",
            "itemSubsegment": "",
            "durationCode": "1000023591111111",
            "grouper": "000.000",
            "percent": "000.00",
            "optativeOne": " ",
            "sent": " ",
            "action": "A",
            "binCode": "",
            "messagePsg": ""
        },
        {
            "lineNumber": "26",
            "folio": "  19705982",
            "itemCategory": " 1",
            "type": "03",
            "startDate": "20241115",
            "endDate": "20241203",
            "itemSku": "   7501000140855",
            "category": "",
            "providerType": "0",
            "requiredQuantity": "001.000",
            "discount": "00010.020",
            "discountType": " ",
            "optative": " ",
            "description": "RYC B11 $10.00                          ",
            "itemSubcategory": "",
            "itemSegment": "",
            "itemSubsegment": "",
            "durationCode": "1000023591111111",
            "grouper": "000.000",
            "percent": "000.00",
            "optativeOne": " ",
            "sent": " ",
            "action": "A",
            "binCode": "",
            "messagePsg": ""
        },
        {
            "lineNumber": "27",
            "folio": "  19705982",
            "itemCategory": " 1",
            "type": "03",
            "startDate": "20241115",
            "endDate": "20241203",
            "itemSku": "    735257013007",
            "category": "",
            "providerType": "0",
            "requiredQuantity": "001.000",
            "discount": "00010.020",
            "discountType": " ",
            "optative": " ",
            "description": "RYC B11 $10.00                          ",
            "itemSubcategory": "",
            "itemSegment": "",
            "itemSubsegment": "",
            "durationCode": "1000023591111111",
            "grouper": "000.000",
            "percent": "000.00",
            "optativeOne": " ",
            "sent": " ",
            "action": "A",
            "binCode": "",
            "messagePsg": ""
        },
        {
            "lineNumber": "28",
            "folio": "  19705982",
            "itemCategory": " 1",
            "type": "03",
            "startDate": "20241115",
            "endDate": "20241203",
            "itemSku": "   7506205807589",
            "category": "",
            "providerType": "0",
            "requiredQuantity": "001.000",
            "discount": "00010.020",
            "discountType": " ",
            "optative": " ",
            "description": "RYC B11 $10.00                          ",
            "itemSubcategory": "",
            "itemSegment": "",
            "itemSubsegment": "",
            "durationCode": "1000023591111111",
            "grouper": "000.000",
            "percent": "000.00",
            "optativeOne": " ",
            "sent": " ",
            "action": "A",
            "binCode": "",
            "messagePsg": ""
        },
        {
            "lineNumber": "29",
            "folio": "  19705982",
            "itemCategory": " 1",
            "type": "03",
            "startDate": "20241115",
            "endDate": "20241203",
            "itemSku": "   7506174512200",
            "category": "",
            "providerType": "0",
            "requiredQuantity": "001.000",
            "discount": "00010.020",
            "discountType": " ",
            "optative": " ",
            "description": "RYC B11 $10.00                          ",
            "itemSubcategory": "",
            "itemSegment": "",
            "itemSubsegment": "",
            "durationCode": "1000023591111111",
            "grouper": "000.000",
            "percent": "000.00",
            "optativeOne": " ",
            "sent": " ",
            "action": "A",
            "binCode": "",
            "messagePsg": ""
        },
        {
            "lineNumber": "30",
            "folio": "  19705982",
            "itemCategory": " 1",
            "type": "03",
            "startDate": "20241115",
            "endDate": "20241203",
            "itemSku": "   7502271159591",
            "category": "",
            "providerType": "0",
            "requiredQuantity": "001.000",
            "discount": "00010.020",
            "discountType": " ",
            "optative": " ",
            "description": "RYC B11 $10.00                          ",
            "itemSubcategory": "",
            "itemSegment": "",
            "itemSubsegment": "",
            "durationCode": "1000023591111111",
            "grouper": "000.000",
            "percent": "000.00",
            "optativeOne": " ",
            "sent": " ",
            "action": "A",
            "binCode": "",
            "messagePsg": ""
        },
        {
            "lineNumber": "31",
            "folio": "  19705982",
            "itemCategory": " 1",
            "type": "03",
            "startDate": "20241115",
            "endDate": "20241203",
            "itemSku": "   7501005110723",
            "category": "",
            "providerType": "0",
            "requiredQuantity": "001.000",
            "discount": "00010.020",
            "discountType": " ",
            "optative": " ",
            "description": "RYC B11 $10.00                          ",
            "itemSubcategory": "",
            "itemSegment": "",
            "itemSubsegment": "",
            "durationCode": "1000023591111111",
            "grouper": "000.000",
            "percent": "000.00",
            "optativeOne": " ",
            "sent": " ",
            "action": "A",
            "binCode": "",
            "messagePsg": ""
        },
        {
            "lineNumber": "32",
            "folio": "  19705982",
            "itemCategory": " 1",
            "type": "03",
            "startDate": "20241115",
            "endDate": "20241203",
            "itemSku": "   7502271158471",
            "category": "",
            "providerType": "0",
            "requiredQuantity": "001.000",
            "discount": "00010.020",
            "discountType": " ",
            "optative": " ",
            "description": "RYC B11 $10.00                          ",
            "itemSubcategory": "",
            "itemSegment": "",
            "itemSubsegment": "",
            "durationCode": "1000023591111111",
            "grouper": "000.000",
            "percent": "000.00",
            "optativeOne": " ",
            "sent": " ",
            "action": "A",
            "binCode": "",
            "messagePsg": ""
        },
        {
            "lineNumber": "33",
            "folio": "  19705982",
            "itemCategory": " 1",
            "type": "03",
            "startDate": "20241115",
            "endDate": "20241203",
            "itemSku": "   7502271158150",
            "category": "",
            "providerType": "0",
            "requiredQuantity": "001.000",
            "discount": "00010.020",
            "discountType": " ",
            "optative": " ",
            "description": "RYC B11 $10.00                          ",
            "itemSubcategory": "",
            "itemSegment": "",
            "itemSubsegment": "",
            "durationCode": "1000023591111111",
            "grouper": "000.000",
            "percent": "000.00",
            "optativeOne": " ",
            "sent": " ",
            "action": "A",
            "binCode": "",
            "messagePsg": ""
        },
        {
            "lineNumber": "34",
            "folio": "  19705982",
            "itemCategory": " 1",
            "type": "03",
            "startDate": "20241115",
            "endDate": "20241203",
            "itemSku": "   7502265072011",
            "category": "",
            "providerType": "0",
            "requiredQuantity": "001.000",
            "discount": "00010.020",
            "discountType": " ",
            "optative": " ",
            "description": "RYC B11 $10.00                          ",
            "itemSubcategory": "",
            "itemSegment": "",
            "itemSubsegment": "",
            "durationCode": "1000023591111111",
            "grouper": "000.000",
            "percent": "000.00",
            "optativeOne": " ",
            "sent": " ",
            "action": "A",
            "binCode": "",
            "messagePsg": ""
        },
        {
            "lineNumber": "35",
            "folio": "  19705982",
            "itemCategory": " 1",
            "type": "03",
            "startDate": "20241115",
            "endDate": "20241203",
            "itemSku": "   7501954901922",
            "category": "",
            "providerType": "0",
            "requiredQuantity": "001.000",
            "discount": "00010.020",
            "discountType": " ",
            "optative": " ",
            "description": "RYC B11 $10.00                          ",
            "itemSubcategory": "",
            "itemSegment": "",
            "itemSubsegment": "",
            "durationCode": "1000023591111111",
            "grouper": "000.000",
            "percent": "000.00",
            "optativeOne": " ",
            "sent": " ",
            "action": "A",
            "binCode": "",
            "messagePsg": ""
        },
        {
            "lineNumber": "36",
            "folio": "  19705982",
            "itemCategory": " 1",
            "type": "03",
            "startDate": "20241115",
            "endDate": "20241203",
            "itemSku": "   7501206900697",
            "category": "",
            "providerType": "0",
            "requiredQuantity": "001.000",
            "discount": "00010.020",
            "discountType": " ",
            "optative": " ",
            "description": "RYC B11 $10.00                          ",
            "itemSubcategory": "",
            "itemSegment": "",
            "itemSubsegment": "",
            "durationCode": "1000023591111111",
            "grouper": "000.000",
            "percent": "000.00",
            "optativeOne": " ",
            "sent": " ",
            "action": "A",
            "binCode": "",
            "messagePsg": ""
        },
        {
            "lineNumber": "37",
            "folio": "  19705982",
            "itemCategory": " 1",
            "type": "03",
            "startDate": "20241115",
            "endDate": "20241203",
            "itemSku": "   7501052421391",
            "category": "",
            "providerType": "0",
            "requiredQuantity": "001.000",
            "discount": "00010.020",
            "discountType": " ",
            "optative": " ",
            "description": "RYC B11 $10.00                          ",
            "itemSubcategory": "",
            "itemSegment": "",
            "itemSubsegment": "",
            "durationCode": "1000023591111111",
            "grouper": "000.000",
            "percent": "000.00",
            "optativeOne": " ",
            "sent": " ",
            "action": "A",
            "binCode": "",
            "messagePsg": ""
        },
        {
            "lineNumber": "38",
            "folio": "  19705982",
            "itemCategory": " 1",
            "type": "03",
            "startDate": "20241115",
            "endDate": "20241203",
            "itemSku": "   7501045402826",
            "category": "",
            "providerType": "0",
            "requiredQuantity": "001.000",
            "discount": "00010.020",
            "discountType": " ",
            "optative": " ",
            "description": "RYC B11 $10.00                          ",
            "itemSubcategory": "",
            "itemSegment": "",
            "itemSubsegment": "",
            "durationCode": "1000023591111111",
            "grouper": "000.000",
            "percent": "000.00",
            "optativeOne": " ",
            "sent": " ",
            "action": "A",
            "binCode": "",
            "messagePsg": ""
        },
        {
            "lineNumber": "39",
            "folio": "  19705982",
            "itemCategory": " 1",
            "type": "03",
            "startDate": "20241115",
            "endDate": "20241203",
            "itemSku": "   7501024513314",
            "category": "",
            "providerType": "0",
            "requiredQuantity": "001.000",
            "discount": "00010.020",
            "discountType": " ",
            "optative": " ",
            "description": "RYC B11 $10.00                          ",
            "itemSubcategory": "",
            "itemSegment": "",
            "itemSubsegment": "",
            "durationCode": "1000023591111111",
            "grouper": "000.000",
            "percent": "000.00",
            "optativeOne": " ",
            "sent": " ",
            "action": "A",
            "binCode": "",
            "messagePsg": ""
        },
        {
            "lineNumber": "40",
            "folio": "  19705983",
            "itemCategory": " 1",
            "type": "03",
            "startDate": "20241115",
            "endDate": "20241203",
            "itemSku": "   7503000437300",
            "category": "",
            "providerType": "0",
            "requiredQuantity": "001.000",
            "discount": "00015.020",
            "discountType": " ",
            "optative": " ",
            "description": "RYC B11 $15.00                          ",
            "itemSubcategory": "",
            "itemSegment": "",
            "itemSubsegment": "",
            "durationCode": "1000023591111111",
            "grouper": "000.000",
            "percent": "000.00",
            "optativeOne": " ",
            "sent": " ",
            "action": "A",
            "binCode": "",
            "messagePsg": ""
        },
        {
            "lineNumber": "41",
            "folio": "  19705983",
            "itemCategory": " 1",
            "type": "03",
            "startDate": "20241115",
            "endDate": "20241203",
            "itemSku": "   7502265070956",
            "category": "",
            "providerType": "0",
            "requiredQuantity": "001.000",
            "discount": "00015.020",
            "discountType": " ",
            "optative": " ",
            "description": "RYC B11 $15.00                          ",
            "itemSubcategory": "",
            "itemSegment": "",
            "itemSubsegment": "",
            "durationCode": "1000023591111111",
            "grouper": "000.000",
            "percent": "000.00",
            "optativeOne": " ",
            "sent": " ",
            "action": "A",
            "binCode": "",
            "messagePsg": ""
        },
        {
            "lineNumber": "42",
            "folio": "  19705983",
            "itemCategory": " 1",
            "type": "03",
            "startDate": "20241115",
            "endDate": "20241203",
            "itemSku": "   7502233118741",
            "category": "",
            "providerType": "0",
            "requiredQuantity": "001.000",
            "discount": "00015.020",
            "discountType": " ",
            "optative": " ",
            "description": "RYC B11 $15.00                          ",
            "itemSubcategory": "",
            "itemSegment": "",
            "itemSubsegment": "",
            "durationCode": "1000023591111111",
            "grouper": "000.000",
            "percent": "000.00",
            "optativeOne": " ",
            "sent": " ",
            "action": "A",
            "binCode": "",
            "messagePsg": ""
        },
        {
            "lineNumber": "43",
            "folio": "  19705983",
            "itemCategory": " 1",
            "type": "03",
            "startDate": "20241115",
            "endDate": "20241203",
            "itemSku": "   7501125104275",
            "category": "",
            "providerType": "0",
            "requiredQuantity": "001.000",
            "discount": "00015.020",
            "discountType": " ",
            "optative": " ",
            "description": "RYC B11 $15.00                          ",
            "itemSubcategory": "",
            "itemSegment": "",
            "itemSubsegment": "",
            "durationCode": "1000023591111111",
            "grouper": "000.000",
            "percent": "000.00",
            "optativeOne": " ",
            "sent": " ",
            "action": "A",
            "binCode": "",
            "messagePsg": ""
        },
        {
            "lineNumber": "44",
            "folio": "  19705983",
            "itemCategory": " 1",
            "type": "03",
            "startDate": "20241115",
            "endDate": "20241203",
            "itemSku": "   7503030196253",
            "category": "",
            "providerType": "0",
            "requiredQuantity": "001.000",
            "discount": "00015.010",
            "discountType": " ",
            "optative": " ",
            "description": "RYC B11 $15.00                          ",
            "itemSubcategory": "",
            "itemSegment": "",
            "itemSubsegment": "",
            "durationCode": "1000023591111111",
            "grouper": "000.000",
            "percent": "000.00",
            "optativeOne": " ",
            "sent": " ",
            "action": "A",
            "binCode": "",
            "messagePsg": ""
        },
        {
            "lineNumber": "45",
            "folio": "  19705983",
            "itemCategory": " 1",
            "type": "03",
            "startDate": "20241115",
            "endDate": "20241203",
            "itemSku": "   7503035393459",
            "category": "",
            "providerType": "0",
            "requiredQuantity": "001.000",
            "discount": "00015.030",
            "discountType": " ",
            "optative": " ",
            "description": "RYC B11 $15.00                          ",
            "itemSubcategory": "",
            "itemSegment": "",
            "itemSubsegment": "",
            "durationCode": "1000023591111111",
            "grouper": "000.000",
            "percent": "000.00",
            "optativeOne": " ",
            "sent": " ",
            "action": "A",
            "binCode": "",
            "messagePsg": ""
        },
        {
            "lineNumber": "46",
            "folio": "  19705984",
            "itemCategory": " 1",
            "type": "03",
            "startDate": "20241115",
            "endDate": "20241203",
            "itemSku": "   7501518492460",
            "category": "",
            "providerType": "0",
            "requiredQuantity": "001.000",
            "discount": "00020.010",
            "discountType": " ",
            "optative": " ",
            "description": "RYC B11 $20.00                          ",
            "itemSubcategory": "",
            "itemSegment": "",
            "itemSubsegment": "",
            "durationCode": "1000023591111111",
            "grouper": "000.000",
            "percent": "000.00",
            "optativeOne": " ",
            "sent": " ",
            "action": "A",
            "binCode": "",
            "messagePsg": ""
        },
        {
            "lineNumber": "47",
            "folio": "  19705984",
            "itemCategory": " 1",
            "type": "03",
            "startDate": "20241115",
            "endDate": "20241203",
            "itemSku": "   7501055303885",
            "category": "",
            "providerType": "0",
            "requiredQuantity": "001.000",
            "discount": "00020.010",
            "discountType": " ",
            "optative": " ",
            "description": "RYC B11 $20.00                          ",
            "itemSubcategory": "",
            "itemSegment": "",
            "itemSubsegment": "",
            "durationCode": "1000023591111111",
            "grouper": "000.000",
            "percent": "000.00",
            "optativeOne": " ",
            "sent": " ",
            "action": "A",
            "binCode": "",
            "messagePsg": ""
        },
        {
            "lineNumber": "48",
            "folio": "  19705984",
            "itemCategory": " 1",
            "type": "03",
            "startDate": "20241115",
            "endDate": "20241203",
            "itemSku": "   7501020562163",
            "category": "",
            "providerType": "0",
            "requiredQuantity": "001.000",
            "discount": "00020.020",
            "discountType": " ",
            "optative": " ",
            "description": "RYC B11 $20.00                          ",
            "itemSubcategory": "",
            "itemSegment": "",
            "itemSubsegment": "",
            "durationCode": "1000023591111111",
            "grouper": "000.000",
            "percent": "000.00",
            "optativeOne": " ",
            "sent": " ",
            "action": "A",
            "binCode": "",
            "messagePsg": ""
        },
        {
            "lineNumber": "49",
            "folio": "  19705984",
            "itemCategory": " 1",
            "type": "03",
            "startDate": "20241115",
            "endDate": "20241203",
            "itemSku": "    744607696012",
            "category": "",
            "providerType": "0",
            "requiredQuantity": "001.000",
            "discount": "00020.010",
            "discountType": " ",
            "optative": " ",
            "description": "RYC B11 $20.00                          ",
            "itemSubcategory": "",
            "itemSegment": "",
            "itemSubsegment": "",
            "durationCode": "1000023591111111",
            "grouper": "000.000",
            "percent": "000.00",
            "optativeOne": " ",
            "sent": " ",
            "action": "A",
            "binCode": "",
            "messagePsg": ""
        },
        {
            "lineNumber": "50",
            "folio": "  19705984",
            "itemCategory": " 1",
            "type": "03",
            "startDate": "20241115",
            "endDate": "20241203",
            "itemSku": "   7501736804700",
            "category": "",
            "providerType": "0",
            "requiredQuantity": "001.000",
            "discount": "00020.020",
            "discountType": " ",
            "optative": " ",
            "description": "RYC B11 $20.00                          ",
            "itemSubcategory": "",
            "itemSegment": "",
            "itemSubsegment": "",
            "durationCode": "1000023591111111",
            "grouper": "000.000",
            "percent": "000.00",
            "optativeOne": " ",
            "sent": " ",
            "action": "A",
            "binCode": "",
            "messagePsg": ""
        },
        {
            "lineNumber": "51",
            "folio": "  19705984",
            "itemCategory": " 1",
            "type": "03",
            "startDate": "20241115",
            "endDate": "20241203",
            "itemSku": "   8710449948529",
            "category": "",
            "providerType": "0",
            "requiredQuantity": "001.000",
            "discount": "00020.020",
            "discountType": " ",
            "optative": " ",
            "description": "RYC B11 $20.00                          ",
            "itemSubcategory": "",
            "itemSegment": "",
            "itemSubsegment": "",
            "durationCode": "1000023591111111",
            "grouper": "000.000",
            "percent": "000.00",
            "optativeOne": " ",
            "sent": " ",
            "action": "A",
            "binCode": "",
            "messagePsg": ""
        },
        {
            "lineNumber": "52",
            "folio": "  19705984",
            "itemCategory": " 1",
            "type": "03",
            "startDate": "20241115",
            "endDate": "20241203",
            "itemSku": "   7509546682839",
            "category": "",
            "providerType": "0",
            "requiredQuantity": "001.000",
            "discount": "00020.020",
            "discountType": " ",
            "optative": " ",
            "description": "RYC B11 $20.00                          ",
            "itemSubcategory": "",
            "itemSegment": "",
            "itemSubsegment": "",
            "durationCode": "1000023591111111",
            "grouper": "000.000",
            "percent": "000.00",
            "optativeOne": " ",
            "sent": " ",
            "action": "A",
            "binCode": "",
            "messagePsg": ""
        },
        {
            "lineNumber": "53",
            "folio": "  19705984",
            "itemCategory": " 1",
            "type": "03",
            "startDate": "20241115",
            "endDate": "20241203",
            "itemSku": "   7506306415973",
            "category": "",
            "providerType": "0",
            "requiredQuantity": "001.000",
            "discount": "00020.020",
            "discountType": " ",
            "optative": " ",
            "description": "RYC B11 $20.00                          ",
            "itemSubcategory": "",
            "itemSegment": "",
            "itemSubsegment": "",
            "durationCode": "1000023591111111",
            "grouper": "000.000",
            "percent": "000.00",
            "optativeOne": " ",
            "sent": " ",
            "action": "A",
            "binCode": "",
            "messagePsg": ""
        },
        {
            "lineNumber": "54",
            "folio": "  19705985",
            "itemCategory": " 1",
            "type": "03",
            "startDate": "20241115",
            "endDate": "20241203",
            "itemSku": "   7506475110662",
            "category": "",
            "providerType": "0",
            "requiredQuantity": "001.000",
            "discount": "00025.030",
            "discountType": " ",
            "optative": " ",
            "description": "RYC B11 $25.00                          ",
            "itemSubcategory": "",
            "itemSegment": "",
            "itemSubsegment": "",
            "durationCode": "1000023591111111",
            "grouper": "000.000",
            "percent": "000.00",
            "optativeOne": " ",
            "sent": " ",
            "action": "A",
            "binCode": "",
            "messagePsg": ""
        },
        {
            "lineNumber": "55",
            "folio": "  19705985",
            "itemCategory": " 1",
            "type": "03",
            "startDate": "20241115",
            "endDate": "20241203",
            "itemSku": "   7501008071113",
            "category": "",
            "providerType": "0",
            "requiredQuantity": "001.000",
            "discount": "00025.010",
            "discountType": " ",
            "optative": " ",
            "description": "RYC B11 $25.00                          ",
            "itemSubcategory": "",
            "itemSegment": "",
            "itemSubsegment": "",
            "durationCode": "1000023591111111",
            "grouper": "000.000",
            "percent": "000.00",
            "optativeOne": " ",
            "sent": " ",
            "action": "A",
            "binCode": "",
            "messagePsg": ""
        },
        {
            "lineNumber": "56",
            "folio": "  19705985",
            "itemCategory": " 1",
            "type": "03",
            "startDate": "20241115",
            "endDate": "20241203",
            "itemSku": "   7501008070789",
            "category": "",
            "providerType": "0",
            "requiredQuantity": "001.000",
            "discount": "00025.010",
            "discountType": " ",
            "optative": " ",
            "description": "RYC B11 $25.00                          ",
            "itemSubcategory": "",
            "itemSegment": "",
            "itemSubsegment": "",
            "durationCode": "1000023591111111",
            "grouper": "000.000",
            "percent": "000.00",
            "optativeOne": " ",
            "sent": " ",
            "action": "A",
            "binCode": "",
            "messagePsg": ""
        },
        {
            "lineNumber": "57",
            "folio": "  19705985",
            "itemCategory": " 1",
            "type": "03",
            "startDate": "20241115",
            "endDate": "20241203",
            "itemSku": "   7501000111206",
            "category": "",
            "providerType": "0",
            "requiredQuantity": "001.000",
            "discount": "00025.020",
            "discountType": " ",
            "optative": " ",
            "description": "RYC B11 $25.00                          ",
            "itemSubcategory": "",
            "itemSegment": "",
            "itemSubsegment": "",
            "durationCode": "1000023591111111",
            "grouper": "000.000",
            "percent": "000.00",
            "optativeOne": " ",
            "sent": " ",
            "action": "A",
            "binCode": "",
            "messagePsg": ""
        },
        {
            "lineNumber": "58",
            "folio": "  19705985",
            "itemCategory": " 1",
            "type": "03",
            "startDate": "20241115",
            "endDate": "20241203",
            "itemSku": "   7508304660621",
            "category": "",
            "providerType": "0",
            "requiredQuantity": "001.000",
            "discount": "00025.020",
            "discountType": " ",
            "optative": " ",
            "description": "RYC B11 $25.00                          ",
            "itemSubcategory": "",
            "itemSegment": "",
            "itemSubsegment": "",
            "durationCode": "1000023591111111",
            "grouper": "000.000",
            "percent": "000.00",
            "optativeOne": " ",
            "sent": " ",
            "action": "A",
            "binCode": "",
            "messagePsg": ""
        },
        {
            "lineNumber": "59",
            "folio": "  19705985",
            "itemCategory": " 1",
            "type": "03",
            "startDate": "20241115",
            "endDate": "20241203",
            "itemSku": "   7500326927911",
            "category": "",
            "providerType": "0",
            "requiredQuantity": "001.000",
            "discount": "00025.010",
            "discountType": " ",
            "optative": " ",
            "description": "RYC B11 $25.00                          ",
            "itemSubcategory": "",
            "itemSegment": "",
            "itemSubsegment": "",
            "durationCode": "1000023591111111",
            "grouper": "000.000",
            "percent": "000.00",
            "optativeOne": " ",
            "sent": " ",
            "action": "A",
            "binCode": "",
            "messagePsg": ""
        },
        {
            "lineNumber": "60",
            "folio": "  19705985",
            "itemCategory": " 1",
            "type": "03",
            "startDate": "20241115",
            "endDate": "20241203",
            "itemSku": "   7500326927928",
            "category": "",
            "providerType": "0",
            "requiredQuantity": "001.000",
            "discount": "00025.010",
            "discountType": " ",
            "optative": " ",
            "description": "RYC B11 $25.00                          ",
            "itemSubcategory": "",
            "itemSegment": "",
            "itemSubsegment": "",
            "durationCode": "1000023591111111",
            "grouper": "000.000",
            "percent": "000.00",
            "optativeOne": " ",
            "sent": " ",
            "action": "A",
            "binCode": "",
            "messagePsg": ""
        },
        {
            "lineNumber": "61",
            "folio": "  19705985",
            "itemCategory": " 1",
            "type": "03",
            "startDate": "20241115",
            "endDate": "20241203",
            "itemSku": "   7508304660638",
            "category": "",
            "providerType": "0",
            "requiredQuantity": "001.000",
            "discount": "00025.020",
            "discountType": " ",
            "optative": " ",
            "description": "RYC B11 $25.00                          ",
            "itemSubcategory": "",
            "itemSegment": "",
            "itemSubsegment": "",
            "durationCode": "1000023591111111",
            "grouper": "000.000",
            "percent": "000.00",
            "optativeOne": " ",
            "sent": " ",
            "action": "A",
            "binCode": "",
            "messagePsg": ""
        }
    ]
}