{
    "organizationCountry": "MX",
    "organizationName": "FEMSA Comercio",
    "businessName": "OXXO",
    "departmentId": "12NEO",
    "storeId": "52RSW",
    "numberOfRecords": "4",
    "searchId": "000000000000000000000000",
    "searchDate": "2024-10-29 20:49:36",
    "promotions": [
        {
            "lineNumber": "1",
            "folio": "  19705341",
            "itemCategory": " 1",
            "type": "00",
            "startDate": "20241030",
            "endDate": "20241203",
            "itemSku": "   7502294220926",
            "category": "",
            "providerType": "0",
            "requiredQuantity": "002.000",
            "discount": "00015.000",
            "discountType": "F",
            "optative": "1",
            "description": "PB Sandwich Bonamark 80 g 2x$15.00      ",
            "itemSubcategory": "    ",
            "itemSegment": "    ",
            "itemSubsegment": "    ",
            "durationCode": "1000023591111111",
            "grouper": "001.000",
            "percent": "000.00",
            "optativeOne": " ",
            "sent": " ",
            "action": "A",
            "binCode": "",
            "messagePsg": ""
        },
        {
            "lineNumber": "2",
            "folio": "  19705341",
            "itemCategory": " 1",
            "type": "00",
            "startDate": "20241030",
            "endDate": "20241203",
            "itemSku": "   7502294220919",
            "category": "",
            "providerType": "0",
            "requiredQuantity": "002.000",
            "discount": "00015.000",
            "discountType": "F",
            "optative": "1",
            "description": "PB Sandwich Bonamark 80 g 2x$15.00      ",
            "itemSubcategory": "    ",
            "itemSegment": "    ",
            "itemSubsegment": "    ",
            "durationCode": "1000023591111111",
            "grouper": "001.000",
            "percent": "000.00",
            "optativeOne": " ",
            "sent": " ",
            "action": "A",
            "binCode": "",
            "messagePsg": ""
        },
        {
            "lineNumber": "3",
            "folio": "  19705342",
            "itemCategory": " 1",
            "type": "00",
            "startDate": "20241030",
            "endDate": "20241203",
            "itemSku": "        75061685",
            "category": "",
            "providerType": "0",
            "requiredQuantity": "006.000",
            "discount": "00037.000",
            "discountType": "F",
            "optative": "1",
            "description": "PB Variedad Bonafont kids 300ml 6x$37   ",
            "itemSubcategory": "    ",
            "itemSegment": "    ",
            "itemSubsegment": "    ",
            "durationCode": "1000023591111111",
            "grouper": "001.000",
            "percent": "000.00",
            "optativeOne": " ",
            "sent": " ",
            "action": "A",
            "binCode": "",
            "messagePsg": ""
        },
        {
            "lineNumber": "4",
            "folio": "  19705342",
            "itemCategory": " 1",
            "type": "00",
            "startDate": "20241030",
            "endDate": "20241203",
            "itemSku": "        75061678",
            "category": "",
            "providerType": "0",
            "requiredQuantity": "006.000",
            "discount": "00037.000",
            "discountType": "F",
            "optative": "1",
            "description": "PB Variedad Bonafont kids 300ml 6x$37   ",
            "itemSubcategory": "    ",
            "itemSegment": "    ",
            "itemSubsegment": "    ",
            "durationCode": "1000023591111111",
            "grouper": "001.000",
            "percent": "000.00",
            "optativeOne": " ",
            "sent": " ",
            "action": "A",
            "binCode": "",
            "messagePsg": ""
        }
    ]
}