{
    "organizationCountry": "MX",
    "organizationName": "FEMSA Comercio",
    "businessName": "OXXO",
    "departmentId": "12NEO",
    "storeId": "52RSW",
    "numberOfRecords": "18",
    "searchId": "000000000000000000000000",
    "searchDate": "2024-11-13 18:11:38",
    "promotions": [
        {
            "lineNumber": "1",
            "folio": "  19705918",
            "itemCategory": " 1",
            "type": "00",
            "startDate": "20241113",
            "endDate": "20241203",
            "itemSku": "   7502271157191",
            "category": "",
            "providerType": "0",
            "requiredQuantity": "001.000",
            "discount": "00024.000",
            "discountType": "F",
            "optative": "1",
            "description": "DESPENSA MP BARA                        ",
            "itemSubcategory": "    ",
            "itemSegment": "    ",
            "itemSubsegment": "    ",
            "durationCode": "1000023591111111",
            "grouper": "009.000",
            "percent": "000.00",
            "optativeOne": " ",
            "sent": " ",
            "action": "A",
            "binCode": "",
            "messagePsg": ""
        },
        {
            "lineNumber": "2",
            "folio": "  19705918",
            "itemCategory": " 1",
            "type": "00",
            "startDate": "20241113",
            "endDate": "20241203",
            "itemSku": "   7502294221015",
            "category": "",
            "providerType": "0",
            "requiredQuantity": "001.000",
            "discount": "00020.000",
            "discountType": "F",
            "optative": "2",
            "description": "DESPENSA MP BARA                        ",
            "itemSubcategory": "    ",
            "itemSegment": "    ",
            "itemSubsegment": "    ",
            "durationCode": "1000023591111111",
            "grouper": "009.000",
            "percent": "000.00",
            "optativeOne": " ",
            "sent": " ",
            "action": "A",
            "binCode": "",
            "messagePsg": ""
        },
        {
            "lineNumber": "3",
            "folio": "  19705918",
            "itemCategory": " 1",
            "type": "00",
            "startDate": "20241113",
            "endDate": "20241203",
            "itemSku": "   7502271157245",
            "category": "",
            "providerType": "0",
            "requiredQuantity": "001.000",
            "discount": "00014.000",
            "discountType": "F",
            "optative": "3",
            "description": "DESPENSA MP BARA                        ",
            "itemSubcategory": "    ",
            "itemSegment": "    ",
            "itemSubsegment": "    ",
            "durationCode": "1000023591111111",
            "grouper": "009.000",
            "percent": "000.00",
            "optativeOne": " ",
            "sent": " ",
            "action": "A",
            "binCode": "",
            "messagePsg": ""
        },
        {
            "lineNumber": "4",
            "folio": "  19705918",
            "itemCategory": " 1",
            "type": "00",
            "startDate": "20241113",
            "endDate": "20241203",
            "itemSku": "   7502271159881",
            "category": "",
            "providerType": "0",
            "requiredQuantity": "001.000",
            "discount": "00010.000",
            "discountType": "F",
            "optative": "4",
            "description": "DESPENSA MP BARA                        ",
            "itemSubcategory": "    ",
            "itemSegment": "    ",
            "itemSubsegment": "    ",
            "durationCode": "1000023591111111",
            "grouper": "009.000",
            "percent": "000.00",
            "optativeOne": " ",
            "sent": " ",
            "action": "A",
            "binCode": "",
            "messagePsg": ""
        },
        {
            "lineNumber": "5",
            "folio": "  19705918",
            "itemCategory": " 1",
            "type": "00",
            "startDate": "20241113",
            "endDate": "20241203",
            "itemSku": "   7502294225358",
            "category": "",
            "providerType": "0",
            "requiredQuantity": "001.000",
            "discount": "00010.500",
            "discountType": "F",
            "optative": "5",
            "description": "DESPENSA MP BARA                        ",
            "itemSubcategory": "    ",
            "itemSegment": "    ",
            "itemSubsegment": "    ",
            "durationCode": "1000023591111111",
            "grouper": "009.000",
            "percent": "000.00",
            "optativeOne": " ",
            "sent": " ",
            "action": "A",
            "binCode": "",
            "messagePsg": ""
        },
        {
            "lineNumber": "6",
            "folio": "  19705918",
            "itemCategory": " 1",
            "type": "00",
            "startDate": "20241113",
            "endDate": "20241203",
            "itemSku": "   7502294224979",
            "category": "",
            "providerType": "0",
            "requiredQuantity": "001.000",
            "discount": "00014.000",
            "discountType": "F",
            "optative": "6",
            "description": "DESPENSA MP BARA                        ",
            "itemSubcategory": "    ",
            "itemSegment": "    ",
            "itemSubsegment": "    ",
            "durationCode": "1000023591111111",
            "grouper": "009.000",
            "percent": "000.00",
            "optativeOne": " ",
            "sent": " ",
            "action": "A",
            "binCode": "",
            "messagePsg": ""
        },
        {
            "lineNumber": "7",
            "folio": "  19705918",
            "itemCategory": " 1",
            "type": "00",
            "startDate": "20241113",
            "endDate": "20241203",
            "itemSku": "   7502294224436",
            "category": "",
            "providerType": "0",
            "requiredQuantity": "001.000",
            "discount": "00011.500",
            "discountType": "F",
            "optative": "7",
            "description": "DESPENSA MP BARA                        ",
            "itemSubcategory": "    ",
            "itemSegment": "    ",
            "itemSubsegment": "    ",
            "durationCode": "1000023591111111",
            "grouper": "009.000",
            "percent": "000.00",
            "optativeOne": " ",
            "sent": " ",
            "action": "A",
            "binCode": "",
            "messagePsg": ""
        },
        {
            "lineNumber": "8",
            "folio": "  19705918",
            "itemCategory": " 1",
            "type": "00",
            "startDate": "20241113",
            "endDate": "20241203",
            "itemSku": "   7502271157238",
            "category": "",
            "providerType": "0",
            "requiredQuantity": "001.000",
            "discount": "00018.000",
            "discountType": "F",
            "optative": "8",
            "description": "DESPENSA MP BARA                        ",
            "itemSubcategory": "    ",
            "itemSegment": "    ",
            "itemSubsegment": "    ",
            "durationCode": "1000023591111111",
            "grouper": "009.000",
            "percent": "000.00",
            "optativeOne": " ",
            "sent": " ",
            "action": "A",
            "binCode": "",
            "messagePsg": ""
        },
        {
            "lineNumber": "9",
            "folio": "  19705918",
            "itemCategory": " 1",
            "type": "00",
            "startDate": "20241113",
            "endDate": "20241203",
            "itemSku": "   7502294220681",
            "category": "",
            "providerType": "0",
            "requiredQuantity": "001.000",
            "discount": "00014.000",
            "discountType": "F",
            "optative": "9",
            "description": "DESPENSA MP BARA                        ",
            "itemSubcategory": "    ",
            "itemSegment": "    ",
            "itemSubsegment": "    ",
            "durationCode": "1000023591111111",
            "grouper": "009.000",
            "percent": "000.00",
            "optativeOne": " ",
            "sent": " ",
            "action": "A",
            "binCode": "",
            "messagePsg": ""
        },
        {
            "lineNumber": "10",
            "folio": "  19705919",
            "itemCategory": " 1",
            "type": "02",
            "startDate": "20241113",
            "endDate": "20241203",
            "itemSku": "   7502271156811",
            "category": "",
            "providerType": "0",
            "requiredQuantity": "001.000",
            "discount": "00016.000",
            "discountType": "F",
            "optative": "1",
            "description": "DESPENSA MP BARA 1                      ",
            "itemSubcategory": "    ",
            "itemSegment": "    ",
            "itemSubsegment": "    ",
            "durationCode": "1000023591111111",
            "grouper": "009.000",
            "percent": "000.00",
            "optativeOne": " ",
            "sent": " ",
            "action": "A",
            "binCode": "",
            "messagePsg": ""
        },
        {
            "lineNumber": "11",
            "folio": "  19705919",
            "itemCategory": " 1",
            "type": "00",
            "startDate": "20241113",
            "endDate": "20241203",
            "itemSku": "   7502294222609",
            "category": "",
            "providerType": "0",
            "requiredQuantity": "001.000",
            "discount": "00017.000",
            "discountType": "F",
            "optative": "1",
            "description": "DESPENSA MP BARA 1                      ",
            "itemSubcategory": "    ",
            "itemSegment": "    ",
            "itemSubsegment": "    ",
            "durationCode": "1000023591111111",
            "grouper": "009.000",
            "percent": "000.00",
            "optativeOne": " ",
            "sent": " ",
            "action": "A",
            "binCode": "",
            "messagePsg": ""
        },
        {
            "lineNumber": "12",
            "folio": "  19705919",
            "itemCategory": " 1",
            "type": "00",
            "startDate": "20241113",
            "endDate": "20241203",
            "itemSku": "   7502294221787",
            "category": "",
            "providerType": "0",
            "requiredQuantity": "001.000",
            "discount": "00016.500",
            "discountType": "F",
            "optative": "2",
            "description": "DESPENSA MP BARA 1                      ",
            "itemSubcategory": "    ",
            "itemSegment": "    ",
            "itemSubsegment": "    ",
            "durationCode": "1000023591111111",
            "grouper": "009.000",
            "percent": "000.00",
            "optativeOne": " ",
            "sent": " ",
            "action": "A",
            "binCode": "",
            "messagePsg": ""
        },
        {
            "lineNumber": "13",
            "folio": "  19705919",
            "itemCategory": " 1",
            "type": "00",
            "startDate": "20241113",
            "endDate": "20241203",
            "itemSku": "   7502294222579",
            "category": "",
            "providerType": "0",
            "requiredQuantity": "001.000",
            "discount": "00016.500",
            "discountType": "F",
            "optative": "3",
            "description": "DESPENSA MP BARA 1                      ",
            "itemSubcategory": "    ",
            "itemSegment": "    ",
            "itemSubsegment": "    ",
            "durationCode": "1000023591111111",
            "grouper": "009.000",
            "percent": "000.00",
            "optativeOne": " ",
            "sent": " ",
            "action": "A",
            "binCode": "",
            "messagePsg": ""
        },
        {
            "lineNumber": "14",
            "folio": "  19705919",
            "itemCategory": " 1",
            "type": "00",
            "startDate": "20241113",
            "endDate": "20241203",
            "itemSku": "   7502271156958",
            "category": "",
            "providerType": "0",
            "requiredQuantity": "001.000",
            "discount": "00012.000",
            "discountType": "F",
            "optative": "5",
            "description": "DESPENSA MP BARA 1                      ",
            "itemSubcategory": "    ",
            "itemSegment": "    ",
            "itemSubsegment": "    ",
            "durationCode": "1000023591111111",
            "grouper": "009.000",
            "percent": "000.00",
            "optativeOne": " ",
            "sent": " ",
            "action": "A",
            "binCode": "",
            "messagePsg": ""
        },
        {
            "lineNumber": "15",
            "folio": "  19705919",
            "itemCategory": " 1",
            "type": "00",
            "startDate": "20241113",
            "endDate": "20241203",
            "itemSku": "   7502271157016",
            "category": "",
            "providerType": "0",
            "requiredQuantity": "001.000",
            "discount": "00019.000",
            "discountType": "F",
            "optative": "6",
            "description": "DESPENSA MP BARA 1                      ",
            "itemSubcategory": "    ",
            "itemSegment": "    ",
            "itemSubsegment": "    ",
            "durationCode": "1000023591111111",
            "grouper": "009.000",
            "percent": "000.00",
            "optativeOne": " ",
            "sent": " ",
            "action": "A",
            "binCode": "",
            "messagePsg": ""
        },
        {
            "lineNumber": "16",
            "folio": "  19705919",
            "itemCategory": " 1",
            "type": "00",
            "startDate": "20241113",
            "endDate": "20241203",
            "itemSku": "   7502294221220",
            "category": "",
            "providerType": "0",
            "requiredQuantity": "001.000",
            "discount": "00019.500",
            "discountType": "F",
            "optative": "7",
            "description": "DESPENSA MP BARA 1                      ",
            "itemSubcategory": "    ",
            "itemSegment": "    ",
            "itemSubsegment": "    ",
            "durationCode": "1000023591111111",
            "grouper": "009.000",
            "percent": "000.00",
            "optativeOne": " ",
            "sent": " ",
            "action": "A",
            "binCode": "",
            "messagePsg": ""
        },
        {
            "lineNumber": "17",
            "folio": "  19705919",
            "itemCategory": " 1",
            "type": "00",
            "startDate": "20241113",
            "endDate": "20241203",
            "itemSku": "   7502294221640",
            "category": "",
            "providerType": "0",
            "requiredQuantity": "001.000",
            "discount": "00034.000",
            "discountType": "F",
            "optative": "8",
            "description": "DESPENSA MP BARA 1                      ",
            "itemSubcategory": "    ",
            "itemSegment": "    ",
            "itemSubsegment": "    ",
            "durationCode": "1000023591111111",
            "grouper": "009.000",
            "percent": "000.00",
            "optativeOne": " ",
            "sent": " ",
            "action": "A",
            "binCode": "",
            "messagePsg": ""
        },
        {
            "lineNumber": "18",
            "folio": "  19705919",
            "itemCategory": " 1",
            "type": "00",
            "startDate": "20241113",
            "endDate": "20241203",
            "itemSku": "   7502294221282",
            "category": "",
            "providerType": "0",
            "requiredQuantity": "001.000",
            "discount": "00017.500",
            "discountType": "F",
            "optative": "9",
            "description": "DESPENSA MP BARA 1                      ",
            "itemSubcategory": "    ",
            "itemSegment": "    ",
            "itemSubsegment": "    ",
            "durationCode": "1000023591111111",
            "grouper": "009.000",
            "percent": "000.00",
            "optativeOne": " ",
            "sent": " ",
            "action": "A",
            "binCode": "",
            "messagePsg": ""
        }
    ]
}